risk_text,category,score,reasoning
"If we are unable to attract merchants to our ecosystem, grow our relationships with our existing merchants, and increase transaction volumes on our platforms, our business, results of operations, financial condition, cash flows and prospects could be materially and adversely affected. Our growth substantially depends on our ability to maintain and grow our relationships with existing merchants and increase the volume of transactions processed on our platforms. We rely on the continuing growth of our merchant relationships and our distribution channels in order to expand our GMV and our operations. We derive revenue primarily from the fees earned from merchants for the payments, commerce and cloud, and financial services we provide through our platforms. Our total merchant base has grown from 11.2 million as of March 31, 2019 to 21.1 million as of March 31, 2021, and our GMV has increased from ₹2,292 billion in FY 2019 to ₹4,033 billion in FY 2021. If we are not able to attract new merchants and retain existing merchants or increase transaction volumes on our platforms, our payment channels may struggle to gain wider acceptance among merchants, which in turn may impede our ability to grow our revenues. The attractiveness of our platforms to merchants and their willingness to partner with us depends upon, among other things: the variety and quality of service and product offerings, payment options offered to consumers, the size of merchant network and degree of consumer penetration; the strength of our brand and reputation; the amount of fees that we charge; our ability to sustain our value proposition to merchants for consumer acquisition by demonstrating higher conversion at checkout; the attractiveness to merchants of our technology and data-driven platform; our competitors’ offerings; and our merchant satisfaction. We may experience attrition of our merchant relationships due to several factors, some of which are outside our control, including business closures, bankruptcy, financial distress, transfers of merchants’ accounts to our competitors, cancellations and account closures that we initiate due to heightened credit risks relating to contract breaches by merchants or a reduction in sales, which could have a material adverse effect on our business, financial condition, cash flows and results of operations. In addition, our growth to date has been partially driven by the growth of our merchants’ businesses and the resulting growth in GMV. Should the rate of growth of our merchants’ business slow or decline, this could have an adverse effect on volumes processed and therefore an adverse effect on our financial condition, cash flows and results of operations. Further, our contracts with our merchants are typically for a limited period, ranging between six months and five years, or valid until terminated, and the terms of such contracts allow these merchants to terminate the contracts without cause by giving notice as per the terms of the agreement. We have no guarantee of income under these agreements or minimum requirements for the use of our products and services. Merchants may seek price reductions when expanding or changing their products and services with us and/or when the merchants’ business experiences significant volume changes. Further, certain merchants may seek to lower prices previously agreed upon to pricing competition, volume increase or other economic needs or pressures faced by the merchant. In addition, some of our merchants often have arrangements with multiple payment service providers, primarily in order to mitigate certain risks, such as downtime, delayed response time or default by a payment service provider, as well as to maximize conversion among payments service providers, and to have a complete array of payment methods available. Therefore, these merchants could shift business away at any given time without necessarily terminating their contracts with us. If our contracts with our merchants are terminated or if these merchants shift business away from us, or if we are unsuccessful in retaining high renewal rates and favorable contract terms, our business, financial condition, cash flows and results of operations could be materially adversely affected. In this connection, having a diversified mix of merchants across industries is important to mitigate risk associated with changing consumer spending behavior, economic conditions and other factors that may affect a particular type of merchant or industry. If we fail to retain any of our larger merchants or a substantial number of our smaller merchants, if we do not acquire new merchants, if we do not increase transaction volumes on our platforms, or if we do not attract and retain a diverse mix of merchants, our business, results of operations, financial condition, cash flows and prospects would be materially and adversely affected.",Financial,4,High (Financial): Specific metrics and financial exposure details provided.
"If we fail to retain our consumers, attract new consumers, expand the volume of transactions from consumers, or if our consumer acquisition costs increase, our business, revenue, profitability and growth may be harmed. Our success depends on our ability to generate repeat use and increased transaction volume from existing consumers and to attract new consumers to our platforms. We generate revenue when consumers use the products and services we offer on our platforms, such as, transact and pay for products and services, make bill payments and recharges and transfer money, among others. If we are not able to continue to grow our consumer base, we will not be able to continue to grow our merchant network or our business. Our ability to retain and grow our consumer base depends on the willingness of consumers to use our platforms, products and services. The attractiveness of our platforms to consumers depends upon, among other things: the number and variety of merchants and the mix of products and services available through our platforms; our brand and reputation; consumer experience and satisfaction; consumer trust and perception of our solutions; technological innovation; and products and services offered by competitors. Our marketing efforts currently include digital and print marketing, sponsorships for sporting events and promotional discounts and offers to our merchants and consumers. While our marketing and promotion expenses as a percentage of our revenue from operations has been decreasing gradually, we may need to introduce new marketing options and our marketing initiatives may become increasingly expensive and generating a meaningful return on these initiatives may be difficult. If we fail to retain our relationship with existing consumers, if we do not attract new consumers to our platforms, or if we do not continually expand transaction volumes from consumers on our platform, our business, results of operations, financial condition, cash flows and prospects would be materially and adversely affected",Financial,3,Moderate (Financial): Real business risk but stated vaguely without specific numbers or metrics.
"We may not be able to maintain and strengthen the network effects of our platform, which could have a material adverse effect on our business, financial condition, results of operations and prospects. Our ecosystem has multiple, unique self-reinforcing flywheels, which drive continuous growth of consumers and merchants on our ecosystem. Our consumers and merchants, interact with each other on our ecosystem to create very strong network effects which drives our growth further. The extent to which we are able to maintain and strengthen these network effects depends on our ability to:  attract and retain consumers and merchants and provide superior satisfactory experience to them;  offer and maintain scalable and efficient platforms;  provide a wide range of high-quality, secure and trustworthy products and services;  maintain a high level of engagement and activity of consumers and merchants on our platforms;  improve the quality of our consumer insights;  consistently innovate and improve the products and services offered on our platforms;  address consumer concerns with respect to data security and privacy in connection with our data processing activities;  increase the effectiveness of businesses and partners engaging with consumers on our platforms;  attract and retain merchants that are able to provide quality products and services on commercially reasonable terms on our platforms; and  continue adapting to the changing demands of the market and consumer behavior and preference. In addition, changes that we implement to our platforms to improve the merchant and consumer experience may not have the intended effect which could adversely impact certain groups of consumers To the extent we are not able to address the needs and demands of any particular participant group, those participants may spend less time, mind-share and resources on our platforms and may conduct fewer transactions or use alternative platforms, any of which could result in a material decrease in the network effects on our platforms and therefore have a material adverse effect on our business, financial condition, cash flows, results of operations and prospects.",Financial,3,Moderate (Financial): Real business risk but stated vaguely without specific numbers or metrics.
"We derive a majority of our revenue from our payment services. Our efforts to expand our service offerings and market reach may not succeed and may impact our revenue and our growth. We derive a majority of our revenue from transaction fees we collect from merchants for our payment services. In FY 2019, FY 2020 and FY 2021, revenue from our payment and financial services accounted for 52.5%, 58.1% and 75.3% of our revenue from operations. Our efforts to expand our payment services depends on among other things, our ability to broaden the scope of the products and services we offer, develop new technologies, enhance the functionality of our products and services and respond to the needs of our merchants and consumers. Our failure to broaden the scope of payments services that are attractive may inhibit the growth our business, as well as increase the vulnerability of our core payments business to competitors. Further, our revenue may also be affected by our service mix. We generate higher fees from the use of certain payment instruments compared to others. For example, we do not charge any fees for certain transactions through Rupay debit cards and UPI to comply with prescribed merchant discount rates. Any unfavourable changes in merchant discount rates could have a material adverse impact on our operations, cash flows and financial condition.",Financial,4,High (Financial): Specific metrics and financial exposure details provided.
"The ongoing COVID-19 pandemic and measures intended to prevent its spread have had, and may continue to have, a material and adverse effect on our business and results of operations. An outbreak of COVID-19 was recognized as a pandemic by the World Health Organization (“WHO”) on March 11, 2020. In response to the COVID-19 outbreak the governments of many countries, including India, had taken and may continue to take preventive or protective actions, such as imposing country-wide lockdowns, restrictions on travel and business operations and advising or requiring individuals to limit their time outside of their homes. Temporary closures of businesses were ordered and numerous other businesses were temporarily closed on a voluntary basis as well. Resurgence of COVID-19 in India in April 2021 led to further lockdowns in various regions of India and businesses are temporarily closed. While lockdowns are being progressively relaxed, the scope, duration, and frequency of such measures and the adverse effects of COVID-19 remain uncertain and could be severe. Lockdowns imposed as a result of the pandemic impacted our operations, in particular our commerce and cloud business. Revenue from our commerce and cloud services decreased by 38.0% to ₹6,932 million in FY 2021 from ₹11,188 million in FY 2020. Our Commerce GMV declined in FY 2021 primarily due to disruptions to our partners in travel, entertainment and e-commerce industries. According to RedSeer, during the FY 2021 the travel industry declined by approximately 55% and movies and events declined by 88% compared to FY 2020 due to the various restrictions imposed as a result of the COVID-19 pandemic. While our revenue from our payments and financial services increased in FY 2021 compared to FY 2020, the pandemic disrupted many of our merchant partners with particular severity from March 2020 to May 2020. This resulted in a decline in our payments volumes, as our GMV remained flat during fourth quarter of FY 2020 and declined by 14% during the first quarter of FY 2021, respectively, compared to the third quarter of FY 2020. As lockdowns eased in India in the second quarter of FY 2021, our GMV increased consistently for the rest of the FY 2021. The pandemic has adversely impacted, and is likely to continue to adversely impact, our operations and the operations of our merchants and business partners. The pandemic has caused us to modify our business practices to help minimize the risk of the virus to our employees, our merchants, and the communities in which we participate, which could negatively impact our business. These measures include temporarily requiring employees to work remotely, suspending all non-essential business travel for our employees, limiting external guests visiting our offices, and canceling, postponing, or holding meetings and events virtually. Given the continually evolving situation, there is no certainty that the measures we have taken will be sufficient to mitigate the risks posed by the pandemic. The extent to which the COVID-19 pandemic impacts our business, results of operations, cash flows and financial condition will depend on developments that continue to be highly uncertain and difficult to predict, including, but not limited to, the duration and spread of the pandemic, its severity, the actions to contain the virus or treat its impact, the availability, distribution and efficacy of vaccines, and how quickly and to what extent normal economic and operating conditions can resume. Even after the COVID-19 pandemic has subsided, we may experience material and adverse impacts to our business as a result of the virus’s global economic impact, including the availability of credit, bankruptcies or insolvencies of merchants, and recession or economic downturn.",Financial,5,Severe (Financial): Material impact is quantified with specific numbers/historical financial losses.
"If we fail to manage our growth effectively, we may be unable to execute our business plan or maintain high levels of service and satisfaction, and our business, results of operations, and financial condition could be adversely affected. We have experienced significant expansion in the last three fiscal years and anticipate that we will continue to expand in order to address potential growth in our merchant base and take advantage of market opportunities. Our GMV has increased from ₹2,292 billion in FY 2019 to ₹4,033 billion in FY 2021, and our monthly transacting users (“MTU”) have grown consistently during FY 2021 and in the fourth quarter of FY 2021 our average MTU was 50.4 million. Our total number of merchants has grown from 11.2 million as of March 31, 2019 to 21.1 million as of March 31, 2021. If we are unable to maintain at least our current level of operations, our business, results of operations, financial condition, cash flows and prospects would be materially and adversely affected. Many factors may contribute to a decline in our revenue growth rates, including increased competition, slowing demand for our products and services from existing and new consumers, reduced market acceptance of our existing products and services, transaction volume and mix, lower sales by our merchants, our merchants seeking to reduce the fees we charge to them, general economic conditions, government actions and policies, a failure by us to continue capitalizing on growth opportunities, changes in the regulatory environment and the maturation of our business, among others. We cannot assure you that our current and planned systems, policies, procedures and controls, personnel and third-party relationships will be adequate to support our future operations. Our failure to manage growth effectively could seriously harm our business, results of operations, cash flows and financial condition. To manage operations and personnel growth, we will need to continue to grow and improve our operational, financial, and management controls and our reporting systems and procedures. We will require significant capital expenditures and the allocation of valuable management resources to expand our systems and infrastructure without any assurances that our net revenue will increase. We also believe that our corporate culture has been and will continue to be a valuable component of our success. As we expand our business and mature as a listed company, we may find it difficult to maintain our corporate culture while managing this growth. Failure to manage our anticipated growth and organizational changes in a manner that preserves the key aspects of our culture could reduce our ability to recruit and retain personnel, innovate, operate effectively, and execute on our business strategy, potentially adversely affecting our business, results of operations, cash flows and financial condition. We will need to adapt and upgrade our controls, policies, procedures and overall operations to accommodate our growing operations and supporting personnel. Moreover, the speed with which our internal controls and procedures are implemented or adapted to changing regulatory or commercial requirements may be inadequate to ensure full and immediate compliance, leaving us vulnerable to inconsistencies and failures that may have a material adverse effect on our business, results of operations, cash flows and financial condition.",Regulatory,4,High (Regulatory): Specific metrics and financial exposure details provided.
"Failure to maintain or improve our technology infrastructure could harm our business and prospects. It is critical to our success that all participants are able to access our platforms, at all times. Our systems, or those of third-parties upon which we rely, may experience service interruptions or degradation or other performance problems because of hardware and software defects or malfunctions, unexpected high volume of transactions, distributed denial-of-service and other cyberattacks, infrastructure changes, human error, earthquakes, hurricanes, floods, fires, natural disasters, power losses, disruptions in telecommunications services, unauthorized access, fraud, military or political conflicts, terrorist attacks, legal or regulatory takedowns, computer viruses, ransomware, malware, or other events. Our systems also may be subject to break-ins, sabotage, theft and intentional acts of vandalism, including by our own employees, all of which would impact our ability to provide secure and seamless access to our platforms, which would have an adverse impact on our operations and reputation. The software underlying our platforms is complex and may contain undetected errors or vulnerabilities, some of which may only be discovered at a subsequent stage or may not get discovered at all. Our practice is to release frequent software updates. Any errors, vulnerabilities or infringements discovered in our code or from third-party software after release could result in negative publicity, a loss of consumer or loss of revenue, legal proceedings, and access or other performance issues. Such vulnerabilities could also be exploited by malicious actors and result in exposure of data of the participants on our platform, or otherwise result in a security breach or other security incident. Any failure to timely and effectively resolve any such errors, defects, or vulnerabilities could adversely affect our business, reputation, brand, financial condition, cash flows and results of operations. We have experienced and will likely continue to experience system failures and other events or conditions from time to time that interrupt the availability or reduce or affect the speed or functionality of our platform. These system failures generally occur either as a result of software updates being deployed with unexpected errors or as a result of temporary infrastructure failures related to storage, network, or computing capacity being exhausted. Further, in some instances, we may not be able to identify the cause or causes of these performance problems within an acceptable period of time. Any failure to maintain and improve our technology infrastructure could result in unanticipated system disruptions, slower response times, impaired consumer experience, delays in reporting accurate operating and financial information and failures in risk management. The risks of these events occurring are even higher during certain periods of peak usage and activity, such as on or around various shopping festivals or other promotional events, when transaction volume is significantly higher on our payment network compared to other days of the year. In addition, much of the software and interfaces we use are internally developed and proprietary technology. If we experience problems with the functionality and effectiveness of our software, interfaces or platform, or are unable to maintain and continuously improve our technology infrastructure to handle our business needs, our business, financial condition, cash flows, results of operations and prospects, as well as our reputation and brand, could be materially and adversely affected. Furthermore, our technology infrastructure, products and services, including our service offerings, incorporate third-party-developed software, systems and technologies, as well as hardware purchased or commissioned from outside and overseas suppliers. As our technology infrastructure, products and services expand and become increasingly complex, we face increasingly serious risks to the performance and security of our technology infrastructure, products and services that may be caused by these third-party-developed components, including risks relating to incompatibilities among these components, service failures or delays or back-end procedures on hardware and software. We also need to continuously enhance our existing technology. Otherwise, we face the risk of our technology infrastructure becoming unstable and susceptible to security breaches. This instability or susceptibility could create serious challenges to the security and uninterrupted operation of our platforms, products and services, which would materially and adversely affect our business and reputation.",Legal,4,"High (Legal): Specific and material operational/business dependency, but contingent or forward-looking."
"We offer some of our services in partnership with our Group Company, Paytm Payments Bank. Any failure by Paytm Payments Bank to support these services could adversely impact these services and could impact our overall business, financial condition and results of operations. We own 49% equity interest in Paytm Payments Bank and Mr. Vijay Shekhar Sharma holds the remaining 51%. Many of the payment instruments or channels, such as Paytm Wallet, Paytm UPI, NACH, Paytm FASTag and Fixed Deposits are offered on our platforms by Paytm Payments Bank in accordance with the respective agreements executed between our Company and Paytm Payments Bank. The tenure of these agreements vary from being perpetual in nature to having a fixed term ranging between three years and five years, with an option to renew for a further period on termination as per mutual agreement. These agreements also stipulate that each party may terminate the contracts for cause by giving a notice of 120 days and a notice ranging between 30 to 90 days without cause for convenience. In the event of termination of the agreements with Paytm Payments Bank, Company might need to enter into agreements with third parties who might charge higher rates for services which could adversely impact the Company’s business, financial condition and prospects. Under the terms of the shareholders’ agreement with Paytm Payments Bank, our Company has a call option right on any proposed transfer of shares of Paytm Payments Bank by Mr. Vijay Shekhar Sharma, subject to him holding at least 40% of the share capital of Paytm Payments Bank during such mandatory lock in period on shares of promoter as may be imposed by the RBI and various associated legal considerations such as mandatory lock in on shares of promoter and foreign direct investment limits, among others. For more details, see “Our Business – Financial Services – Paytm Payments Bank – Our relationship with Paytm Payments Bank” on page 184. As a licensed payments bank in India, Paytm Payments Banks’ business is highly regulated and is subject to various regulatory requirements in India. For details, see “Key Regulations and Policies in India” on page 197. The RBI and certain other regulatory authorities conduct regular and ad hoc inspections, examinations and inquiries on Paytm Payments Bank’s business operations and compliance with laws and regulations, and have the authority to impose sanctions, penalties or remediation actions. If Paytm Payments Bank fails to comply with laws, regulations or policies, or loses its licenses, and as a result is unable to provide services to us for which we have partnered with it, our business, reputation, financial condition, cash flows, results of operations and prospectus may be materially and adversely affected to that extent. These various regulatory requirements and their interpretation, application and enforcement relating to Paytm Payments Bank may increase its compliance costs or limit its scale of operations which could also increase our cost of availing its services, and in turn have a material adverse impact on our financial condition, cash flows and results of operations. For some of our business strategies to be successful, Paytm Payments Bank must be able to provide us with services for which we have partnered with it, in compliance with regulatory requirements as well the terms of the agreements executed by Paytm Payments Bank with us, at acceptable costs and on a timely basis. Any failure by Paytm Payments Bank to provide these services to us may interrupt our ability to provide some of the services to our merchants and consumers, which could have a material adverse impact on our operations to that extent.",Regulatory,4,"High (Regulatory): Specific and material operational/business dependency, but contingent or forward-looking."
"We rely on our financial institutions partners to provide our financial services and products, and any failure to maintain our relationships with them could have an adverse impact on our operations. We partner with financial institutions partners to provide financial services and products to consumers and merchants. Our financial institutions partners include commercial banks, mutual fund managers, insurance companies, securities firms and other licensed financial institutions. Our success depends on our ability to maintain a mutually beneficial partnership with these financial institutions. Our financial institutions partners may determine to reach and acquire consumers directly instead of partnering with us; may renegotiate commercial terms of the fee arrangements we have with them; may become unwilling to offer products and services on our platforms; and may reduce or cease their cooperation with us and therefore expose us to greater partner concentration risk or ultimately lead to our inability to satisfy demand from consumers. The agreements with our financial institutions partners are typically for a fixed period varying from three years to five years, with automatic renewal for a further period, unless terminated. Our financial institutions partners may terminate these agreements without any reason by typically giving a notice of 30 days or with immediate effect in case of any material breach of our obligations under these agreements and on the occurrence of certain other events. In relation to the agreements providing for borrower acquisition, we are required conduct and/or facilitate the KYC verification and risk assessment of potential borrowers and communicate the results to the lender. However, we may not be able to identify any potential red flags in our analysis which may later be identified by the lender, which may impact our credibility and ability to facilitate acquisition of creditworthy borrowers. Further, our marketing efforts may not generate the desired results and may fail to engage our consumers and lead to satisfactory acquisition rates as expected by our financial institutions partners. For instance, we have entered into collection agreements with various financial institution partners under which we provide collection services to such financial institution partners in respect of loans that are extended by them. Collection fees under these agreements are paid to our Company based on the collection targets, and non-achievement of such targets could have an impact on the service fees to be paid to us, which could in turn have a adverse impact on our financial condition, cash flows and results of operations.",Regulatory,3,Moderate (Regulatory): Real business risk but stated vaguely without specific numbers or metrics.
"We have a history of net losses, we anticipate increasing operating expenses in the future, and we may not be able to achieve and maintain profitability. We have incurred net losses for the last three years, including a restated total comprehensive income/(loss) for the year including discontinued operations of ₹(42,355) million, ₹(29,433) million and ₹(17,040) million in FY 2019, FY 2020 and FY 2021, respectively. We expect to continue to incur net losses for the foreseeable future and we may not achieve or maintain profitability in the future. Because the market for our platforms, products and services is evolving, it is difficult for us to predict our future results of operations or the limits of our market opportunity. We expect our operating expenses to increase as we hire additional personnel, expand our operations and infrastructure, both domestically and internationally, continue to enhance our platforms and develop and expand its capabilities, expand our products and services, and expand and improve our interface. These initiatives may be more costly than we expect and may not result in increased net revenue. In addition, when we become a listed company, we will incur additional significant legal, accounting, and other expenses that we did not incur as an unlisted company. Any failure to increase our net revenue sufficiently to keep pace with our initiatives, investments, and other expenses could prevent us from achieving or maintaining profitability or positive cash flow on a consistent basis in future periods. If we fail to achieve or maintain profitability, our business, results of operations, cash flows and financial condition could be adversely affected. We cannot assure you that we will ever achieve or sustain profitability and may continue to incur significant losses going forward. Any failure by us to achieve or sustain profitability on a consistent basis could cause the value of our Equity Shares to decline. Further, some of our subsidiaries and associates have incurred losses for the past few fiscal years. To continue their operations, they may need financial support in the form of debt or equity from their shareholders, including our Company. There is no certainty that they will become profitable, or be able to raise adequate capital to continue their operations or meet their obligations. If these subsidiaries or associates do not become profitable, and are not able to raise capital either through debt or equity, their operations may be affected. We also carry forward our income tax losses incurred in past fiscal years, to be offset against future income tax liabilities. Setting off such tax losses against future taxable income is subject to compliance with various conditions specified under Income tax laws. Such conditions include restrictions in change of shareholding of the Company above a certain threshold. We cannot assure you that we will be able to comply with such conditions or exemptions to achieve a set off of all tax losses which are carried forward. We are unable to make any assurance that we will be able to fully utilize the tax loss carry forward in a timely manner which would result in such unutilized tax loss carry forwards to expire.",Regulatory,5,Severe (Regulatory): Material impact is quantified with specific numbers/historical financial losses.
"We participate in markets that are competitive with continuously evolving technology and consumer needs, and if we do not compete effectively with established companies and new market entrants, our business, results of operations, cash flows and financial condition could be adversely affected. We believe the principal competitive factors in our market include industry expertise, platform and product features and functionality, ability to build new technology and keep pace with innovation, scalability, extensibility, product pricing, security and reliability, brand recall and recognition, agility, and speed to market. We compete in markets characterized by vigorous competition, changing technology, changing merchant and consumer needs, evolving industry standards, and frequent introductions of new products and services. We expect competition to increase in the future as established and emerging companies continue to enter the markets we serve or attempt to address the problems that our platforms address. Moreover, as we expand the scope of our platforms, we may face additional competition. We compete with domestic and international companies and some of these companies have greater financial resources and substantially larger bases of consumers than we do, which may provide them with significant competitive advantages. These companies may devote greater resources to the development, promotion, and sale of services, and they may offer lower prices or more effectively introduce their own innovative services that adversely impact our growth. Mergers and acquisitions by these companies may lead to even larger competitors with more resources. We also expect new entrants to offer competitive products and services. Certain merchants have longstanding exclusive, or nearly exclusive, relationships with our competitors to accept payment cards and other services that we offer. These relationships may make it difficult or cost-prohibitive for us to conduct material amounts of business with them. On the other hand, our merchant agreements are non-exclusive, therefore allowing merchants to move to similar services offered by our competitors. Competing services tied to established brands may engender greater confidence in the safety and efficacy of their services. If we are unable to differentiate ourselves from and successfully compete with our competitors, our business will be materially and adversely affected. We may also face pricing pressures from competitors. Some potential competitors are able to offer lower prices to merchants for similar products and services by cross-subsidizing their payments services through other services they offer. Such competition may result in the need for us to alter the pricing we offer to our merchants and could reduce our revenue. In addition, as we grow, merchants may demand more customized and favourable pricing from us, and competitive pressures may require us to agree to such pricing, further reducing our revenue. Our competitors are continuously investing to innovate, grow their businesses and enhance consumer reach and engagement, and can outcompete us in any of these areas. They may also be able to obtain certain licenses that we are unable to obtain, which may hinder our ability to offer certain services or access certain pools of liquidity that are the subject of such licenses. Increased investments made, lower prices or innovative services offered by our competitors may require us to divert significant managerial, financial and human resources in order to remain competitive, and ultimately may reduce our market share and negatively impact the revenues growth and profitability of our business. If we are not able to compete effectively, our ability to retain consumers, merchants and financial institutional partners we may have to change our current business model for our business to cope with such changes and we cannot guarantee that our current business model will remain the same going forward. Further the level of economic activity and consumer engagement on our platforms may decrease and our market share and profitability may be negatively affected, which could materially and adversely affect our business, financial condition, cash flows, results of operations and prospects, as well as our reputation and brand.",Regulatory,3,Moderate (Regulatory): Real business risk but stated vaguely without specific numbers or metrics.
"We rely on third-parties for certain aspects of our business, which creates additional risk, and the failure of third-parties to comply with legal or regulatory requirements or to provide various products and services that are important to our operations could have an adverse effect on our business, results of operations, financial condition, and prospects. We depend on third-party service providers for certain services, such as financial, technology, and other services to support our operations, including credit ratings and reporting, cloud-based data storage, data centers and other IT solutions, and payment processing. We also outsource a portion of our services, such as, customer care services, deployment of QR codes and sale of hardware devices, among others. Our success depends on our ability to manage various service providers to provide reliable and satisfactory services to consumers on our platform. Our operations and business could be adversely affected if our outsourcing service providers face any operational or system interruptions. Our collaboration with various partners is critical for us to address the massive digital payment, digital finance and digital daily life services opportunities for consumers and businesses. To the extent we are unable to effectively manage these partners to provide satisfactory services to our consumers to address their needs on commercially acceptable terms, or at all, or if we fail to retain existing or attract new quality partners to our platform, our ability to retain, attract or engage our consumers may be severely limited, which may have a material and adverse effect on our business, financial condition, cash flows and results of operations. We are dependent on the ability of our products and services to integrate with a variety of third-party operating systems, as well as web browsers that we do not control. Any changes in these third-party systems that degrade the functionality of our products and services, impose additional costs or requirements on us, or give preferential treatment to competitive services, including their own services, could materially and adversely affect usage of our products and services. In addition, we rely on app marketplaces to drive downloads of our mobile app. App marketplaces regularly make changes to their marketplaces, and those changes may make access to our services more difficult. In the event that it is difficult for our merchants to access and use our products and services, our business may be materially and adversely affected. Most of our agreements with third-party service providers are terminable by the service provider at a short or no notice, and if our current third-party service providers were to terminate their agreements with us or otherwise stop providing services to us on acceptable terms, we may be unable to procure service from alternative service providers in a timely and efficient manner and on acceptable terms or at all. Furthermore, some of our service agreements are fixed-term contracts or have short duration ranging from one year to three years and are not subject to automatic renewal. If any service provider fails to provide the services we require, fails to meet contractual requirements (including compliance with applicable laws and regulations), fails to maintain adequate data privacy controls and electronic security systems, or suffers a cyber-attack or other security breach, we could be subject to regulatory enforcement actions, claims from third parties, including our consumers, and suffer economic and reputational harm that could have an adverse effect on our business. Further, we may incur significant costs to resolve any such disruptions in service, which could adversely affect our business.",Regulatory,3,Moderate (Regulatory): Real business risk but stated vaguely without specific numbers or metrics.
"Acquisitions, strategic investments, entries into new businesses, and divestitures could disrupt our business, divert our management’s attention, result in additional dilution to our shareholders, and harm our business. We may in the future seek to acquire or invest in businesses, apps, or technologies that we believe could complement or expand our products and services, enhance our technical capabilities, or otherwise offer growth opportunities. We may be unable to find suitable acquisition candidates and to complete acquisitions on favourable terms, if at all, in the future. If we do complete acquisitions, we may not ultimately strengthen our competitive position or achieve our goals and any acquisitions we complete could be viewed negatively by customers or investors. Moreover, an acquisition, investment or business relationship may result in unforeseen operating difficulties and expenditures, including disrupting our ongoing operations, diverting management from their primary responsibilities, subjecting us to additional liabilities, increasing our expenses and adversely impacting our business, results of operations, cash flows and financial condition. Moreover, we may be exposed to unknown liabilities and the anticipated benefits of any acquisition, investment or business relationship may not be realized, if, for example, we fail to successfully integrate such acquisitions, or the technologies associated with such acquisitions, into our company. We also may not achieve the anticipated benefits from the acquired businesses due to a number of factors, including difficulties resulting from the integration of technologies, IT systems, accounting systems, culture or personnel; diversion of management’s attention; litigation; use of resources; or other disruption of our operations. Regulatory constraints, particularly competition regulations, may also affect the extent to which we can maximize the value of our acquisitions or investments. Acquisitions could also result in dilutive issuances of equity securities or the incurrence of debt. In addition, we may spend time and money on acquisitions or investments that do not increase our revenue. If an acquired business fails to meet our expectations, our business may be materially and adversely affected.",Legal,3,Moderate (Legal): Real business risk but stated vaguely without specific numbers or metrics.
"We are subject to chargeback and refund liability risk when our merchants refuse to or are unable to reimburse chargebacks and refunds resolved in favor of their customers. Any increase in chargebacks and refunds not paid by our merchants may adversely affect our business, financial condition, cash flows or results of operations. We are currently, and will continue to be, exposed to certain risks associated with chargebacks and refunds in connection with payment card fraud or relating to the products or services provided by our merchants. In the event that a billing dispute between a consumer and a merchant is not resolved in favor of the merchant, including in situations in which the merchant is engaged in fraud, the transaction is typically “charged back” to the merchant and the purchase price is credited or otherwise refunded to the consumer. In certain circumstances where we are unable to collect chargeback or refunds from the merchant’s account, or if the merchant refuses to or is unable to reimburse us for a chargeback or refunds due to closure, bankruptcy, or other reasons, we may bear the loss for the amounts paid to the consumer. The risk of chargebacks is typically greater with merchants that promise future delivery of products and services rather than delivering products or rendering services at the time of payment, and any customer disputes linked to rendering of such services from our merchants may adversely impact our ability to retain and attract our customers. In addition, our exposure to these potential losses from chargebacks increases to the extent that we have provided working capital solutions to such merchants, as the full amount of the payment is provided up front rather than in installments. While most of our merchant agreements establish that the chargeback and refund liability risk is with the merchant, and would permit us to collect and retain reserves, we may not be able to collect and maintain reserves from our merchants to cover these potential losses, including in the case of customer and merchant disputes. If we are unable to maintain our losses from chargebacks at acceptable levels, the payment network providers could fine us, increase our transaction fees, or terminate our ability to process payment cards. Any increase in our transaction fees or liability for incorrect charges could damage our business, and if we were unable to accept payment cards, our business would be negatively affected. Any increase in chargebacks not paid by our merchants could have a material adverse effect on our business, financial condition, cash flows or results of operations.",Legal,3,Moderate (Legal): Real business risk but stated vaguely without specific numbers or metrics.
"We have experienced negative cash flows in prior years. We have experienced negative cash flows from operations in the recent past. Our consolidated cash flow for FY 2019, FY 2020 and FY 2021 are set forth in the table below. FY 2021 2020 2019 (₹ in millions) Net cash (outflow) from operating activities (20,825) (23,766) (44,759) Net cash inflow/(outflow) from investing activities 19,298 (19,963) 19,110 Net cash inflow/(outflow) from financing activities (2,221) 51,599 21,105 We had negative cash flows from operating activities for FY 2019, FY 2020 and FY 2021 primarily due to operating losses and on account of additional working capital requirement. Any negative cash flows in the future could adversely affect our results of operations and financial condition. For further details, see “Management’s Discussion and Analysis of our Financial Condition and Results of Operations – Cash Flows” on page 402.",Financial,4,High (Financial): Specific metrics and financial exposure details provided.
"We rely on mobile operating systems and application marketplaces to make the Paytm app available to participants that utilize our platforms, and if we do not effectively operate with or receive favourable placements within such application marketplaces and maintain high consumer reviews, our usage or brand recognition could decline and our business, financial results, cash flows and results of operations could be adversely affected. We depend, in large part, on search engines, social media platforms, digital app stores, content-based digital marketing and other online sources for traffic to our platforms. Our ability to maintain and increase the number of consumers directed to our platforms is not entirely within our control. Search engines, social media platforms and other online sources often revise their algorithms and introduce new advertising services based on data feedback. If one or more of the search engines or other online sources on which we rely for traffic to our platforms were to modify its general algorithm for how it displays our advertisements or keyword search results, resulting in fewer consumers clicking through to our platforms, our business or results of operations may suffer. In addition, if our online display advertisements are no longer able to reach certain consumers due to consumers’ use of ad- blocking software, our business or results of operations could suffer. In the past, we have been subject to warnings and actions, and it may happen again in the future which could have a material adverse impact on our operations and reputation. As new mobile devices and mobile platforms are released, there is no guarantee that certain mobile devices will continue to support our platforms or effectively roll out updates to our applications. Additionally, in order to deliver high-quality applications, we need to ensure that our platforms are designed to work effectively with a range of mobile technologies, systems, networks, and standards. We may not be successful in developing or maintaining relationships with key participants in the mobile industry that enhance consumers’ experience. If participants that utilize our platforms encounter any difficulty accessing or using our applications on their mobile devices or if we are unable to adapt to changes in popular mobile operating systems, we expect that our consumer growth and engagement to be adversely affected.",Financial,3,Moderate (Financial): Real business risk but stated vaguely without specific numbers or metrics.
"Our profitability could be negatively affected if our payment processing charges payable to financial institutions and card networks increase significantly, and we are not able to pass on these higher processing charges to our merchants or consumers. We are required to pay payment processing charges to financial institutions and card networks for processing transactions on our platform. These costs depend on (i) the category of merchant, and (ii) payment instrument used by the consumer. Other factors sometimes may include (i) size and number of transactions processed on our platforms, and (ii) the network through which the transaction is routed. From time to time, financial institutions have increased, and may in the future increase charges levied for processing transactions on our platform. These charges vary for each payment instrument and we may not be able to pass on these costs to our merchants. Accordingly, any increase or decrease in payment gateway charges could make our pricing less competitive, lead us to change our pricing model, or adversely affect our margins. In addition, financial institutions may not agree to renew our agreements with them on commercially reasonable terms or at all, which could also adversely impact our financial condition, cash flows and results of operations. Our business depends on our ability to accept credit and debit cards, which ability is provided by the payment card networks. As a result, we must rely on banks and acquiring processors to process transactions on our behalf. These banks and acquiring processors may fail or refuse to process transactions adequately, may breach their agreements with us, or may refuse to renew these agreements on commercially reasonable terms. They might also take actions that degrade the functionality of our products and services, impose additional costs or requirements on us, or give preferential treatment to competitive services, including their own services. If we are unsuccessful in establishing or maintaining mutually beneficial relationships with these payment card networks, banks, and acquiring processors, our business may be harmed. We are required to pay interchange fees and assessments to the payment card networks, as well as fees to our acquiring processors, to process transactions. From time to time, payment card networks have increased, and may increase in the future, the interchange fees and assessments that they charge for each transaction processed using their networks. In addition, our acquiring processors may refuse to renew our agreements with them on commercially reasonable terms. Interchange fees or assessments are also subject to change from time to time due to government regulation. Because we generally charge our merchants a flat rate for our payments services, rather than passing through interchange fees and assessments to our merchants directly, any increase or decrease in interchange fees or assessments or in the fees we pay to our acquiring processors could adversely affect our margins, make our pricing look less competitive or lead us to change our pricing model. We could be, and in the past have been, subject to penalties from payment card networks if we fail to detect that merchants are engaging in activities that are illegal, contrary to the payment card network operating rules, or considered “high risk.” We must either prevent high-risk merchants from using our products and services or register such merchants with the payment card networks and conduct additional monitoring with respect to such merchants. Although the amount of these penalties has not been material to date, any additional penalties in the future could become material and could result in termination of our ability to accept payment cards or could require changes in our process for registering new merchants. This could materially and adversely affect our business.",Financial,3,Moderate (Financial): Real business risk but stated vaguely without specific numbers or metrics.
"We may be adversely affected by the evolving laws and regulation governing our business and the introduction of any new laws and regulation which may become applicable to our business. The laws and regulations governing our businesses are evolving and may be amended, supplemented or changed at any time. As a result, we may be required to seek for and follow additional procedures, modify or adjust certain activities, restructure our ownership structure, obtain new and additional licenses and incur additional expenses to comply with such laws and regulations, which could adversely affect our future development and business. New laws and regulations may be enacted from time to time to require additional licenses and approvals other than those we currently have. Recently, the RBI has issued the Guidelines on Regulation of Payment Aggregators and Payment Gateways, 2020, as amended (“Payment Aggregators Guidelines”), requiring existing providers of payment aggregator and gateway services to apply for an authorization from the RBI on or before December 31, 2021. Further, these guidelines stipulate that a single entity cannot continue to provide an e-commerce marketplace along with payment aggregator services and that such payment aggregator services must be separated from the e-commerce marketplace business. For details see, “Key Regulations and Policies in India” on page 197. In order to comply with these guidelines, we have incorporated our Subsidiary, Paytm Payments Services Limited which has applied to the RBI for the relevant authorization on January 8, 2021 and we will transfer our payment aggregator services business to Paytm Payments Services Limited post receipt of such authorization. We cannot assure you that we will obtain the authorization in a timely manner or at all and that we will be successful in complying with the requirements and policies prescribed under the Payment Aggregators Guidelines. Further, new regulations may impose restrictions or conditions on our existing activities. For instance, NPCI issued a circular dated November 5, 2020, which restricts each third party application from initiating UPI transactions in excess of 30% of the total volume of UPI transactions processed during the preceding three months, on a rolling basis. Although, Paytm Payments Bank is not a third-party application provider, we cannot assure you that NPCI will not impose any such restrictions and requirements on the services and operations of banks in the future which may adversely impact their business and operations. In order to comply with evolving laws and regulations, we may need to devote significant resources and efforts, including restructuring affected businesses, changing our business practices and adjusting our activities, which may materially and adversely affect our business, growth prospects and reputation. The amendment to the SEBI (Investment Advisors) Regulations, 2013 which was to be implemented from March 31, 2021, required, amongst others, stipulations, client level segregation of advisory and execution activities of an investment advisor. In summary, the implementation of these new regulations may have an adverse impact on the operation of the RIAs like Paytm Money, who typically service small retail investors. Accordingly, Paytm Money decided to temporarily suspend advisory services with effect from March 31, 2021 in order to comply with such additional requirements and the same was informed to SEBI vide letter dated February 19, 2021 along with the detail plan for migration of advisory clients to the execution services. As on the date of this Draft Red Herring Prospectus, we have not received any investor grievance in this regard. However, we are not certain if and when the discontinued advisory services will be resumed. Additionally, Paytm First Games Private Limited (“Paytm First Games”) offers certain skill based real money games on its platforms, in accordance with the applicable laws of the respective states where such games are offered, as the legality of online betting and gaming in India is determined under central as well as state law. The state legislations in relation to gambling and other applicable laws along with the judicial pronouncements by the respective high courts in this regard are evolving and accordingly there continues to be uncertainty in the regulatory framework applicable to certain states and differing approaches from one state to the other, which could adversely affect the future development and operations of Paytm First Games. We cannot assure you that the relevant regulatory authorities will not introduce further new laws and regulations in the future which may require us to restructure our business, obtain new licenses, comply with additional requirements and incur additional ongoing compliance costs which may adversely affect our future development, business and results of operations.",Legal,4,"High (Legal): Specific and material operational/business dependency, but contingent or forward-looking."
"Failure to comply with the existing laws and regulations applicable to our business could subject our Company, or our subsidiaries or our associates or our shareholders, as applicable, to enforcement actions and penalties and otherwise harm our business. Our business is subject to regulation by various statutory and regulatory authorities in India, including the MCA, the RBI, Income tax authorities, SEBI and the IRDAI, and other authorities responsible for enforcing compliance with privacy and data protection related laws, foreign investment laws, intellectual property laws, consumer protection laws, anti-corruption and anti-bribery laws, direct and indirect tax laws. Any failure or alleged failure to comply with the applicable laws, regulations or requirements could subject us, or our subsidiaries, as applicable, to inspection, audit and enforcement actions by the relevant authority; suspension and revocation of the relevant license or approval; civil penalties including payment of damages to the aggrieved party; criminal penalties including payment of fines and imprisonment of concerned directors or employees; and mandatory conciliation and mediation with the aggrieved party or may also lead to an inability to carry forward our tax losses. These actions or any failure to prevail in a possible civil or criminal litigation, may adversely affect our business, results of operations, financial condition, cash flows and reputation. In addition, responding to any action or litigation may result in a diversion of our management’s attention and resources and an increase in professional fees and compliance costs. The premises, books of accounts, documents and records of certain of our subsidiaries are subject to inspection by the RBI, SEBI and IRDAI, as applicable, under the relevant laws and regulations. Consequently, the relevant authority may identify instances of non-compliance and deficiencies in our operations and issue warning letters, show cause notices or penalties for violations. For instance, pursuant to an inspection conducted by SEBI in February 2020 of the books and records of our Subsidiary, Paytm Money, SEBI observed certain violations of the relevant laws and regulations by Paytm Money in relation to the uploading of KYC data of clients and providing investment advice to clients and issued a letter warning Paytm Money to take corrective steps. Paytm Money has submitted its response dated July 9, 2020, intimating SEBI of the corrective measures undertaken. The premises and records maintained by our Company may also be subject to inspection and/or audit by the RBI and the NPCI in relation to the transactions undertaken on our platforms through the payment channels operated by Paytm Payments Bank, such as Paytm wallet, net-banking and UPI. Additionally, our subsidiaries and associates are required to make several filings on a quarterly, half-yearly and annual basis or on the occurrence of prescribed events with the RBI, SEBI, IRDAI and other relevant authorities pursuant to the applicable laws and regulations governing them. We cannot assure you that all the required filling will be made in a timely manner or at all in the future and that the relevant authorities will not impose any penalties and compounding proceedings on our subsidiaries, associates or our shareholders in this regard. Moreover, we are exposed to the risk of varying and evolving interpretation of complex laws and regulations governing our business in India. Certain of these laws and regulations governing our business are relatively new and evolving, and their interpretation and enforcement may involve uncertainties. For instance, Indian Insurance Companies (Foreign Investment) Amendment Rules, 2019, notified on September 2, 2019 read with the IRDAI (Insurance Intermediaries) (Amendment) Regulations, 2019, notified on October 30, 2019, inter alia increased the FDI limits in insurance intermediaries (which includes insurance brokers) from 49% to 100%. Accordingly, our Company (being a Foreign owned and controlled company) made a 100% investment in our Subsidiary, Paytm Insurance Broking between November, 2019 and February, 2020. However, our Form DI filing in this regard was rejected by RBI and we were directed to comply with the amended Foreign Exchange Management (Non-Debt Instruments) Rules, 2019 (which were notified on April 17, 2020 to reflect the increase in FDI limits) and to seek a post-facto Government approval for our investments which were made prior to April 17, 2020. We have submitted an application for seeking post facto approval before the relevant authority and are responding to incremental queries. We cannot assure you that we will not be subject to any penalties or that we will receive the post-facto approval. Further, our Company has also applied to the Authorized Dealer and RBI seeking appropriate approvals in relation to non- settlement of foreign currency payables and non-realization of foreign currency receivables which have been due for longer than the prescribed period in accordance with the applicable directions issued by the RBI. For details, see “- Our Statutory Auditors have included certain emphasis of matters in the auditors’ reports on our audited consolidated financial statements for the last three fiscal years and in the examination report on the Restated Financial Statements. Further, the auditors have included certain observations in their reporting under Companies (Auditors Report) Order, 2016 (“CARO”)” on page 51. Additionally, our Company and certain shareholders are subject to disclosure/ filing requirements under the Companies Act, 2013 and the rules made thereunder, which may have been delayed. Such delay in making the requisite disclosures/ filings could attract non-material monetary penalties under the Companies Act, 2013.",Legal,4,"High (Legal): Specific and material operational/business dependency, but contingent or forward-looking."
"Certain statutory and regulatory licenses and approvals are required for conducting our business and any failure or omission to obtain, maintain or renew these licenses and approvals could adversely affect our business and results of operations. Our operations in India are subject to extensive government regulation and we, along with our subsidiaries and associates, are required to obtain and maintain a number of statutory and regulatory licenses and approvals. These licenses and approvals include, amongst others, licenses to operate as a payments bank and issue prepaid payment instruments issued by the RBI, each obtained by Paytm Payments Bank, registrations to act as a stock broker and an investment advisor issued by SEBI, each obtained by Paytm Money and registration to act as a direct insurance broker issued by IRDAI obtained by Paytm Insurance Broking. For a detailed description of our licenses and approvals, see “Government and Other Approvals” on page 414. While we have obtained the necessary licenses and approvals required for our operations, certain approvals for which we have submitted applications are currently pending. For instance, the applications dated December 15, 2020 and November 5, 2020 made by Paytm Money and Paytm Payments Bank, respectively, to obtain a certificate of registration to act as a corporate agent from the IRDAI are currently pending. In addition, we may apply for additional licenses and approvals, including the renewal of certain approvals which may expire from time to time, such as the registration to act as a direct insurance broker which expires in 2023 held by Paytm Insurance Broking. If we or our Group Company, Paytm Payments Bank as applicable, are unable to obtain, maintain or renew all necessary licenses and approvals required for our continued operations or for continued provision of the services being offered in collaboration with Paytm Payments Bank, this may have consequences, on operations that may be limited or suspended to that extent, which may have an adverse impact on our business and results of operations. Further, our activities, future development and expansion into a variety of new fields could also raise a number of new regulatory issues and licensing requirements. In Fiscal 2021, our Subsidiary, Paytm Entertainment Limited (“Paytm Entertainment”) entered into an exceptional transaction of providing a one-time short term loan to Paytm First Games. Due to this, Paytm Entertainment met the principal business test for determination of identification as a non-banking financial company. Since Paytm Entertainment does not intend to give any further loans to Paytm First Games or other entities, it has requested RBI to grant an exemption from being classified as an NBFC. As of the date of this Draft Red Herring Prospectus, the said loan has been repaid by Paytm First Games to Paytm Entertainment and further, Paytm Entertainment has no loans outstanding to any entity. We cannot assure you that we will be granted an exemption and that Paytm Entertainment will not be required to obtain registration as an NBFC under the applicable laws. Some of the licenses and approvals that have been issued to our Company or our subsidiaries or associates contain certain conditions and restrictions. For instance, the license to operate as a payments bank issued by the RBI requires Paytm Payments Bank to comply with certain terms and conditions, and in the event that it is unable to comply with any or all of these terms and conditions, or seek waivers or extensions of time for complying with these terms and conditions, the RBI may place stringent restrictions on it which may impact our operations to the extent of our offering services in partnership with Paytm Payments Bank. If we or our subsidiaries or associates fail or allegedly fail to satisfy the conditions or comply with the restrictions imposed by the relevant licenses and approvals, or the restrictions imposed by any statutory or regulatory requirements, we or our subsidiaries or associates may become subject to regulatory enforcement or be subject to fines, penalties or additional costs or revocation of these licenses and approvals. This may result in the interruption of all or some of our operations and may have a material adverse effect on our business, financial condition, cash flows and results of operations.",Regulatory,4,"High (Regulatory): Specific and material operational/business dependency, but contingent or forward-looking."
"Our business depends on a strong and trusted brand, and any failure to maintain, protect, and enhance our brand would hurt our business. We have developed a strong and trusted brand that has contributed significantly to the success of our business. We enable participants in commercial and financial activities, including consumers, merchants and financial institutional partners to build and strengthen trust among each other. In the process, we have become a platform that is trusted by consumers, businesses and partners. Maintaining, protecting, enhancing and promoting the trust in us, our platforms and our brand is critical to expanding the base of consumers, merchants and financial institutional partners on our platforms, as well as increasing their engagement with our products and services. Any negative publicity about our industry or us, the quality and reliability of our products and services, our risk management processes, changes to services, our ability to effectively manage and resolve merchant and consumer complaints, our privacy and security practices, litigation, regulatory activity, and the experience of merchants and buyers with our products and services, could adversely affect our reputation and the confidence in and use of our products and services. In the past, we have been involved in disputes, filed oppositions before relevant authorities, entered into a settlement agreement in relation to the use and/or registration of our trademarks in India and certain other jurisdictions and we cannot assure you that we will be able to use and/or register our trademarks in the future and will not be involved in any disputes or proceedings or settlements in this regard. Many factors could undermine or damage the trust in us, our platforms or our brand, including, failure by us or our partners to satisfy expectations of service and quality; inadequate protection of sensitive information; compliance failures and claims; employee misconduct; and misconduct by our partners, service providers, or other counterparties. Under the agreements with our merchants, the merchant is responsible for quality, quantity, timely delivery and price of the services offered by it and is further responsible for related customer support and dispute resolution services. However, instances of unsatisfactory services provided by one or more merchants may damage the trust that our consumers have in our brand and our platforms. We may receive negative reviews from consumers and become subject to legal notice and/or action, which may adversely affect our reputation and the confidence in and use of our products and services. If we do not successfully maintain the trust in us, our business, financial condition, results of operations, cash flows and prospects would be materially and adversely affected.",Legal,3,Moderate (Legal): Real business risk but stated vaguely without specific numbers or metrics.
"External factors may adversely affect our revenue from lending products and our success in relation to lending also depends on our ability to innovate new products. Through our platforms, our financial institution partners are able to extend availability of credit to consumers and merchants, including small businesses to meet their credit needs. Factors including, among others, the slowdown and structural reform of the Indian economy, adverse development in general economic conditions, an increase in unemployment rates among our consumers, health pandemics or epidemics, adverse weather conditions and natural disasters could result in the deterioration of credit profiles and creditworthiness of our consumers and merchants. Some consumers and merchants generally have no or limited credit history, fewer financial resources or borrowing capacity than large entities, and may be more vulnerable to economic downturns. In addition, small businesses frequently have negligible market shares and often need substantial additional capital to expand or compete and may experience substantial volatility in results of operations, any of which may impair a borrower’s ability to service a loan. If general economic conditions negatively impact India or the specific markets in which we operate and consumers or small businesses are adversely affected by adverse business conditions, the credit balance enabled through our platforms may decrease due to lower demand by consumers and small businesses or some existing borrowers’ inability to repay, thereby negatively impacting the collection fees we charge our partner financial institutions that are linked to such business volume. Moreover, an economic downturn could reduce our risk appetite and that of our financial institutions partners and. If any of the forgoing materialized, it would affect their collaboration with us, and as a result, adversely affect our business, financial condition, cash flows and results of operations. Our success also depends on our ability to scale up the insurance distribution business which depends on our ability to leverage customer insights, co create products that identify and anticipate consumer and business needs, with partner insurers and deliver a seamless experience to our customer base. We operate a technology driven insurance distribution platform which incurs substantial upfront costs on building the technology assets which may have a longer gestation period to break even depending upon speed of scaling up. We leverage insights to identify merchant and consumer needs to be addressed by innovative insurance products. However, the complex nature of development and approval of insurance products may constrain our ability to co-design new products with the insurers that can sufficiently address the customer and merchant needs we have identified or are suitable for distribution on our platforms. In addition, changes in insurance regulations may complicate, delay or increase the costs of innovating, marketing and distribution of new insurance products on our platforms which could have an adverse impact on our financial condition, cash flows and results of operations. Online distribution of insurance products is an evolving business model that is sensitive to data protection and data privacy laws. Changes in the regulatory environment may curtail our ability of seamless distribution of the insurance products. Regulatory focus on market conduct, mis-selling, customer identification and prudential aspects may lead to a greater compliance risk and slower growth in volume may result in lower distribution income.",Regulatory,2,Low (Regulatory): Boilerplate standard risk present in nearly every DRHP with low specificity.
"Unfavourable media coverage could harm our brand, business, financial condition, cash flows and results of operations. Unfavorable publicity could adversely affect our reputation. Such negative publicity could also harm the size of our network and the engagement and loyalty of merchants, consumers and other participants that utilize our platform, which could adversely affect our business, cash flows, financial condition, and results of operations. As our platforms continues to scale and public awareness of our brand increases, any future issues that draw media coverage could have an amplified negative effect on our reputation and brand. In addition, negative publicity related to key brands we have partnered or by any influencers may damage our reputation, even if the publicity is not directly related to us. Any negative publicity that we may receive could diminish confidence in, and the use of, our platforms and may result in increased regulation and legislative scrutiny of industry practices as well as increased litigation, which may further increase our costs of doing business and adversely affect our brand. As a result, any impairment or damage to our brand, including as a result of these or other factors, could adversely affect our business, reputation, cash flows, results of operations and financial condition. Many social media platforms publish their subscriber’s or participant’s content, often without filters on accuracy. The dissemination of inaccurate information regarding our business, brand and services online could harm our business, reputation, prospects, financial condition and operating results, regardless of the information’s accuracy. The damage may be immediate without affording us an opportunity for redress or correction.",Legal,3,Moderate (Legal): Real business risk but stated vaguely without specific numbers or metrics.
"Any privacy or data security breach, cyber-attacks or internal misconducts could damage our reputation and brand and substantially harm our business and any actual or perceived failure by us to comply with laws or regulations relating to privacy or the protection or transfer of data relating to individuals or any other contractual obligations relating to privacy or the protection or transfer of data relating to individuals, could adversely affect our business. As a technology-based platform, our business generates and processes a large quantity of personal, transaction, billing, behavioral and demographic data. We face risks inherent in handling and protecting large volumes of data, including protecting the data hosted in our system, detecting and prohibiting unauthorized data share and transfer, preventing attacks on our system by outside parties or fraudulent behavior or improper use by our employees, and maintaining and updating our database. Any system failure, security breach or third-party attacks or attempts to illegally obtain the data that result in any actual or perceived release of consumer data could damage our reputation and brand, deter current and potential consumers from using our products and services, damage our business, and expose us to potential legal liability. The techniques used to obtain unauthorized, improper, or illegal access to our systems, our or our consumers’ data, or to disable or degrade service or sabotage systems, are constantly evolving, may be difficult to detect quickly, and often are not recognized until after they have been launched against a target. We may be unable to anticipate these techniques, react in a timely manner, or implement adequate preventative or remedial measures. Unauthorized parties may attempt to gain access to our systems or facilities through various means, including, among others, hacking into our or our partners’ or consumers’ systems or facilities, or attempting to fraudulently induce our employees, partners, consumers or others into disclosing usernames, passwords, or other sensitive information, which may in turn be used to access our information technology systems and gain access to our or our consumers’ data or other confidential, proprietary, or sensitive information. We are mandated under law to undertake audit of reasonable security practices and procedures for handling of sensitive personal data or information, and in the past the internal auditors have highlighted certain risks, inter alia, pertaining to encryption of customers personal information and retention period of personal information. Our Company has addressed and continues to address such risks based on recommendations in such internal audit reports. There is no assurance that in future similar or other risks will not be highlighted in internal audit reports and may lead to incurring of costs for addressing such risks, diversion of management’s attention and regulatory actions. We are also required to comply with several standards including the Payment Card Industry Data Security Standards and Payment Application Data Security Standards, as applicable to the transactions undertaken on our platforms. Our failure, or the failure by our third party providers or merchant partners on our platforms, to comply with applicable laws or regulations or standards or any other contractual obligations relating to privacy, data protection, or information security, may cause a leak of consumers’ data, adversely affect our reputation and lead to termination of our agreements with the affected merchants. Under our agreements with our merchants, our merchants and we are required to ensure proper encryption and security measures at our respective websites, mobile applications and billing systems to prevent any hacking into information pertaining to transactions. We are also required to protect and keep confidential all information related to the debit cards, net banking facilities or other payment data of consumers who are carrying out transactions with such merchants through our platforms. We cannot assure you that our merchants or we will be able to prevent all attempts of hacking and/or unauthorized disclosures of customer data. Any compromise of security or cyber-attack that results in unauthorized access to, or use or release of personally identifiable information or other data relating to consumers, or other individuals, or the perception that any of the foregoing types of failure or compromise has occurred, could damage our reputation, discourage new and existing consumers from using our platform, or result in fines, investigations, or proceedings by governmental agencies and private claims and litigation, any of which could adversely affect our business, financial condition, cash flows and results of operations. Even if not subject to legal challenges, the perception of privacy concerns, whether or not valid, may harm our reputation and brand and adversely affect our business, its financial condition, and results of operations.",Legal,3,Moderate (Legal): Real business risk but stated vaguely without specific numbers or metrics.
"Regulatory, legislative or self-regulatory/standard developments regarding privacy and data security matters could adversely affect our ability to conduct our business. Numerous domestic and international laws and regulations address privacy and the collection, storing, sharing, use, disclosure, and protection of certain types of data. These laws, rules, and regulations evolve frequently and their scope may continually change, through new legislation, amendments to existing legislation, and changes in enforcement. Additionally, many laws and regulations relating to privacy and the collection, storing, sharing, use, disclosure, and protection of certain types of data are subject to varying degrees of enforcement and new and changing interpretations by courts or regulators. Changes in laws or regulations relating to privacy, data protection, and information security, particularly any new or modified laws or regulations, or changes to the interpretation or enforcement of such laws or regulations, that require enhanced protection of certain types of data or new obligations with regard to data retention, transfer, or disclosure, could greatly increase the cost of providing our platforms, require changes to our operations, or even prevent us from providing our platforms in jurisdictions in which we currently operate and in which we may operate in the future. As part of our operations, we are required to comply with the Information Technology Act, 2000 and the rules thereof, which provides for civil and criminal liability including compensation to persons affected, penalties and imprisonment for various cyber related offenses, including unauthorized disclosure of confidential information and failure to protect sensitive personal data. India has already implemented certain privacy laws, including the Information Technology (Reasonable Security Practices and Procedures and or Information) Rules, 2011, which impose limitations and restrictions on the collection, use, disclosure and transfer of personal information. Additionally, the Government of India, in December 2019, published the Personal Data Protection Bill, 2019, which provides for a framework for protection of personal data and use of non-personal data and seeks to, among others, lay down norms for cross-border transfer of personal data, define the scope of the definition of personal data and non-personal data, establishment of a data protection authority and ensure the accountability of entities processing personal data. For further details, see “Key Regulations and Policies” on page 197. The introduction of new information technology legislation may require us to modify our existing systems, or invest in new technologies to ensure compliance with such applicable laws, which may require us to incur additional expenses and adversely affect our financial condition. Our failure to adhere to or successfully implement processes in response to changing regulatory requirements in this area could result in legal liability or impairment to our reputation in the marketplace, which could have a material adverse effect on our business, financial condition, results of operations and prospects. Several jurisdictions have implemented new data protection regulations and others are considering imposing additional restrictions or regulations. We expect data protections regulations to continue to increase both in number, complexity and in the level of stringency. The entry into force of the General Data Protection Regulation (EU) 2016/679 (“GDPR”), in the European Union prompted various countries to begin processes to reform their data protection regimes. In many cases, these regulations have strict measures regulating both the transfer of data externally, and also the storage and transfer of data internally among our employees in the course of their work and among our subsidiaries and affiliates. Moreover, these regulations may have conflicting and/or inconsistent requirements, and compliance with one data protection regime does not necessarily entail compliance with another data protection regime, and compliance with one data protection regime could potentially create conflicts in compliance with another data protection regime. In particular, we may transfer data across jurisdictions in the ordinary course of our operations, and we may not be able to ensure compliance with all applicable data protection regulations at all times. Any failure to comply with applicable data protection regimes could subject us to significant penalties and negative publicity, which could have a material adverse effect on our business, financial condition, reputation before our merchants and providers, and results of operations.",Legal,3,Moderate (Legal): Real business risk but stated vaguely without specific numbers or metrics.
"Payments banks in India, including our Group Company Paytm Payments Bank, are subject to regulatory requirements and prudential norms and its inability to comply with applicable laws, regulations and norms may have an adverse effect on some of our businesses, financial condition and results of operations. Payments banks in India, including our Group Company, Paytm Payments Bank, are subject to various requirements and restrictions in relation to their functioning, corporate ownership and governance which are prescribed under the applicable acts such as the Banking Regulation Act along with applicable regulations prescribed by the RBI from time to time. These include, but are not limited to, maintaining a minimum net worth of ₹ 1,000 million at all times; ensuring its ownership and control by Indian residents in accordance with the Foreign Exchange Management Act, 1999, read with rules and regulations thereunder (“FEMA”); obtaining prior approval from the RBI for any change in its shareholding by way of fresh issue or transfer of shares, directly or indirectly, to a particular investor, acting alone or in concert with any other person, to the extent of 5% or more of its paid-up share capital or 5% or more of its voting rights; limiting exposure in terms of loans and advances; prudential norms specified in respect of market risk and operational risk, maintenance of regulatory ratios including cash reserve ratio on its outside demand and time liabilities and statutory liquidity ratio; periodic disclosure requirements (including in presentation of financial information and financial statements); fraud classification and reporting; and cyber security compliance. In addition, the Payments Bank Licensing Guidelines, Payments Bank Operating Guidelines and other applicable regulations along with the payments bank license issued by the RBI require Paytm Payments Bank to comply with certain conditions in relation to its operations including but not limited to, restricting the amount of demand deposits, i.e., wallet, current deposits and savings bank deposits which may be maintained by any customer end of day up to Rs. 0.2 million and requiring authorization from RBI for its branches. For details, see “Key Regulations and Policies - Banking and wallet business and related activities” on page 198. In case of any failure to comply with the prescribed conditions, applicable directives, reporting requirements, requirements to meet the prescribed prudential norms or any other ongoing regulations or requirements from RBI or other regulators, the RBI may charge penalties, penalize Paytm Payments Bank’s management, restrict Paytm Payments Bank’s banking activities or otherwise enforce increased scrutiny and control over Paytm Payments Bank’s banking operations, including by way of withholding approvals, or issuing conditional approvals in respect of any proposed actions for which Paytm Payments Bank may seek approval in the future, or even cancel Paytm Payments Bank’s banking license. As a payments bank, Paytm Payments Bank is subject to periodic on-site inspections by the RBI in relation to its compliance with licensing conditions and/ or operating guidelines and matters relating to its banking operations. During such inspections, Paytm Payments Bank may be found to be in violation of the licensing conditions or may subsequently be unable to comply with the observations made by RBI and accordingly it could be subject to penalties and restrictions which may be imposed by the RBI. Imposition of any penalty or adverse findings by the RBI during the ongoing or any future inspections may result in a temporary halt on provision of Paytm Payments Bank’s products and services, resulting in service outages for us, which may have an adverse effect on our business, operations, cash flows and financial condition to that extent. To ensure compliance with the regulatory framework applicable to payments banks, Paytm Payments Bank may need to allocate additional resources, which may increase the regulatory compliance costs and divert management attention. The inability to comply with laws and regulations applicable to a payments bank may have an adverse effect on Paytm Payments Bank’s business, cash flows, financial condition and results of operations which may also have a resultant impact on the services we provide in partnership with Paytm Payments Bank.",Regulatory,4,"High (Regulatory): Specific and material operational/business dependency, but contingent or forward-looking."
"Our Statutory Auditors have included certain emphasis of matters in the auditors’ reports on our audited consolidated financial statements for the last three fiscal years and in the examination report on the Restated Financial Statements. Further, the auditors have included certain observations in their reporting under Companies (Auditors Report) Order, 2016 (“CARO”) The examination report on the Restated Financial Statements and the audit reports on the audited consolidated financial statements for FY 2019, FY 2020 and FY 2021 contain the following emphasis of matters:  In FY 2021, the Statutory Auditors have drawn attention to the fact that one of our Subsidiary’s financial assets as of March 31, 2021 were more than 50% of its total assets and its income from financial assets was more than 50% of the total income for the financial year. As per the press release dated April 8, 1999 issued by RBI, the Subsidiary of the Company fulfils the principal business criteria for being classified as a NBFC as on March 31, 2021 and accordingly is required to obtain registration for the same. However, the Subsidiary has no intention of conducting the business as an NBFC, and accordingly it has filed an application with the RBI seeking dispensation from registration as NBFC. For details, see “ - Certain statutory and regulatory licenses and approvals are required for conducting our business and any failure or omission to obtain, maintain or renew these licenses and approvals could adversely affect our business and results of operations.” above.  In FY 2020 and FY 2021, the Statutory Auditors have drawn attention to the management’s assessment of the impact of the outbreak of Covid-19 on the business operations of the Company and its subsidiaries, as identified in the relevant consolidated financial statements (“Group”). Similar emphasis of matters were included in the auditors’ reports on the audited standalone financial statements of our Subsidiaries, Nearbuy India Private Limited and Wasteland Entertainment Private Limited for FY 2020 and FY 2021.  In FY 2019, FY 2020 and FY 2021, the Statutory Auditors have drawn attention to non- settlement of foreign currency payables as at March 31, 2019, March 31, 2020 and March 31, 2021, respectively, due for more than the time period permitted under the RBI Master Direction on Import of Goods and Services dated January 1, 2016, as amended, issued by RBI. In each FY, as mentioned above, our Company has applied to the Authorized Dealer seeking permission for extension of time period for settlement of the payables. Further, in FY 2021, our Company has approached the Authorized Dealer and RBI for permission to write-back certain payable balances and approval is currently awaited, which are currently awaited.  In FY 2019, FY 2020 and FY 2021, the Statutory Auditors have drawn attention to non-realization of foreign currency receivables as at March 31, 2019, March 31, 2020 and March 31, 2021, respectively, due for more than the time period permitted, under the RBI Master Direction on Exports of Goods and Services dated January 1, 2016, as amended, issued by RBI. In each FY, as mentioned above, our Company and/or the Group has applied to the Authorized Dealer seeking permission for extension of time period for realisation of the receivables and write-off of certain receivables. Further, in FY 2021 our Company has made an application to RBI seeking approval for extension of time limit and write off of receivable balance and approval is currently awaited. Further, the examination report on the Restated Financial Statements contains an emphasis of matter wherein the Statutory Auditors have drawn attention to the application made by our Company under section 454 of the Companies Act, 2013 to adjudicate non-compliance with the provisions of Section 62(1)(b) of the Companies Act, 2013 read with Rule 12(1) of the Companies (Share Capital and Debentures) Rules, 2014 in relation to grants of employee stock options (“ESOPs”) made in earlier years to an employee. Our Company has taken steps in the form of cancellation of ESOP grants and shares allotted in the past have been transferred to the Paytm Associate Benefit Welfare Trust and the Company is awaiting the outcome of the adjudication application. For details, see “-We have filed an adjudication application with the Registrar of Companies for non-compliance with relevant provisions of the Companies Act, 2013 read with the Companies (Share Capital and Debentures) Rules, 2014 in relation to grant of certain ESOPs to one of our employees.” below. Further, our auditors have included certain observations in their reporting under the Company (Auditor's Report) Order, 2016. For details, see “Restated Financial Statements - Annexure VI to Restated Financial Statements” on page 371. There is no assurance that our audit reports for any future fiscal periods will not contain qualifications, matters of emphasis or other observations which affect our results of operations in such future periods. For further details, see, “Restated Financial Statements” and “Management’s Discussion and Analysis of Financial Condition and Results of Operations” on pages 256 and 383, respectively.",Regulatory,4,"High (Regulatory): Specific and material operational/business dependency, but contingent or forward-looking."
"We depend on key management, as well as our experienced and capable employees, and any failure to attract, motivate, and retain our employees could harm our ability to maintain and grow our business. Our future success is significantly dependent upon the continued service of our executives and other key employees, including our Founder. If we lose the services of any member of management or any key personnel, we may not be able to locate a suitable or qualified replacement, which could severely disrupt our business and growth. To maintain and grow our business, we will need to identify, hire, develop, motivate, and retain highly skilled employees. Identifying, recruiting, training, integrating, and retaining qualified individuals requires significant time, expense, and attention. We may need to invest significant amounts of cash and equity to attract and retain new employees and expend significant time and resources to identify, recruit, train, and integrate such employees, and we may never realize returns on these investments. If we are unable to effectively manage our hiring needs or successfully integrate and retain new hires, our efficiency, ability to meet forecasts, and employee morale, productivity, and engagement could suffer, which could adversely affect our business, financial condition, cash flows and results of operations. We face intense competition for highly skilled employees especially as part of our product & technology team. We had an average of 2,550 member engineering, product and technology team in FY 2021. To attract and retain top talent, we have had to offer, and we believe we will need to continue to offer, competitive compensation and benefits packages. Competition for talent in the Indian internet industry is intense, and we may need to offer more attractive compensations and other benefits packages to attract and retain them. In addition, from time to time, there may be changes in our management team that may be disruptive to our business. If our management team, including any new hires that we make, fails to work together effectively and to execute our plans and strategies on a timely basis, our business could be harmed. If we are unable to effectively manage our hiring needs or successfully integrate and retain new hires, our efficiency, ability to meet forecasts, and employee morale, productivity, and engagement could suffer, which could adversely affect our business, financial condition, cash flows and results of operations.",Financial,3,Moderate (Financial): Real business risk but stated vaguely without specific numbers or metrics.
"We rely on our suppliers and partners for our hardware, software and cloud and any impediment in procuring these in a timely manner and at competitive costs, or at all, may have a material adverse effect on our business, operations, financial condition, and cash flows. Our ability to remain competitive and maintain revenues depends, in part, on our ability to source and maintain a stable and sufficient supply of hardware, software and cloud at desired prices. Many of our key hardware devices (including POS systems, scanners and Soundbox), key software services and cloud services come from our limited partners and suppliers located in India and overseas. In addition, there may be cases where we rely only on one manufacturer for a specific model of our POS systems or one partner for our cloud services. Since we depend on external suppliers for all our hardware requirements and some of our software requirements, this subjects us to risks such as currency fluctuations, climatic and environmental conditions, production and transportation costs, changes in domestic as well as international government policies, regulatory or trade sanctions, or our manufacturers experiencing temporary or permanent disruptions in their manufacturing operations due to equipment breakdowns, labour strikes or shortages, natural disasters, component or material shortages, cost increases, insolvency, changes in legal or regulatory requirements, or other similar problems. Given all these possible risks, we could in the future experience product shortages or delays, and the availability of these products may be difficult to predict. Additionally, we are also susceptible to various other potential supply-chain risks, such as strikes or shutdowns at delivery ports, loss of or damage to our products while they are in transit or storage, property theft, losses due to tampering, issues with quality or sourcing control, failure by our suppliers to comply with applicable laws, any intellectual property challenges, potential tariffs or other trade restrictions, security breach risks, or other similar problems could limit or delay the transit or supply of our products or harm our reputation. In the event of a shortage or supply interruption from manufacturers or suppliers of these components, we may not be able to develop alternate sources swiftly and cost-effectively, or at all.",Legal,3,Moderate (Legal): Real business risk but stated vaguely without specific numbers or metrics.
"The success and growth of our business depends upon our ability to innovate and develop new products and services. We are expanding and may in the future continue to expand into new industry verticals and geographic regions and our failure to mitigate specific regulatory, credit, and other risks associated with a new industry vertical or geographic region could have an adverse effect on our business. We are India’s leading, digital ecosystem for consumers and merchants, according to RedSeer, currently offering payment services, commerce and cloud services and financial services. We operate in an industry experiencing rapid technological change and frequent service introductions. We may not be able to make technological improvements as quickly as demanded by our consumers and merchants, which could harm our ability to retain or attract consumers and merchants. In addition, we may not be able to effectively implement new technology- driven services as quickly as competitors or be successful in marketing these products and services to consumers and merchants. If we are unable to successfully and timely innovate and continue to deliver a superior merchant and consumer experience, the demand for our products and services may decrease and our growth, business, results of operations, financial condition, cash flows and prospects could be materially and adversely affected. Our failure to accurately predict the demand or growth of our new products and services also could have a material and adverse effect on our business, results of operations, financial condition, and prospects. For example, through our participation in Foster Payment Networks Limited (“FNPL”), a consortium entity along with other participant companies, we intend to explore new service offerings such as operating new payment systems in the retail space such as ATMs and Aadhaar based payments under the recently published Framework for Authorization of Pan- India Umbrella Entity for Retail Payments, 2020. Accordingly, FNPL has submitted an application in March, 2021 to the RBI for authorization to set up an umbrella entity offering such new services. FNPL may not be successful in obtaining such authorization, we may require a long gestation period to develop the required infrastructure and technology, there may not be sufficient acceptance or demand of the proposed services or our competitors may be successful in obtaining such authorization. We are exploring and will continue to explore new business initiatives, including in industries, geographies and markets in which we have limited or no experience, as well as new business models that may be untested or even create new markets. For example, many of our financial products and services were launched in 2020 and as a result we have limited operating history for these products and services. We have limited financial data that can be used to evaluate our financial services business, and such data may not be indicative of future performance. These service offerings may present new and difficult technology, operational, and other challenges, and if we experience service disruptions, failures, or other issues, our business may be materially and adversely affected. Our newer activities may not recoup our investments in a timely manner or at all. If any of this were to occur, it could damage our reputation, and limit our growth, business and prospects. We may not be able to successfully develop new products and services for these new industries, and our merchants and financial institutional partners may not want to be associated with us if we expand into certain verticals (whether as a result of actual or perceived increases in risk or reputational concerns or otherwise), which may result in the loss of such relationships. Developing new business initiatives and models or new markets requires significant investments of time and resources, and may present new and difficult technological, operational and compliance challenges. Additionally, industry participants, may not be receptive to our products and services in these new industries, which may cause them to eventually reduce their volume routed through us or even stop working with us. The merchant profile or regulatory cost of compliance in new verticals may not be as attractive as in our current verticals, which may lead to higher costs and/or lower GMV levels than we have historically experienced. If we expand into new verticals or geographic regions, we will need to understand and comply with various new requirements applicable in those verticals or regions. Industries change rapidly, and we may not be able to accurately forecast demand (or the lack thereof) for our solution or those industries may not grow. Failure to forecast demand or growth accurately in new industries, or eventual reputational damages from engaging in certain verticals, could have a material adverse impact on our business.",Regulatory,3,Moderate (Regulatory): Real business risk but stated vaguely without specific numbers or metrics.
"Our international operations involve risks that could increase our expenses, adversely affect our results of operations and require increased time and attention from our management. We have operations in a number of jurisdictions, including in Canada, Singapore, UAE, Malaysia, Tanzania, Uganda and Bangladesh, among others. We may be subject to risks inherently associated with international operations. Our global operations expose us to legal, tax and regulatory requirements and violations or unfavorable interpretation by the respective authorities of these regulations could harm our business. This might include difficulties in managing, growing, and staffing international operations, including in countries in which foreign personnel are, or may become, part of labor unions, personnel representative bodies or collective agreements, and challenges relating to work stoppages or slowdowns. Additional risks associated with international operations include difficulties in enforcing contractual rights, foreign currency risks, the burdens of complying with a wide variety of foreign laws and potentially adverse tax consequences, including permanent establishment and transfer pricing issues, tariffs, quotas and other barriers and potential difficulties in collecting accounts receivable. In addition, we may face competition in other countries from companies that may have more experience with operations in such countries or with international operations. Our international expansion plans may not be successful and we may not be able to compete effectively in other countries. These factors could impede the success of our international expansion plans and limit our ability to compete effectively in other countries.",Market,3,Moderate (Market): Real business risk but stated vaguely without specific numbers or metrics.
"We may not have sufficient insurance coverage to cover our business risks. We have obtained insurance to cover certain potential risks and liabilities, such as property damage, cyber security, commercial general liability for certain businesses we operate and personal accidents and group health covering our employees. We have also obtained insurance such as key man’s insurance policy and directors’ and officers’ liability insurance policy to cover certain potential employee related risks. However, insurance companies in the India and other jurisdictions in which we operate may offer limited business insurance products. As a result, we may not be able to acquire any insurance for all types of risks we face in our operations in India and elsewhere, and our coverage may not be adequate to compensate for all losses that may occur, particularly with respect to loss of business or operations. Any business disruption, litigation, regulatory action, outbreak of epidemic disease, adverse weather conditions or natural disasters could also expose us to substantial costs and diversion of resources. There can be no assurance that our insurance coverage is sufficient to prevent us from any loss or that we will be able to successfully claim our losses under our current insurance policy on a timely basis, or at all. If we incur any loss that is not covered by our insurance policies, or the compensated amount is significantly less than our actual loss, our business, cash flows, financial condition and results of operations could be materially and adversely affected.",Legal,3,Moderate (Legal): Real business risk but stated vaguely without specific numbers or metrics.
"We are exposed to many types of operational risk, including the risk of misconduct and errors by our employees and other service providers. We are exposed to many types of operational risk, including the risk of misconduct, oversight and errors by our employees and other service providers. Our business depends on our employees and service providers to process a large number of increasingly complex transactions, including transactions that involve significant dollar amounts and loan transactions that involve the use and disclosure of personal and business information. We could be adversely affected if transactions were redirected, misappropriated, or otherwise improperly executed, personal and business information was disclosed to unintended recipients, or an operational breakdown or failure in the processing of other transactions occurred, whether as a result of human error, a purposeful sabotage or a fraudulent manipulation of our operations or systems. In addition, the manner in which we store and use certain personal information and interact with consumers and merchants through our platforms is governed by various laws. If any of our employees or service providers take, convert, or misuse funds, documents, or data, or fail to follow protocol when interacting with consumers and merchants, we could be liable for damages and subject to regulatory actions and penalties. We could also be subject to civil or criminal liability. It is not always possible to identify and deter misconduct or errors by employees or service providers, and the precautions we take to detect and prevent these activities may not be effective in controlling unknown or unmanaged risks or losses. Our resources, technologies and fraud prevention tools may be insufficient to accurately detect and prevent fraud. Any of these occurrences could diminish our ability to operate our business, increase our potential liabilities to consumers and merchants, and may lead to an inability to attract future consumers and merchants, cause reputational damage, attract regulatory intervention, and cause financial harm, any or all of which could negatively impact our business, results of operations, cash flows, financial condition, and prospects. There is also a risk of fraudulent activity associated with our platforms, financial institution partners, consumers, merchants, and third-parties handling consumer information. For instance, a writ petition had been preferred by our Company before the High Court of Delhi (“High Court”) against, among others, the Union of India, Telecom Regulatory Authority of India (“TRAI”) and certain telecom service providers, praying for, inter alia, the High Court to direct TRAI to ensure strict compliance by telecom service providers with the Telecom Commercial Communications Customer Preferences Regulations, 2018, and to direct the telecom service providers to take effective actions under applicable law, such as blocking of phone numbers sending unsolicited commercial communication including through phone calls, to the our customers. The High Court, through order dated February 3, 2021, among other things, directed TRAI to ensure compliance and strict implementation of the provisions of the Telecom Commercial Communications Customer Preference Regulations, 2018 and other related regulations issued from time to time for the purpose of curbing unsolicited commercial communication sent over the respective networks of the telecom service providers.",Legal,3,Moderate (Legal): Real business risk but stated vaguely without specific numbers or metrics.
"We may be unable to sufficiently obtain, maintain, protect, or enforce our intellectual property and other proprietary rights. Intellectual property and other proprietary rights are important to the success of our business. Our ability to compete effectively is dependent in part upon our ability to obtain, maintain, protect, and enforce our intellectual property and other proprietary rights, including our proprietary technology, and to obtain licenses to use the intellectual property and proprietary rights of others. We rely on a combination of trademarks, domain names, and agreements with employees and third parties to protect our intellectual property and other proprietary rights. Nonetheless, the steps we take to obtain, maintain, protect, and enforce our intellectual property and other proprietary rights may be inadequate. Despite our efforts to protect these rights, unauthorized third parties, including our competitors, may duplicate, mimic, reverse engineer, access, obtain, or use the proprietary aspects of our technology, processes or services without our permission. Our competitors and other third parties may also design around or independently develop similar technology or otherwise duplicate or mimic our products and services such that we would not be able to successfully assert our intellectual property or other proprietary rights against them. We cannot assure that any future patent, trademark, or service mark registrations will be issued for our pending or future applications or that any of our current or future patents, copyrights, trademarks, or service marks (whether registered or unregistered) will be valid, enforceable, sufficiently broad in scope, provide adequate protection of our intellectual property or other proprietary rights, or provide us with any competitive advantage. We may be unable to prevent competitors or other third parties from acquiring or using trademarks, service marks, or other intellectual property or other proprietary rights that are similar to, infringe upon, misappropriate, dilute, or otherwise violate or diminish the value of our trademarks and service marks and our other intellectual property and proprietary rights. The value of our intellectual property and other proprietary rights could diminish if others assert rights in or ownership of our intellectual property or other proprietary rights, or in trademarks or service marks that are similar to our trademarks or service marks. In addition, we cannot guarantee that we have entered into agreements containing obligations of confidentiality with each party that has or may have had access to proprietary information, know-how, or trade secrets owned or held by us. Moreover, our contractual arrangements may be breached or may otherwise not effectively prevent disclosure of, or control access to, our confidential or otherwise proprietary information or provide an adequate remedy in the event of an unauthorized disclosure. The measures we have put in place may not prevent misappropriation, infringement, or other violation of our intellectual property or other proprietary rights or information and any resulting loss of competitive advantage, and we may be required to litigate to protect our intellectual property or other proprietary rights or information from misappropriation, infringement, or other violation by others, which may be expensive, could cause a diversion of resources, and may not be successful, even when our rights have been infringed, misappropriated, or otherwise violated. As the number of services in the software industry increases and the functionalities of these services further overlap, and as we acquire technology through acquisitions or licenses, we may become increasingly subject to infringement claims, including patent, copyright, and trademark infringement claims. We may be accused of infringing intellectual property or other proprietary rights of third parties. including serial trademark and patent individual squatters, including their copyrights, trademarks, or patents, or improperly using or disclosing their trade secrets, or otherwise infringing or violating their proprietary rights. For example, our application to register the trademark “PAYTM” in the United States was refused by the U.S. Patent and Trademark Office on the basis of an earlier application filed by an individual. We have filed an application to cancel the trademark filed by this individual which remains pending. Similarly, another individual has alleged that our Paytm Miniapp technology infringes that individuals’s patent(s). We have responded to the patent’s complaints.The costs of supporting any litigations, complaints or disputes related to such claims can be considerable, and we cannot assure you that we will achieve a favorable outcome of any such claim. If any such claim is valid, we may be compelled to cease our use of such intellectual property or other proprietary rights and pay damages, potentially adversely affecting our business. In the past, while we have entered into a settlement agreement pursuant to the terms of which we have agreed to not use the two tone blue “PAYTM” trademark in Canada, there is no assurance that such issues will not arise in the future or that we will be able to successfully settle any disputes. Even if such claims were not valid, defending them could be expensive and distract our management team, adversely affecting our results of operations. Furthermore, the legal standards relating to the validity, enforceability, and scope of protection of intellectual property and other proprietary rights are still evolving. Our intellectual property and other proprietary rights may not be sufficient to provide us with a competitive advantage and the value of our intellectual property and other proprietary rights could also diminish if others assert rights therein or ownership thereof, and we may be unable to successfully resolve any such conflicts in our favor or to our satisfaction.",Legal,3,Moderate (Legal): Real business risk but stated vaguely without specific numbers or metrics.
"We are heavily dependent on the performance of the woven raffia machines market. We derived 88.16%, 87.28% (based on the Restated Financial Information) and 85.68% (based on our Special Purpose Combined and Carve- out Financial Statements) of our revenue from operations in Fiscals 2026, 2025 and 2024, respectively, from woven raffia machines. The woven raffia machines market depends on the growth of end-use industries such as agro- textiles, building-textiles, geo-textiles and packing-textiles. Any slowdown in these end-use industries or any other adverse changes in the conditions affecting the woven raffia machines market can adversely impact our business, results of operations, financial condition and cash flows. We are among the leading global manufacturers of machinery and equipment for technical textiles by revenue in 2024, with a strong focus on solutions for producing PP and HDPE woven fabric and sacks (“Raffia”). (Source: F&S Report, page 193) In 2024, we ranked among the top global players by revenue, with a 15.4% share of the global woven Raffia machinery market by value. (Source: F&S Report, page 193). We derive a significant portion of our revenue from operations from the manufacture and supply of machines for woven fabric and sacks. Set forth below are revenue from operations from machines for woven fabric/ sacks and revenue from other sources in each of the corresponding periods: Particulars Restated Financial Information@ Special Purpose Combined and Carve- Out Financial Statements@ (Demerged Business) Fiscal 2026 Fiscal 2025 Fiscal 2024 Fiscal 2024 Consolidated Consolidated Standalone Amount (₹ million) Percentage of revenue from operations (%) Amount (₹ million) Percentage of revenue from operations (%) Amount (₹ million) Percentage of revenue from operations (%) Amount (₹ million) Percentag e of revenue from operation s (%) Revenue from woven raffia machines 15,136.95 88.16% 12,017.05 87.28% - - 9,989.17 85.68% Others* 2,033.00 11.84% 1,751.67 12.72% - - 1,668.91 14.32% Total 17,169.95 100.00% 13,768.72 100.00% - - 11,658.08 100.00% * Includes revenue from sale of raw materials to vendors, scrap sale, sale of services, sale of flexible intermediate bulk containers and yarn, and sale of machines for plastic processing other than raffia. @ The Restated Financial Information pertains to our Company for the years ended March 31, 2026, March 31, 2025 and March 31, 2024, while the Special Purpose Combined and Carve-Out Financial Statements pertain to the Demerged Business for the year ended March 31, 2024. Our business and financial condition is heavily dependent on the performance of the machines market for woven fabric and sacks globally and in India and we are exposed to fluctuations in the performance of these markets. The demand for the machinery and equipment we manufacture is dependent on the demand for the end-use products, which have packaging and non-packaging applications such as agriculture, horticulture, fisheries, and forestry textiles, architectural and constructional textiles, clothing textiles and geotextiles. A woven Raffia machine consists of a range of processing and weaving machines and equipment, which mainly use PP or HDPE as raw materials to produce different types of packaging and non-packaging materials. (Source: F&S Report, page 188) The production and sales of technical textiles may be affected by general economic or industry conditions, including seasonal trends in the agriculture sector, recessionary trends in the global and domestic economies, volatility in the construction sector, as well as evolving regulatory requirements, government initiatives, trade agreements and other factors including volatile raw material prices, rising employee expenses and challenges in maintaining amicable labour relations. The cyclical nature of the agriculture, textiles and construction industries, both globally and in India, means that the demand for machinery and equipment for manufacturing technical textile may vary. (Source: F&S Report, page 188) Our sales volumes, profitability and liquidity are closely tied to the level of agricultural, construction and textiles activity worldwide, as the end-users for our products primarily operate in the agriculture, constructions and textiles sectors and are, therefore, affected by factors that affect these sectors, including the levels of investment and production in these specific sectors of the global and domestic economies. In particular, the agricultural sector is inherently seasonal and is further impacted by factors including agricultural commodity prices, costs of fertilizers and adverse weather conditions. (Source: F&S Report, page 188) Similarly, the construction sector is prone to seasonality owing to factors such as the inconsistent real estate market, economic downturns that cease construction activity, among others. (Source: F&S Report, page 188) These segments are also affected by macro-economic conditions. (Source: F&S Report, page 188) We may not be able to stay abreast of global trends concerning the end-use industries in which products from our machineries are used. The woven raffia machines market may be affected by, among others, changes in government policies such as amendments to the Jute Packaging Material (Compulsory Use in Packaging Commodities) Act, 1987, government initiatives, economic conditions, income levels and interest rates. For instance, such regulations may impose conditions on the quality of products our machines manufacture, which may require us to modify our product offerings, or provide mandatory requirement for usage of certain materials in packaging materials, and which may negatively affect the demand for and the valuation of our products. For instance, in December 2023 and October 2024, the Ministry of Textiles, GoI ordered at least 20% of the total produced sugar to be mandatorily packaged in jute-based material. Any changes in government policy on the use of plastic for packaging, particularly in sectors in which our customers operate, may lead to variation in demand for our products. In the event of a decrease in demand for woven fabric/ sacks machines in India or abroad, we will experience adverse effects on our business, results of operations, financial condition and cash flows.",Regulatory,5,Severe (Regulatory): Material impact is quantified with specific numbers/historical financial losses.
"Significant increases or fluctuations in prices of, or shortages of, or delay or disruption in supply of primary raw materials could affect our estimated costs, expenditures and timelines which may have an adverse effect on our business, results of operations, financial condition and cash flows. Our operations are dependent upon the efficient supply chain management of raw materials, parts and components made to drawings and standard bought-out parts that are required for manufacturing of machines for the technical textile industry. Cost of material consumed and stock-in-trade includes metals, standard bought-outs, parts or components that are ‘made to drawings’, electricals, cables and wires, other consumables, packing material, among others. Some of the key components that we source externally are extrusion die, pump and screw, gear-box, bearings, electric motors and drives. We design and manufacture inverters, customized machine controllers and motors along with other products for our circular weaving machine and winders, and purchase other raw materials, parts and components externally. Set forth below are details of cost of materials consumed, purchases of stock-in-trade and changes in inventories of finished goods, work in progress and stock-in-trade, in each of the corresponding years: Particulars Restated Financial Information@ Fiscal 2026 Fiscal 2025 Fiscal 2024 Consolidated Consolidated Standalone Amount (₹ million) Percenta ge of revenue from operation s (%) Percenta ge of total expenses (%) Amount (₹ million) Percenta ge of revenue from operation s (%) Percenta ge of total expenses (%) Amount (₹ million) Percenta ge of revenue from operation s (%) Percenta ge of total expenses (%) Cost of materials consumed 9,140.13 53.23% 62.46% 6,582.74 47.81% 53.78% - - - Purchases of stock- in-trade 1,072.20 6.24% 7.33% 996.16 7.23% 8.14% - - - Changes in inventories of finished goods, work in progress and stock-in-trade (550.48) (3.21%) (3.76%) 84.90 0.62% 0.69% - - - Total 9,661.85 56.27% 66.02% 7,663.80 55.66% 62.61% - - - Particulars Special Purpose Combined and Carve-Out Financial Statements (Demerged Business)@ Fiscal 2024 Amount (₹ million) Percentage of revenue from operations (%) Percentage of total expenses (%) Cost of materials consumed 5,952.56 51.06% 52.49% Purchases of stock-in-trade 465.62 3.99% 4.11% Changes in inventories of finished goods, work in progress and stock-in-trade 278.98 2.39% 2.46% Total 6,697.16 57.44% 59.06% @ The Restated Financial Information pertains to our Company for the years ended March 31, 2026, March 31, 2025 and March 31, 2024 while the Special Purpose Combined and Carve-Out Financial Statements pertain to the Demerged Business for the year ended March 31, 2024. We have in the past experienced cost fluctuations for these raw materials due to various reasons, including volatility in the commodity markets and disruptions in supply chain on account of geopolitical and other factors. We cannot assure you that we will be successful in passing on cost increases to customers through price revisions. If we are unable to pass on the cost increases to our customers or are unsuccessful in managing the effects of raw material price fluctuations, our business, results of operations, financial condition and cash flows could be adversely affected. For further details, see “Management’s Discussion and Analysis of Financial Condition and Results of Operations – Managing our supply chain and operating expenses” and “Management’s Discussion and Analysis of Financial Condition and Results of Operations – Global operations and foreign exchange” on pages 393 and 395, respectively. In addition, we source most of these raw materials, parts and components from our suppliers on a purchase order basis, which are usually valid for one and two years, and do not enter into formal long-term agreements with our suppliers for the same. Consequently, we are dependent on maintaining good relationships with our suppliers, as procurement on a purchase order basis exposes us to risks such as price volatility caused by market fluctuations, currency fluctuations, environmental conditions, changes in government policies, and regulatory and trade sanctions. For instance, the terms of some of our purchase orders require us to obtain insurance on the materials supplied to us, bear freight costs and make 100% upfront payments prior to shipment. We also remain susceptible to the risks arising out of unforeseen or unexpected price fluctuations as well as the imposition of import duties, which could result in a decline in our operating margins. The prices and supply of these raw materials and stock-in-trade are also affected by, among others, general economic conditions, competition, production costs and levels of production based on which such costs can be negotiated, inventory, and transportation costs. Further, as we source certain of our raw materials from third parties, our supply chain for raw materials and components may be interrupted by circumstances beyond our control. Poor quality roads and other transportation-related infrastructure and logistics problems, inclement weather and road accidents may disrupt the transportation of raw materials. Supply chain disruptions, whether due to geopolitical tensions, natural disasters, or other unforeseen events, could affect our ability to procure our raw materials, leading to potential disruption in our manufacturing process. While there have been no instances wherein we faced a significant disruption to the supply and availability of raw materials in the last three Fiscals which had a material impact on our business, results of operations and financial condition, we cannot assure you that such instances will not occur in the future. Further, if our suppliers are unable to supply adequate quantities of the raw materials we require for our operations or if our suppliers are otherwise unable to meet their delivery obligations to us, we may not be able to find adequate replacements for such materials or suppliers, or receive compensation or rebates in lieu of such delay from the suppliers in a timely manner, or at all. During such periods of shortages, we may not be able to manufacture and assemble our products according to our pre-determined time frames, at our previously estimated product costs, or at all, which may adversely affect our business, reputation, results of operations, financial condition and cash flows. While there have been no such instances in the last three Fiscals which had a material impact on our business, results of operations and financial condition, any delay or default in procuring raw materials may consequently impact our delivery schedules and commitments to customers.",Financial,4,High (Financial): Specific metrics and financial exposure details provided.
"We source a significant portion of our raw materials, parts and components, from overseas suppliers. Events such as restrictions on import of raw materials, or changes in tariffs and tax rates, may adversely affect our business, results of operations, financial condition and cash flows. Machines manufactured by us have multiple parts and components, sourced indigenously as well as imported. The following table sets forth raw material costs attributable to imports in the corresponding years: Particulars Restated Financial Information@ Special Purpose Combined and Carve- Out Financial Statements@ (Demerged Business) Fiscal 2026 Fiscal 2025 Fiscal 2024 Fiscal 2024 Consolidated Consolidated Standalone Amount (₹ million) Percentag e of raw material costs (%) Amount (₹ million) Percentag e of raw material costs (%) Amount (₹ million) Percentag e of raw material costs (%) Amount (₹ million) Percentage of raw material costs (%) Expenditure on consumption of imported raw material* 1,551.35 16.06% 1,137.12 14.84% - - 1,010.61 15.09% * Raw material costs represents cost of materials consumed, purchases of stock-in-trade and changes in inventories of finished goods, work in progress and stock in trade. @ The Restated Financial Information pertains to our Company for the years ended March 31, 2026, March 31, 2025 and March 31, 2024 while the Special Purpose Combined and Carve-Out Financial Statements pertain to the Demerged Business for the year ended March 31, 2024. The tables below sets forth details of raw material imports from the top 5 jurisdictions for the corresponding periods indicated: Restated Financial Information Fiscal 2026 Consolidated Amount (₹ million) Percentage of consumption of imported raw material (%) Switzerland 313.61 20.22% USA 268.78 17.33% Singapore 245.94 15.85% China 208.08 13.41% Germany 141.29 9.11% Restated Financial Information Fiscal 2025 Consolidated Amount (₹ million) Percentage of consumption of imported raw material (%) Switzerland 183.93 16.18% USA 152.46 13.41% Singapore 142.36 12.52% Germany 107.22 9.43% China 101.11 8.89% Note: Our Company had no operations in Fiscal 2024, and the Restated Financial Information for Fiscal 2024 consequently includes no raw material imports. Special Purpose Combined and Carve-Out Financial Statements (Demerged Business) Fiscal 2024 Amount (₹ million) Percentage of consumption of imported raw material (%) Singapore 146.44 14.49% USA 136.87 13.54% Switzerland 129.84 12.85% China 86.18 8.53% Germany 74.32 7.35% The laws governing the import of raw materials may become more stringent in future, which could restrict our ability to import raw materials from other jurisdictions. Further, adverse changes in indirect taxes and import duties, tariffs and currency exchange rate may affect our ability to source, or increase costs associated with sourcing, raw materials from overseas suppliers. While there have been no instances in the last three Fiscals of material import restrictions, changes in tariffs, or adjustments in indirect taxes which have impacted our sourcing of raw materials and components, there can be no assurance that we will not face such instances in future which may impact our ability to source raw materials and components. We may face onerous conditions in connection with our imports and may not be able to find alternative or domestic suppliers as replacements in a timely manner or at all. If the countries from which we receive our raw materials implement policies that are hostile to our ability to import raw materials from such jurisdictions, our manufacturing process will be impacted, which may adversely affect our business, results of operations, financial condition and cash flows.",Financial,4,"High (Financial): Specific and material operational/business dependency, but contingent or forward-looking."
"Our Special Purpose Combined and Carve-Out Financial Statements and other combined and carve out operational data may not be representative of our results as an independent company. Our Company was incorporated on June 5, 2023. Lohia Trade Services Limited (formerly known as Lohia Corp Limited) had filed the Scheme among our Company, the Demerged Company, and their respective shareholders and creditors, pursuant to which the Demerged Business, namely the Demerged Company’s technical textile machinery business undertaking, including its investment in five subsidiaries, was demerged and vested into our Company. The Scheme was approved by the NCLT through its order dated April 16, 2024, with the appointed date of the Scheme being April 1, 2024. The NCLT order sanctioning the Scheme was filed with the Registrar of Companies, Uttar Pradesh at Kanpur on May 1, 2024, being the effective date of the Scheme. For further information, see “History and Certain Corporate Matters – Details regarding material acquisitions or divestments of business/ undertakings, mergers, amalgamation, any revaluation of assets, etc. in the last 10 years.” on page 246. For comparative purposes, we have voluntarily prepared Special Purpose Combined and Carve-Out Financial Statements for Fiscal 2024. The Special Purpose Combined and Carve-Out Financial Statements for Fiscal 2024 include the combined and carve-out financial statements in respect of the Demerged Business for the year ended March 31, 2024. Similarly, certain operating data and performance metrics for Fiscals 2024 are presented on a combined and carved- out basis. The Special Purpose Combined and Carve-Out Financial Statements and combined and carve-out operating data and performance metrics are not of our Company as it stands today and its consolidated subsidiaries. Further, we have made estimates, assumptions and allocations in our Special Purpose Combined and Carve-Out Financial Statements, combined and carve-out operating data and key performance indicators as the Demerged Business did not account for us, and we did not operate, as a separate entity in any period prior to April 1, 2024, being the Appointed Date of the Scheme. The use of such assumptions and estimates means that the Special Purpose Combined and Carve- Out Financial Statements, combined and carve out operating data and performance metrics for Fiscal 2024 presented in this Red Herring Prospectus may not be representative of what our financial condition, results of operations, cash flow or operating performance would have been had we been a separate entity along with the Demerged Business during the periods presented. Further, neither the Restated Financial Information nor the Special Purpose Combined and Carve-Out Financial Statements should be used to forecast or accurately predict our future performance with any degree of certainty.",Financial,3,Moderate (Financial): Real business risk but stated vaguely without specific numbers or metrics.
"We rely on the continued operations of our manufacturing facilities and any slowdown, shutdown or disruption in our manufacturing facilities may be caused by natural and other disasters causing unforeseen damages which may lead to disruptions in our business and operations, which in turn could have an adverse effect on our business, results of operations, financial condition and cash flows. We own and operate six machine manufacturing facilities, with four in India and one each in USA and Italy, along with one live experience centre in India. Of our Indian manufacturing facilities, two are located in Kanpur, Uttar Pradesh along with the live experience centre (where we manufacture flexible intermediate bulk containers (“FIBC”)), and two are located in Bengaluru, Karnataka. Our manufacturing facility in USA is located in Burlington, North Carolina and our manufacturing facility in Italy is located in Como, Italy. We also have warehouses in India, UAE and USA, where we store inventory of spares for after-sales services. Any significant social, political or economic disruption or natural calamities or civil disruptions in these states or countries or changes in the policies of the states or local governments could require us to incur significant capital expenditure, change our business strategy and may have an effect on our business, results of operations, financial condition and cash flows. We provide details of our installed capacity to the Secretariat for Industrial Assistance, Ministry of Commerce & Industry. We utilise specific facilities depending on factors such as proximity to the customer, specifications of the ordered machinery, among others. For further information, see “Our Business – Installed Capacity, Actual Production and Capacity Utilization” on page 224. Our business is dependent upon our ability to manage our manufacturing facilities since almost all of our revenue is generated from these facilities, which are subject to various operating risks, including political instability, productivity of our workforce, the possibility of strikes, lock-outs and other labour disruptions, compliance with regulatory requirements, difficulties with production costs and yields, product quality, scheduled downtimes for maintenance activities, and those beyond our control, such as the breakdown and failure of equipment or industrial accidents, disruption in electrical power or water resources, severe weather conditions, natural disasters and an outbreak of infectious diseases such as COVID-19. In addition, we depend on our suppliers, vendors and other partners to provide the necessary equipment and services that we will need for our continuing operations. Our inability to continue to obtain equipment and raise purchase orders with our suppliers in a timely manner, or at all, could adversely affect our results of operations, financial condition and cash flows. Any significant malfunction or breakdown of our machinery may entail significant repair and maintenance costs and cause delays in our operations. While there have been no instances of slowdown, shutdown or disruption of our manufacturing facilities in the last three Fiscals that had a material impact on our results of operations, financial condition and cash flows, our inability to effectively respond to any shutdown or slowdown and to rectify any disruption, in a timely manner and at an acceptable cost, could lead to delays in the entire production cycle including assembly, an inability to comply with our customers’ requirements and loss of revenue to us and our customers.",Regulatory,4,"High (Regulatory): Specific and material operational/business dependency, but contingent or forward-looking."
"The Indian and global woven raffia machines market faces challenges such as environmental regulations, high capital costs for advanced machinery and competition. We cannot assure you that the demand for our products will continue to grow in the face of these challenges, or that we will be able to successfully navigate such challenges. The global market for woven raffia machines faces threats and challenges, including the following: (Source: F&S Report, page 190) • Environmental regulations and anti-plastic sentiment - Despite being reusable, woven bags are still grouped under broader plastic ban or negative perceptions in many regions. This may limit market growth, particularly in the food grains and consumer packaging sectors, indirectly affecting machinery demand; • High capital costs for advanced machinery - Automation-enabled and energy-efficient machines come at a premium. For many small and mid-sized manufacturers in Asia, Africa, and Latin America, the upfront investment is a barrier without adequate financing or subsidies; • Competition from alternative materials - The growing adoption of biodegradable, paper-based, and jute-based packaging in eco-sensitive markets poses a long-term substitution threat to woven bags, reducing the demand for related machinery; • Raw material and component price volatility - Fluctuating prices of raw materials, electronic components, and motion systems directly impact machine pricing and profitability for both OEMs and buyers, especially during global supply chain disruptions; and • Skilled labour shortages for machine operation - Modern weaving and conversion machines require technical expertise; however, many regions face a shortage of trained operators and maintenance staff, which limits the productive use of advanced machinery. Within India, specific threats and challenges include the following: (Source: F&S Report, page 199) • Stringent environmental regulations - India’s growing focus on sustainability and plastic waste reduction is prompting tighter rules on plastic usage, emissions, and recycling. Machine manufacturers now face the challenge of aligning their equipment with eco-compliance norms, including those that support recyclability, effluent management, and energy efficiency; • Rising competition from low-cost importers: Indian machinery manufacturers have started facing competition from Chinese and other Asian suppliers offering cheaper machines. These foreign players often bundle modern features at competitive prices, pressuring Indian manufacturers to strike a balance between quality, cost, and innovation effectively; • Technology obsolescence and modernization gap: A significant portion of India's existing machinery is outdated, lacking automation, digital controls, or IoT readiness. Upgrading involves high capital expenditure and skilled labour, which many SMEs find difficult to afford or implement without external support or incentives; • Volatility in raw material costs: The woven fabric industry is heavily reliant on petroleum-based polymers, such as polypropylene. Fluctuations in global crude prices directly impact machine utilization and profitability, creating uncertainty for machinery demand cycles; and • Shortage of skilled workforce for digital transition: As machinery becomes more advanced, with the integration of programmable logic controllers, sensors, and AI-based control, there is a growing skills gap in the operator workforce. The lack of trained technicians to manage and maintain modern equipment limits the pace of automation adoption across the industry. We cannot assure you that these factors will not lead to a reduction in demand for our products, or that we will be able to effectively overcome these threats and challenges. A sustained reduction in demand for our products as a result of any or a combination of these factors within the domestic and international markets may adversely affect our results of operations, financial condition and cash flows.",Regulatory,4,"High (Regulatory): Specific and material operational/business dependency, but contingent or forward-looking."
"We have experienced negative cash flows from operating activities in the past. Any negative cash flows from operating activities in the future could adversely affect the results of operations and financial condition. We may in the future experience negative cash flows from operating activities. The details of cash flows from operating activities in the last three Fiscals are as follows: Particulars Restated Financial Information@ Special Purpose Combined and Carve- Out Financial Statements@ (Demerged Business) Fiscal 2026 Fiscal 2025 Fiscal 2024 Fiscal 2024 Consolidated Consolidated Standalone (₹ million) (₹ million) Net cash flows generated from/ (used in) operating activities 3,251.61 1,412.84 (0.10) 1,115.14 @ The Restated Financial Information pertains to our Company for the years ended March 31, 2026, March 31, 2025 and March 31, 2024 while the Special Purpose Combined and Carve-Out Financial Statements pertain to the Demerged Business for the year ended March 31, 2024. Owing to factors such as liabilities, we may have negative cash flows from operating activities. For further details, see the section titled “Management’s Discussion and Analysis of Financial Condition and Results of Operations” beginning on page 392. Any negative operating cash flows over extended periods, or significant negative cash flows in the short term, could adversely affect our results of operations and financial condition.",Financial,4,High (Financial): Specific metrics and financial exposure details provided.
"Certain companies, which became our Subsidiaries pursuant to the Scheme, have incurred losses in the three preceding Fiscals. Further, our Company incurred loss amounting to ₹ 0.09 million in Fiscal 2024, when it did not have any income, on account of legal and professional charges and miscellaneous expenses. Our Company and our Subsidiaries may incur losses in future. Certain companies which are our Subsidiaries as of March 31, 2026 have incurred losses in last three Fiscals. These companies were not our subsidiaries prior to Fiscal 2025 and only became our subsidiaries pursuant to the transfer of the Demerged Business through the Scheme. The profit/(losses) incurred by each such company in Fiscals 2024, 2025 and 2026 have been set forth in the table below: Subsidiary Fiscal 2026 Fiscal 2025 Fiscal 2024 (₹ million) Sundarlam Industries Private Limited (4.12) 47.20 12.96 Lohia Global Solutions, FZE 13.84 (20.08) (71.26) Leesona Corp. (243.41) (102.12) 38.26 Leesona Machinery Private Limited (0.06) (0.03) -# LDB Importacao Exportacao Ltda (9.24) (11.55) 1.28 OMGM Extrusiontechnik S.R.L^ 4.27 (1.73) -^ ^ Incorporated on February 14, 2024. # Incorporated on December 3, 2024. In addition, our Company did not have any operations prior to the Scheme, pursuant to which the Demerged Business was vested in us and we commenced operations. As a result, our Company did not earn any revenue in Fiscal 2024, but incurred expenses owing to legal and professional charges and miscellaneous expenses in connection with its existence. Consequently, our Company incurred loss of ₹ 0.09 million in Fiscal 2024. There can be no assurance that our Company or our Subsidiaries will not incur losses in the future, which may have an adverse effect on our reputation and business. For further details, see “History and Certain Corporate Matters” on page 242.",Financial,4,High (Financial): Specific metrics and financial exposure details provided.
"We have in the past entered into related party transactions and may continue to do so in the future. We have entered into transactions with related parties in the past and from, time to time, we may enter into related party transactions in the future. For further details, see “Summary of Related Party Transactions” and “Financial Information –Restated Financial Information - Note 40. Disclosure in respect of related parties pursuant to IndAS 24” on pages 80 and 330, respectively. These transactions include, among others, purchase and sale of goods, other operating revenues and miscellaneous income, sale of manufacturing goods, and financing or investment activities. Certain related party transactions include borrowings taken from Sarjna Capfin Private Limited amounting to ₹ 1,277.20 million and repayment of borrowings to Sarjna Capfin Private Limited in Fiscal 2025 amounting to ₹ 1,284.32 million. Additionally, trade and other receivables amounted to ₹ 343.40 million in Fiscal 2026. All related party transactions have been conducted on an arm’s length basis, in accordance with the Companies Act and other applicable regulations pertaining to the evaluation and approval of such transactions. However, there is no guarantee that we could not have secured more favourable terms with unrelated third parties. Additionally, future related party transactions may arise, potentially leading to conflicts of interest. The table below provides details of related party transactions as a percentage of revenue from operations in the periods indicated: Particulars Restated Financial Information@ Special Purpose Combined and Carve- Out Financial Statements@ (Demerged Business) Fiscal 2026 Fiscal 2025 Fiscal 2024 Fiscal 2024 Consolidated Consolidated Standalone Absolute sum of all related party transactions (₹ million)* 2,063.63 4,593.39 - 2,070.21 Revenue from operations (₹ million) 17,169.95 13,768.72 - 11,658.08 Absolute sum of all related party transactions as a percentage of revenue from operations (%) 12.02% 33.36% - 17.76% * The related party transactions have been included from the standalone financial statements of our Company for Fiscal 2026 and Fiscal 2025. For transactions entered into between subsidiaries inter se, the Restated Financial Information has also been considered. @ The Restated Financial Information pertains to our Company for the years ended March 31, 2026, March 31, 2025, and March 31, 2024 while the Special Purpose Combined and Carve-Out Financial Statements pertain to the Demerged Business for the year ended March 31, 2024. Our Company may provide loans, advances and guarantees to related parties. For instance, our Company has issued a corporate guarantee of ₹ 413.00 million on behalf of Leesona Corp, as of March 31, 2026. Our Company may also provide loans to its Subsidiaries. We cannot assure you that such parties will not default in repayment of such loans, advances or that such guarantees will not be invoked. In the event of any delays in repayment or other defaults, our business, financial condition and results of operations may be adversely affected. All related party transactions that we may enter into post-listing, will be subject to an approval by our Audit Committee, Board, or Shareholders, and other disclosure requirements as required under the Companies Act and the SEBI Listing Regulations. Any such related party transactions in the future may potentially involve conflicts of interest which may be detrimental to the interest of our Company and we cannot assure you that such transactions, individually or in the aggregate, will always be in the best interests of our minority shareholders and will not have an adverse effect on our business, results of operations, financial condition and cash flows.",Regulatory,4,High (Regulatory): Specific metrics and financial exposure details provided.
"We are exposed to foreign currency fluctuation risks, particularly in relation to import of raw materials and export of products, which may adversely affect our results of operations, financial condition and cash flows. We face foreign exchange rate risk to the extent that our revenue, expenses, assets or liabilities are denominated in a currency other than the Indian Rupee. Our financial statements are presented in Indian Rupees. To a large extent, our revenue and expenses are influenced by the currencies in which we invoice our exports or import our raw materials. Set forth below are details of (i) revenue from operations from overseas operations, and (ii) expenditure on consumption of imported raw material, in each of the corresponding periods: Particulars Restated Financial Information@ Special Purpose Combined and Carve- Out Financial Statements@ (Demerged Business) Fiscal 2026 Fiscal 2025 Fiscal 2024 Fiscal 2024 Consolidated Consolidated Standalone Amount (₹ million) Percentag e of revenue from operation s (%) Amount (₹ million) Percentag e of revenue from operation s (%) Amount (₹ million) Percentag e of revenue from operation s (%) Amount (₹ million) Percentage of revenue from operations (%) Revenue from operations (overseas) 7,242.56 42.18% 8,010.54 58.18% - - 5,770.47 49.50% Expenditure on consumption of imported raw material* 1,551.35 16.06% 1,137.12 8.26% - - 1,010.61 8.67% * Represents cost of materials consumed, purchases of stock-in-trade and changes in inventory. @ The Restated Financial Information pertains to our Company for the years ended March 31, 2026, March 31, 2025 and March 31, 2024 while the Special Purpose Combined and Carve-Out Financial Statements pertain to the Demerged Business for the year ended March 31, 2024. For details on the exchange rates between the Indian Rupee and the currencies we transact in, see “Management’s Discussion and Analysis of Financial Condition and Results of Operations – Global Operations and Foreign Exchange” beginning on page 395. Set forth below are the amounts of revenue earned in different currencies in the corresponding periods: Particulars Restated Financial Information@ Special Purpose Combined and Carve- Out Financial Statements@ (Demerged Business) Fiscal 2026 Fiscal 2025 Fiscal 2024 Fiscal 2024 Consolidated Consolidated Standalone Amount (₹ million) Percentag e of revenue from operation s (%) Amount (₹ million) Percentag e of revenue from operation s (%) Amount (₹ million) Percentag e of revenue from operation s (%) Amount (₹ million) Percentage of revenue from operations (%) U.S. dollar 5,696.78 33.18% 6,031.31 43.80% - - 4,165.72 35.73% Euro 1,058.93 6.17% 1,381.38 10.03% - - 1,070.33 9.18% AED 3.02 0.02% 0.46 0.01% - - 53.40 0.46% JPY 3.92 0.02% 3.20 0.02% - - 0.87 0.01% CNY - - - - - - 9.73 0.08% INR 10,392.83 60.53% 6,351.63 46.13% - - 6,356.18 54.52% BRL 14.47 0.08% 0.74 0.01% - - 1.85 0.02% Total 17,169.95 100.00% 13,768.72 100.00% - - 11,658.08 100.00% @ The Restated Financial Information pertains to our Company for the years ended March 31, 2026, March 31, 2025 and March 31, 2024 while the Special Purpose Combined and Carve-Out Financial Statements pertain to the Demerged Business for the year ended March 31, 2024. We have borrowings denominated in foreign currencies that may witness adverse fluctuation as a result of variation in the exchange rate. Further, while we seek to hedge our foreign currency risk by entering into foreign exchange forward contracts and derivative instruments, any steps undertaken to hedge the risks due to fluctuations in currencies may not adequately hedge against any losses that we incur due to such fluctuations. Set forth below are details of our unhedged foreign currency exposure (net outflow) as of each of the corresponding dates: Particulars Restated Financial Information@ Special Purpose Combined and Carve- Out Financial Statements@ (Demerged Business) Fiscal 2026 Fiscal 2025 Fiscal 2024 Fiscal 2024 Consolidated Consolidated Standalone Unhedged foreign currency exposure (net outflow) (₹ million) (117.00) (492.00) - (780.00) @ The Restated Financial Information pertains to our Company for the years ended March 31, 2026, March 31, 2025 and March 31, 2024 while the Special Purpose Combined and Carve-Out Financial Statements pertain to the Demerged Business for the year ended March 31, 2024. For details, see “Management’s Discussion and Analysis of Financial Condition and Results of Operations – Global Operations and Foreign Exchange” beginning on page 395.",Financial,4,High (Financial): Specific metrics and financial exposure details provided.
"Our inability to handle risks associated with our export sales and our international operations, including the imposition of tariffs or other anti-outsourcing legislation, could negatively affect our sales to customers in foreign countries, as well as our operations and assets in such countries. We derive a portion of our revenues from operations and conduct business outside India. Set forth below are details of overseas revenues from operations, including from the top five countries, in each of the corresponding periods: Particulars Restated Financial Information@ Special Purpose Combined and Carve- Out Financial Statements@ (Demerged Business) Fiscal 2026 Fiscal 2025 Fiscal 2024 Fiscal 2024 Consolidated Consolidated Standalone Amount (₹ million) Percentag e of revenue from operation s (%) Amount (₹ million) Percentag e of revenue from operation s (%) Amount (₹ million) Percentag e of revenue from operation s (%) Amount (₹ million) Percentage of revenue from operations (%) Revenue from operations (overseas) 7,242.56 42.18% 8,010.54 58.18% - - 5,770.47 49.50% Revenues from sales outside India (top countries)* 1,902.32 11.08% 2,476.14 17.98% - - 1,927.99 16.54% * Top 5 countries to which products were exported differ for each year. @ The Restated Financial Information pertains to our Company for the years ended March 31, 2026, March 31, 2025 and March 31, 2024 while the Special Purpose Combined and Carve-Out Financial Statements pertain to the Demerged Business for the year ended March 31, 2024. The tables below set forth details of revenue generated from exports to the top 5 jurisdictions for the corresponding periods: Restated Financial Information Fiscal 2026 Consolidated Amount (₹ million) Percentage of revenue from operations (%) Saudi Arabia 467.37 2.72% USA 385.29 2.24% Bangladesh 372.95 2.17% Brazil 356.36 2.08% Thailand 320.35 1.87% Restated Financial Information* Fiscal 2025 Consolidated Amount (₹ million) Percentage of revenue from operations (%) Egypt 603.80 4.39% Iraq 579.31 4.21% USA 549.82 3.99% Sri Lanka 387.59 2.82% Indonesia 355.62 2.58% * Note: Our Company had no operations in Fiscal 2024, and the Restated Financial Information for Fiscal 2024 consequently includes no revenue from exports. Special Purpose Combined and Carve-Out Financial Statements (Demerged Business) Fiscal 2024 Amount (₹ million) Percentage of revenue from operations (%) Algeria 466.64 4.00% Indonesia 435.35 3.73% Russian Federation 411.90 3.53% Brazil 309.88 2.66% Bangladesh 304.22 2.61% Further, we have manufacturing operations across India, USA and Italy, as well as sales offices and international offices in India, Brazil, Russia, Thailand, and UAE. In addition, we have warehouses in India, UAE and USA. For details, see “Our Business – Business Development and Sales” on page 228. The markets in which we operate are diverse and fragmented, with varying levels of economic and infrastructure development and distinct legal and regulatory systems, and may not operate seamlessly across borders as a single or common market. Our international operations are subject to, among other risks and uncertainties, the following: • Efforts to introduce or expand tariffs on import of manufactured goods and incentives for domestic companies to set up manufacturing facilities within the respective countries. For instance, the US has imposed significant tariffs on Indian imports, which may affect our sales in the US. Policy changes and proposals such as the imposition of higher tariffs on imports into the United States of America may lead to greater restrictions and economic disincentives on international trade, while new tariffs and other changes in the trade policy may trigger retaliatory actions; • Changes in foreign laws, regulations and policies, including restrictions on trade, import and export license requirements, taxes, repatriation of revenues or profits from foreign jurisdictions into India, intellectual property enforcement issues and changes in foreign trade and investment policies; • Demand for our products by our customers located outside India; • Pricing pressures and competition in each jurisdiction of our operations; • Social, economic, political, geopolitical conditions and adverse weather conditions, such as natural disasters, civil disturbance, terrorist attacks, war or other military action would affect our business and operations. For example, such a disruption may prevent us from production or delivery of our products to our customers; • Compliance with local laws, including legal constraints on ownership and corporate structure, environmental, health, safety, labour and accounting laws, may impose onerous and expensive obligations on our foreign subsidiaries; • Challenges caused by distance, language and cultural differences; • Potential damage to our brand and reputation due to compliance with local laws, including requirements to provide information to local authorities; • Imposition of international sanctions on one or more of the countries in which we operate; and • Fluctuations in foreign currency exchange rates against the Indian Rupee, may affect our results of operations, the value of our foreign assets, such as export receivables and various investments, the relative prices at which we and our competitors sell products in the same markets and the cost of certain inventory and non-inventory items required for our operations. For instance, fluctuation of the Euro and U.S. dollar would have an impact on the export revenues and profits of our operations. Managing operations across multiple jurisdictions requires significant resources and coordination, as differences in business practices, cultural norms, and regulatory environments can complicate our management processes and decision-making. In addition, we continue to benefit from certain export incentives provided by the GoI, such as duty drawbacks and the Remission of Duties and Taxes on Export Products scheme or the Export Promotion Capital Goods scheme. In Fiscals 2026 and 2025, such export incentives amounted to ₹ 200.69 million and ₹ 193.88 million, respectively, as per the Restated Financial Information. In Fiscal 2024, such export incentives amounted to ₹ 155.29 million, as per the Special Purpose Combined and Carve-Out Financial Statements. Any revocation of such incentives, or our ineligibility to avail of them, may lead us to incur additional expense in our exports process. Any of these risks could have an adverse effect on our business, results of operations, financial condition and cash flows.",Legal,4,"High (Legal): Specific and material operational/business dependency, but contingent or forward-looking."
"Under-utilization of our manufacturing capacity and an inability to effectively utilize our manufacturing, developmental and support services infrastructure could have an adverse effect on our business, results of operations, financial condition and cash flows. The success of any machine manufacturing business is dependent upon regular technological upgradation, hiring and retention of qualified and experienced personnel, and their satisfactory performance; and the ability to absorb additional infrastructure costs and develop new expertise. Our capacity utilization is also affected by the capital goods procurement plan of our customers, which is dependent upon business cyclicality and seasonality of end-user industries, although our business itself is not inherently seasonal in nature. In recent times, we have made investments for modernisation of our manufacturing capacities and are continuing to undertake additional investments to optimise our existing capacity. Our expected return on capital invested is subject to, among other factors, the ability to ensure satisfactory performance of personnel to further grow our business, our ability to absorb additional infrastructure costs and utilize the capacities as anticipated. In case of oversupply in the industry or lack of demand we may not be able to utilise our expanded capacity efficiently. For information on our product-wise installed capacity, actual production and capacity utilization, see “Our Business – Installed Capacity, Actual Production and Capacity Utilization” on page 224. Under-utilization of our manufacturing capacity over extended periods, or significant under-utilization in the short term, could materially and adversely impact our business, growth prospects and future financial performance. Further, we may make investments towards improving specific processes to increase our manufacturing capacity, but such investments may not be successful in increasing our capacity or yield the desired returns. In addition, we have leased warehouses and sales offices in different jurisdictions which are similarly subject to the risk of under-utilization. Our capacity utilization is affected by the availability of industry or market conditions as well as by the requirements of, and procurement practice followed by, our customers. Further, if our customers have lower demand than anticipated, including due to our machines’ extended useful life or durability, or cancel existing orders or change their policies, resulting in reduced quantities being supplied by us, it could result in the under-utilization of our production capacities. While there have been no such instances in the last three Fiscals which had a material impact on our business, results of operations and financial condition, changes in demand could reduce our ability to estimate accurately future customer requirements, make it difficult to schedule production and lead to over production or utilization of our production capacity, which could adversely affect our business, results of operations, financial condition and cash flows.",Financial,3,Moderate (Financial): Real business risk but stated vaguely without specific numbers or metrics.
"We face significant competitive pressures in our industry. Our inability to compete effectively would be detrimental to our business and prospects for future growth. We face significant competition in our business from other woven raffia machine manufacturers. For details, see “Industry Overview” beginning on page 150. Key players in the global market include Starlinger & Co. GmbH, Yongming Machinery, Hengli Machinery, Tianfeng Plastic Machinery, Polystar, and JP Extrusiontech, among others. (Source: F&S Report, page 192) We are a market leader in the domestic woven Raffia machines market, with a dominant market share of 40.7% by value, in Fiscal 2025 and 52.8% in Fiscal 2024. (Source: F&S Report, page 200) Our sales and business face risks relating to rapid technological change, the development of new machinery and their rapid obsolescence, evolving industry standards and significant price erosion or depreciation over the life of our machinery. We primarily compete based on the following: • product functionality, quality and reliability; • design, technical skill; • research and development; • production capabilities; • ability to meet customers’ order requirements and delivery schedules; • customer relationships and after-sales-services; and • product price. There can be no assurance that we will maintain our competitiveness in any of these areas with respect to any of our products. While we work to offset pricing pressures, introduce new products, advance our technological capability, improve our services and enhance our production efficiency to reduce costs, such efforts may not be successful. Also, as we plan to expand our offerings to launch new products, we may face strong competition from other players in the same markets. Many of our existing and potential competitors may seek to be at par with us or exceed us in terms of their financial, production, sales, marketing and other resources. If we fail to compete effectively in the future, our results of operations, financial condition and cash flows could be adversely affected.",Financial,4,"High (Financial): Specific and material operational/business dependency, but contingent or forward-looking."
"Information relating to our production capacities and the historical capacity utilization of our manufacturing facilities included in this Red Herring Prospectus is based on various assumptions and estimates and future production and capacity utilization may vary. Information relating to our production capacities and the capacity utilization of our manufacturing facilities included in this Red Herring Prospectus is based on various assumptions and estimates of our management that have been taken into account by the chartered engineer in the calculation and verification of our capacity, as well as assembling capacities of different machines, availability of covered surface area, capacity of handling equipment and adjusting it for a wide range of actual processes and batch sizes. The calculation of installed capacity is based on certain assumptions such as assembling capacities of different machines, availability of covered surface area, capacity of handling equipment and adjusting it for a wide range of actual processes and batch sizes. Manufacturing facilities at different plants are common for products being manufactured in those plants, therefore, the installed capacity for different products is interchangeable to a large extent. While we register details of our installed capacity with the Secretariat for Industrial Assistance, Ministry of Commerce & Industry, such capacities are registered on the basis of key product lines and may not account for products in which we provide purely assembly functions or which involve modifications to our existing product lines. Accordingly, our installed capacity included in this Red Herring Prospectus may not be comparable with the registered capacity as provided to the Secretariat for Industrial Assistance, Ministry of Commerce & Industry. Actual production levels and utilization rates may differ significantly from the estimated production capacities or historical estimated capacity utilization information of our facilities.",Operational,4,"High (Operational): Specific and material operational/business dependency, but contingent or forward-looking."
"We are expected to comply with quality requirements imposed by our customers and any product defect issues or failure by us or our raw material suppliers to comply with quality standards may lead to the cancellation of existing and future orders, recalls or warranty and exposure to potential product liability and other customer claims which in turn could adversely affect our business, results of operations, financial condition and cash flows. We face an inherent business risk of exposure to product defects, quality complaints and subsequent liability claims if the use of any of our products results in personal injury or property damage. We and our suppliers may not be able to meet quality standards imposed by our customers and applicable to our manufacturing processes, which could have a material adverse effect on our business, results of operations, financial condition and cash flows. We are subject to product liability and other claims from customers or third parties, in connection with (i) the non- compliance of these products or services with the customer’s specifications, due to faults in design or production, (ii) the delay or failed supply of the products or the services indicated in the contract or purchase order, or (iii) defaults and/or delays in delivery, rendering of after-sale services and maintenance and revision of products. These liabilities might arise from causes that are directly attributable to us or causes that are attributable to third parties which act as our suppliers or sub-contractors. If any of our products do not meet quality standards or are defective, we may be, inter alia, (i) responsible for damages, refunds or credits relating to any defective products, (ii) required to replace, recall or redesign such products or (iii) incur significant costs to defend any such claims. We usually provide warranty against manufacturing defects on our products. For example, warranty for manufacturing defects is typically provided for 12 months from the date of commissioning or 15 months from the date of shipment of machines, whichever is earlier, over components other than electrical/ electronic items. Any defect in our finished products, based on quality of other specifications, may result in customers making a warranty claim. Set forth below are details of warranty claims in the ordinary course of business, as well as the provisions made for such warranties, in each of the corresponding years: Particulars Restated Financial Information@ Special Purpose Combined and Carve-Out Financial Statements@ (Demerged Business) As of/ For the year ended March 31, As of/ For the year ended March 31, 2026 2025 2024 2024 Consolidated Consolidated Standalone (₹ million) Percenta ge of revenue from operation s (%) (₹ million) Percenta ge of revenue from operation s (%) (₹ million) Percenta ge of revenue from operation s (%) (₹ million) Percentage of revenue from operations (%) Warranty claims made against our products in the ordinary course of our business 63.36 0.37% 69.39 0.50% - - 87.02 0.75% Provision for warranties 104.63 0.61% 89.63 0.65% - - 80.00 0.69% @ The Restated Financial Information pertains to our Company for the years ended March 31, 2026, March 31, 2025 and March 31, 2024 while the Special Purpose Combined and Carve-Out Financial Statements pertain to the Demerged Business for the year ended March 31, 2024. Although we typically make provisions for customer warranty claims, insurance for product liability is typically not available due to the nature of the sector in which we operate. There may be events such as supplier defects that could significantly impact our operations, or expose us to third-party liabilities, which could adversely affect our business, results of operation and financial condition. Furthermore, material breaches by us in the performance of our obligations may lead to customers choosing to discontinue their relationship with us in future. In addition, any accident, failure, incident or liability could negatively affect our reputation among our customers and the public, thereby making it more difficult for us to compete effectively, and could significantly impact our costs. We cannot assure you that we or our component suppliers comply or can continue to comply with all regulatory requirements or the quality requirement standards of our customers. The long useful life of some our products makes it possible that latent defects might not appear for several years. While there have been no such instances in the last three Fiscals which had a material impact on our business, results of operations and financial condition, we cannot assure you that any future non-compliance with quality expectations and specifications set out by our customers will not have an adverse effect on our business, results of operations, financial condition and cash flows. Further, in connection with certain products that we export, we may be required to provide performance bank guarantees as a percentage of the value of machines. While we have not had any instances where a performance bank guarantee has been invoked by a customer owing to unsatisfactory performance of machines supplied by us in the last three Fiscals, we cannot assure you that we will not be subject to invocation of such bank guarantees in future. We also have service engineers stationed at various locations in India and overseas, who provide support in erection and commissioning of machinery and provide after-sales services in their respective regions. If these service engineers fail to maintain quality standards or provide satisfactory after-sales services, our reputation may be adversely affected. The failure by us or any of our suppliers to achieve or maintain quality standards may disrupt our ability to supply products sufficient to meet demand until compliance is achieved or until a new supplier has been identified and evaluated. The quality of raw materials and the goods we trade in will have an impact on the quality of the finished products and in turn affect our brand image, business and revenue. There is no assurance that our products will always meet the satisfaction of our customers’ quality standards. Our or our component supplier’s failure to comply with applicable regulations could cause adverse consequences to be imposed on us, including warning letters, fines, injunctions, civil penalties, the refusal of regulatory authorities to grant approvals, delays, suspensions or withdrawal of approvals, license revocation, seizures or recalls of products, operating restrictions and criminal prosecutions, all of which could harm our business. There can be no assurance that if we need to engage new suppliers to satisfy our business requirement, we will be able locate new suppliers in compliance with regulatory requirements in a timely manner, or at all. While there have been no such instances in the last three Fiscals which had a material impact on our business, results of operations and financial condition, failure to comply with quality standards could lead to the cancellation of existing and future orders and have an adverse effect on our business, results of operations, financial condition and cash flows.",Regulatory,4,"High (Regulatory): Specific and material operational/business dependency, but contingent or forward-looking."
"Failure to maintain or improve our product offerings and technology infrastructure could harm our business, results of operations, financial condition and cash flows. As a technology and innovation driven company with a focus on R&D, we possess technical knowledge about our products which has been built up through our own experiences and investment in our in-house R&D capabilities. As at March 31, 2026, we had 251 on-roll employees engaged in R&D activities, representing 12.49% of our total on-roll manpower. Set forth below are details of R&D expenditure in each of the corresponding periods: Particulars Restated Financial Information@ Special Purpose Combined and Carve-Out Financial Statements@ (Demerged Business) Fiscal 2026 Fiscal 2025 Fiscal 2024 Fiscal 2024 Consolidated Consolidated Standalone (₹ million) Percentag e of revenue from operation s (%) (₹ million) Percentag e of revenue from operation s (%) (₹ million) Percentag e of revenue from operation s (%) (₹ million) Percentage of revenue from operations (%) Expenditure on R&D 518.33 3.02% 371.13 2.70% - - 367.97 3.16% @ The Restated Financial Information pertains to our Company for the years ended March 31, 2026, March 31, 2025 and March 31, 2024 while the Special Purpose Combined and Carve-Out Financial Statements pertain to the Demerged Business for the year ended March 31, 2024. Our future success may depend in part on our ability to respond to technological advances and emerging standards and practices on a cost effective and timely basis. The development and commercialization of new products is complex, time-consuming and costly, and its outcome is inherently uncertain. Due to the long lead times associated with development for many of the machinery and equipment, as well as the competitive advantage that can come from being the initial developer of a new product, it is important that we maintain a sufficiently large portfolio of machinery and equipment and a product pipeline and manage their development processes so as to bring our systems and components to market on a timely basis. We cannot assure you that we will be able to successfully make timely and cost-effective enhancements and additions to the technology underpinning our operational platform, keep up with technological improvements in order to meet our customers’ needs or that the technology developed by others will not render our services less competitive or attractive. In addition, rapid and frequent technology and market demand changes can often render existing technologies and equipment obsolete, requiring substantial new capital expenditures or write-down of assets. Our failure to anticipate and adequately respond to evolving technical and technological specifications and market trends may adversely affect our business, financial condition, results of operations and prospects. Planned product upgrades may be subject to unanticipated delays or our competitors’ products may be more effective or innovative and/or less expensive or may garner larger market share due to other reasons beyond our present knowledge or control, thus yielding lower sales and profits relative to our expectations. Our failure to successfully adopt such technologies in a cost effective and a timely manner could increase our costs (in comparison to our competitors who are able to successfully implement such technologies) and lead to us being less competitive in terms of our prices or quality of services we provide. Further, implementation of new or upgraded technology may not be cost effective, which may adversely affect our profitability. Any of the above events may adversely affect our results of operations, financial condition and cash flows.",Financial,4,High (Financial): Specific metrics and financial exposure details provided.
"Activities involving our manufacturing and assembly process can be dangerous and can cause injury to people or property in certain circumstances. Further, we may be required to work with hazardous materials and such activities in our operation can be dangerous, which could cause injuries to people or property. A significant disruption at any of our manufacturing facilities may adversely affect our production schedules, costs, sales and ability to meet customer demand. Our business involves complex manufacturing processes that can be dangerous to our employees. Although we provide necessary training and employ safety procedures, including providing safety equipment on the shop floor, in the operation of our facilities and maintain what we believe to be adequate insurance, there is a risk that an accident or death may occur in any of our facilities. An accident may result in loss of life or injury, destruction of property or equipment, environmental damage, manufacturing or delivery delays, or may lead to suspension of our operations and/or imposition of liabilities. Any such accident may result in litigation, the outcome of which is difficult to assess or quantify, and the cost to defend such litigation can be significant. As a result, the costs to defend any action or the potential liability resulting from any such accident or death or arising out of any other litigation, and any negative publicity associated therewith, may have a negative effect on our business, results of operations, financial condition and cash flows. While we maintain legally mandated insurance policies such as group personal accident and medical insurance policies for our permanent and contractual employees, we cannot assure you that the coverage under such policies will be sufficient to cover loss sustained or that an affected employee or third party will not additionally seek legal recourse against us. For details, see “- Our insurance coverage may not be adequate to protect us against all potential losses, which may have a adverse effect on our business, results of operations, financial condition and cash flows” on page 44. While we have not experienced any such instances in the last three Fiscals which had a material impact on our business, results of operations and financial condition, if operations at our manufacturing facilities were to be disrupted as a result of any significant workplace accident, equipment failure, natural disaster, power outage, fire, explosion, terrorism, adverse weather conditions, labour dispute, obsolescence or other reasons, our financial performance may be adversely affected as a result of our inability to meet customer demand or committed delivery schedules for our products. Nevertheless, events such as the COVID-19 pandemic may lead to temporary closure of our manufacturing facilities and lead to disruption in our production schedules, costs, sales, or ability to meet customer demand. Interruptions in production may also increase our costs and reduce our sales and may require us to make substantial capital expenditures to remedy the situation or to defend litigation that we may become involved in as a result, which may negatively affect our results of operations, financial condition and cash flows. Our operations are also subject to operating risks associated with machinery manufacturing, including related to handling and storage of raw materials used in our manufacturing processes. Our operations involve handling hazardous materials such as chromium for chromium plating of parts/ components, which can cause accidents resulting in serious injuries or death of employees or other persons, if improperly handled, and cause damage to our properties and the properties of others. Despite compliance with requisite safety requirements and standards, our operations are subject to significant hazards, including: • explosions; • fires; • mechanical failures and other operational problems; • inclement weather and natural disasters; and • other environmental risks. The occurrence of any of these hazards could result in a suspension of operations and the imposition of civil or criminal liabilities. While we maintain insurance policies such standard fire and special perils insurance covering our buildings and manufacturing facilities, we cannot assure you that the coverage under such policies will be sufficient to cover any losses sustained. The loss or shutting down of our facilities could disrupt our business operations and adversely affect our results of operations, financial condition and reputation. While there have been no such instances in the last three Fiscals which had a material impact on our business, results of operations and financial condition, we cannot assure you that such instances will not take place in the future. We may also face claims and litigation, in India or overseas, filed on behalf of persons alleging injury predominantly as a result of occupational exposure to hazards at our facilities. If these claims and lawsuits, individually or in the aggregate, are resolved against us, our business, results of operations, financial condition and cash flows could be adversely affected.",Legal,4,"High (Legal): Specific and material operational/business dependency, but contingent or forward-looking."
"We have incurred indebtedness and are required to comply with certain restrictive covenants under our financing agreements. Any non-compliance may lead to, amongst others, accelerated repayment schedule, enforcement of security and suspension of further drawdowns, which may adversely affect our business, results of operations, financial condition and cash flows. Some of the financing arrangements entered into by us include conditions that require our Company to obtain respective lenders’ consent prior to carrying out certain activities and entering into certain transactions. As of May 31, 2026, we had total borrowings of ₹ 1,391.09 million. Failure to meet these conditions or obtain these consents could have significant consequences on our business and operations. These covenants vary depending on the requirements of the financial institution extending such loan and the conditions negotiated under each financing agreement. Some of the corporate actions that require prior consents from certain lenders include, amongst others, (a) any change in the ownership, shareholding pattern, promoter and promoter group shareholding, management control, or any change in the majority shareholding of our Company, (b) amendment in the constitutional documents of the Company including the memorandum of association and articles of association of the Company, (c) implementing any scheme of expansion, modernisation, diversification, other than incurring routine capital expenditure, (d) entering into any scheme for merger, de-merger, consolidation, re-organization, arrangement, takeover, reconstruction and/or undertaking a buyback; (e) diversification into non-core business areas; (f) undertaking additional capex (except maintenance capex being funded by our internal accruals); (g) further investments into other entities; (h) providing guarantee obligations for third parties; (i) extending loans to group companies, subsidiaries or third parties; and (j) selling or assigning any fixed assets provided as security for loans availed. While we have received all relevant consents required for the purposes of this Offer and have complied with these covenants, a failure to comply with such covenants in the future may restrict or delay certain actions or initiatives that we may propose to take from time to time. While we have not defaulted on any covenants in financing agreements in the last three Fiscals, we cannot assure you that this will continue to be the case in the future. A failure to observe the covenants under our financing arrangements or to obtain necessary consents/ waivers, constitute defaults under the relevant financing agreements and will entitle the respective lenders to declare a default against us and enforce remedies under the terms of the financing agreements, that include, among others, acceleration of amounts due under such facilities, enforcement of any security interest created under the financing agreements and taking possession of the assets given as security in respect of the financing agreements. If the obligations under any of our financing documents are accelerated, we may have to dedicate a portion of our cash flow from operations to make payments under such financing documents, thereby reducing the availability of cash for our working capital requirements and other general corporate purposes. In addition, during any period in which we are in default, we may be unable to raise, or face difficulties raising, further financing. A default by us under the terms of any financing agreement may also trigger a cross-default under some of our other financing agreements, or any other agreements or instruments of our containing cross-default provisions, which may individually or in aggregate, have an adverse effect on our operations, financial position and credit rating. For further details of our borrowings, including restrictive covenants in our loan documentation, see “Financial Indebtedness” on page 434. In addition, our net debt to equity ratio as at March 31, 2026 was 0.23 times and as at March 31, 2025 was 0.47 times, as per the Restated Financial Information. As at March 31, 2024, the net debt to equity ratio was 1.06 times as per the Special Purpose Combined and Carve-Out Financial Statements of the Demerged Business. Any material increase in our debt to equity ratio in the future could reduce our financial flexibility and affect our ability to negotiate favourable terms in our financing agreements. Further, the cost and availability of our capital also depends on our credit ratings. Credit ratings reflects the opinion of the rating agency on our management, track record, diversified clientele, increase in scale and operations and margins, medium term revenue visibility and operating cycle. For more information, see “- Our ability to access capital depends on our credit ratings. The non-availability or downgrade of our credit ratings could restrict our access to capital and adversely affect our business, results of operations, financial condition and cash flows” on page 43.",Regulatory,4,High (Regulatory): Specific metrics and financial exposure details provided.
"Orders in our order book may be delayed, truncated, modified, or cancelled, and may not translate into confirmed orders, which may have an adverse effect on our business, results of operation, financial condition and cash flows. We have, in this Red Herring Prospectus, included information regarding our order book. For further information, see “Basis for Offer Price – Key Performance Indicators” on page 131. Order book means the value of the outstanding order book as of the respective dates, which is calculated as the total value of purchase orders and commitments received by our Company from its customers during the financial year/ period (excluding cancelled purchase orders and commitments), net of the sale of finished goods during the same period as increased by the outstanding purchase orders and commitments as at the previous reporting date. The value of orders and commitments received in foreign currencies has been translated into Indian Rupees at the closing exchange rates prevailing as at the respective reporting dates. As of March 31, 2026 and March 31, 2025, our order book stood at ₹ 13,585.17 million and ₹ 8,284.57 million and as of March 31, 2024, the Demerged Company’s order book stood at ₹ 7,692.40 million. Our order book information included in this Red Herring Prospectus is not audited and only indicates our future revenue but the same may not be actualised. Our order book should not be considered in isolation or as a substitute for performance measures. Delays or deferrals of orders, modifications in the scope including truncation of order size, changes in customer requirements or cancellations of orders may occur from time to time. Accordingly, the realization of our order book and the effect on our results of operations may vary significantly between reporting periods depending on the nature of such contracts, actual performance of such contracts, as well as the stage of completion of such contracts as of the relevant reporting date. We may incur expenses due to delays and our counterparties may refuse to grant extensions, seek liquidated damages due to our failure to perform our orders within required timelines and even terminate our contracts. The costs incurred in such instances will not be reimbursable, which could have an adverse impact on our business, results of operations and cash flows. Due to the possibility of cancellations or changes in scope and schedule of the orders we are required to perform, we cannot predict with certainty when, if or to what extent, orders in our order book will actually be performed. Any delay, cancellation or payment default could have an adverse effect on our business, results of operations, financial condition and cash flows.",Financial,4,High (Financial): Specific metrics and financial exposure details provided.
"Certain of our manufacturing facilities, service centre, offices are located on leased premises. Certain of our facilities are substantially located on leased properties from third parties. Typically, the term of our leases ranges from 11 months to 90 years and are subject to lock-in for a certain duration over the respective term of such lease. The underlying lease agreement for one of our warehouses located in Morbi, Gujarat, expired on April 30, 2026, and we are in the process of renewing the same. While deliberations are underway, we cannot guarantee that the lease agreement will be renewed for another term. We are required to pay a security deposit, specified monthly rentals and common area maintenance charges for the duration of our lease agreements, subject to periodic escalations at agreed rates. These lease agreements may be terminated in accordance with their respective terms, and any termination or non-renewal of such leases could adversely affect our operations. Further, our properties in Panki Industrial Estate, Kanpur, Uttar Pradesh have been obtained on long-term lease from the Uttar Pradesh State Industrial Development Authority (“UPSIDA”), and remain subject to any decision by UPSIDA to revoke such lease, or not renew the lease at the end of its expiry. In addition, we do not have a separate lease agreement for use of the premises on which our manufacturing facility in Como, Italy is situated. The minority shareholder of OMGM, which operates the manufacturing facility, has agreed to provide a designated space free of charge to OMGM until it starts generating revenue. Further, some of our lease agreements may not have been duly stamped as per applicable law or registered with the registering authority of the appropriate jurisdiction. An instrument not duly stamped, or insufficiently stamped, is not admissible as evidence in an India court and we may be subject to penalties under applicable law which could adversely affect our business. For further details, see “Our Business – Properties” on page 232. While there are no instances of non-compliance of the terms of our lease agreements in the last three Fiscals which had a material impact on our business, results of operations and financial condition, there can be no assurance that there will be no such non-compliance leading to termination of such leases in the future. Any change in the terms and conditions of the lease agreements and any premature termination of such lease agreements may have an adverse impact on our business operations. Any adverse impact on the title and ownership rights of the owners from whose premises we operate, breach of the contractual terms of any lease deeds, or any inability to renew such agreements on acceptable terms may also affect our business operations. In addition, the terms of certain of our leases require us to obtain the lessor’s prior consent for certain actions, including making structural alterations to the leased premises, which may be required if we were to undertake an expansion in the future. For instance, for the purpose of the Offer and the consequent amendments to our AOA, we require prior consent from UPSIDA, the lessor of our properties in Panki Industrial Area, Kanpur. We have applied to the UPSIDA for such consent and sent a reminder letter, which have been delivered to and received by the UPSIDA, although the UPSIDA has not formally responded to these letters. There can be no assurance that we will be able to obtain such consents or retain or renew such leases on same or similar terms, or that we will find alternate locations for the existing offices on terms favorable to us, or at all. In the event we intend to expand the capacity of our facilities, and require additional land for such purposes, we cannot assure you that we will be able to identify or acquire adequate land either on a freehold or leasehold basis, or that land acquisitions will be completed in a timely manner, at acceptable costs and/or on commercially reasonable terms, without opposition or relocation and resettlement costs, or at all. The cost of acquiring land on a leasehold basis for our facilities may be higher than we estimated and is subject to a number of factors, including the type of land being acquired, market prices, the level of economic development in the area where the land is located and government regulations pertaining to the price of land, among others. In addition, we may face significant opposition to the construction of our facilities from local communities, non-government organizations and other parties. Such opposition or circumstances may be beyond our control. If we are unable to acquire the required amount of land for our facilities, the viability and efficiency of such projects may be affected. In addition, any inability to complete the acquisition of the necessary land in a timely manner may cause construction delays. The occurrence of any such event could have an adverse effect on our business, results of operations, financial condition and cash flows.",Legal,4,"High (Legal): Specific and material operational/business dependency, but contingent or forward-looking."
"Our past performance may not be indicative of our future growth. If we are unable to sustain or manage our growth or implement our strategies, our business, results of operations, financial condition and cash flows may be adversely affected. The Scheme has enabled us to grow our operations since it became effective in May 2024 (from April 1, 2024 onwards), and in Fiscals 2026 and 2025, our revenue from operations on a consolidated basis stood at ₹ 17,169.95 million and ₹ 13,768.72 million, respectively, while our EBITDA (calculated as profit/(loss) before exceptional items and finance cost, depreciation and amortisation expenses and total tax expenses) was ₹ 3,394.51 million and ₹ 2,286.02 million, respectively. We may not be able to grow our operations due to a variety of reasons including a decline in the demand for machines for manufacturing woven fabric/ sacks, increased price competition, the lack of availability of raw materials, lack of management availability or a general slowdown in the economy. A failure to sustain our growth may have an adverse effect on our business, results of operations and financial condition. We are embarking on a growth strategy that involves increasing the market share of our products, strengthening our position in the conversions and processing machineries segment in India, improving our operational efficiencies through process improvements and augmenting our scale of operations through selective strategic acquisitions and technical alliances. For details, see “Our Business – Business Strategies” beginning on page 212. Our growth strategy will place significant demands on our management as well as our financial, accounting and operating systems. Further, as we scale-up and diversify our products, we may not be able to execute our operations efficiently, which may result in delays, increased costs and lower quality products. We cannot provide assurances that our future performance or growth strategy will be successful. Our failure to manage our growth effectively may have an adverse effect on our business, results of operations, financial condition and cash flows.",Financial,4,High (Financial): Specific metrics and financial exposure details provided.
"Our business is manpower intensive. Our business may be adversely affected by work stoppages, increased wage demands by our employees, or increase in minimum wages across various states, inability to attract or train skilled personnel and if we are unable to engage new employees at commercially attractive terms. The success of our operations depends on availability of labour and maintaining a good relationship with our workforce. Our success also depends on our ability to attract, hire, train and retain skilled workers. As of March 31, 2026, our Company had 2,010 permanent employees on our payroll and 1,099 contract labourers. Set forth below are details of employee benefits expense in each of the corresponding periods: Particulars Restated Financial Information@ Special Purpose Combined and Carve- Out Financial Statements@ (Demerged Business) Fiscal 2026 Fiscal 2025 Fiscal 2024 Fiscal 2024 Consolidated Consolidated Standalone (₹ million) Percenta ge of revenue from operatio ns (%) (₹ million) Percenta ge of revenue from operatio ns (%) (₹ million) Percenta ge of revenue from operatio ns (%) (₹ million) Percentage of revenue from operations (%) Employee benefits expense 1,917.84 11.17% 1,800.46 13.08% - - 1,836.22 15.75% @ The Restated Financial Information pertains to our Company for the years ended March 31, 2026, March 31, 2025 and March 31, 2024 while the Special Purpose Combined and Carve-Out Financial Statements pertain to the Demerged Business for the year ended March 31, 2024. For information on the attrition rates of our permanent employees, see “- We are dependent on a number of key personnel, including our Promoters, Board of Directors, Key Managerial Personnel and members of Senior Management, and the loss of, or our inability to hire, retain, train, and motivate qualified personnel could adversely affect our business, results of operations, financial condition and cash flows” on page 49. India has stringent labour legislations that protect the interests of workers, including legislation that sets forth detailed procedures for the establishment of unions, dispute resolution and employee removal, and legislation that imposes certain financial obligations on employers upon retrenchment. It may become difficult for us to maintain flexible labour policies and labour costs within control, which may increase our costs and adversely affect our business. Any labour unrest directed against us, could directly or indirectly prevent or hinder our normal operating activities, and, if not resolved in a timely manner, could lead to disruptions in our operations. Although we have not experienced any interruption to our operations as a result of labour disputes in the last three Fiscals which had a material impact on our business, results of operations and financial condition, we cannot assure you that we will not experience any such disruption in the future as a result of disputes or disagreements with our work force, which may adversely affect our ability to continue our business operations. In addition, our business requires skilled personnel for the operation of machinery. While we train individuals at our manufacturing technology training centre in Kanpur, Uttar Pradesh to cater to our internal manpower requirements, in the event we are unable to attract or adequately train skilled labour, our operations may be adversely affected. Further, a significant increase in our employee attrition rate could also result in decreased operational efficiencies and productivity, loss of market knowledge and customer relationships, and an increase in recruitment and training costs, thereby adversely affecting our business, results of operations, financial condition and cash flows. In addition, we have service engineers stationed in 12 cities in India, as well as in 13 countries overseas, including countries such as Brazil, Mexico, UAE, Russia, Turkey, Mexico, Kenya and Indonesia. These local engineers provide support in erection and commissioning of machinery and provide after-sales services in their respective regions. If we are unable to attract or retain qualified service engineers who are able to support the installation and operation of our products at our customers’ locations, our reputation and business may be adversely affected. Further, the minimum wage laws in India may be amended leading to upward revisions in the minimum wages payable in one or more states in which we currently operate or may expand to. In addition, our employees in different jurisdictions globally are subject to differing legislation, which we need to comply with. As of the date of this Red Herring Prospectus, we are also party to a collective bargaining arrangement with our employees that provides for periodic increases in certain allowances to our employees. We may need to increase compensation and other benefits in order to attract and retain key personnel in the future and that may materially affect our costs and profitability. We cannot assure you that as we continue to grow our business in the future, our employee costs coupled with operating expenses will not significantly increase.",Legal,4,High (Legal): Specific metrics and financial exposure details provided.
"We appoint contract labour for carrying out certain of our ancillary operations and we may be held responsible for paying the wages of such workers, if the independent contractors through whom such workers are hired default on their obligations, and such obligations could have an adverse effect on our results of operations, cash flows and financial condition. In order to retain flexibility and control costs, we appoint independent contractors who in turn engage on-site contract labour for performing certain of our ancillary operations, including, assisting in loading/ unloading works and housekeeping activities. The numbers of contract labourers vary from time to time based on the nature and extent of work contracted to independent contractors. As of March 31, 2026, March 31, 2025 and March 31, 2024, we engaged 1,099, 873 and 735 contract labourers, respectively, as part of our operations. Such contract labourers amounted to 35.35%, 33.38% and 29.85%, respectively, of our total employees, as of such dates. Although we do not engage these labourers directly, we may be held responsible for any wage payments to be made to such labourers in the event of default by independent contractors. All contract labourers engaged at our facilities are assured minimum wages that are fixed by the state government from time to time. Any requirement for us to offer them permanent employment or upward revision of wages that may be required by the state government to be paid to such contract labourers may increase our costs in connection with such contract labourers. Further, while there have been no such instances in the last three Fiscals, the unavailability of the required number of contract labourers may adversely affect our results of our operations, financial condition and cash flows.",Financial,4,High (Financial): Specific metrics and financial exposure details provided.
"Failure to provide adequate spare parts and services for machinery may adversely affect customer goodwill, our results of operations, financial condition and cash flows. As part of our operations, we supply parts and accessories to global manufacturers of woven raffia. In order to service this business effectively, we are required to maintain a supply of spare parts and accessories to cater to customers’ requirements as they arise. As we cannot accurately anticipate the requirements of customers for spare parts before such requests are made to us, we may not have adequate products to offer customers in a timely manner. Failure to maintain an adequate inventory of spare parts and accessories, particularly in different locations, may prevent us from fulfilling customer requirements swiftly and efficiently. Set forth below are revenues from sale of spare parts for machines for woven fabric/ sacks in the corresponding years: Particulars Restated Financial Information@ Special Purpose Combined and Carve-Out Financial Statements@ (Demerged Business) Fiscal 2026 Fiscal 2025 Fiscal 2024 Fiscal 2024 Consolidated Consolidated Standalone (₹ million) Percenta ge of revenue from operatio ns (%) (₹ million) Percenta ge of revenue from operatio ns (%) (₹ million) Percenta ge of revenue from operatio ns (%) (₹ million) Percentage of revenue from operations (%) Revenue from spare parts for woven raffia machines 1,947.30 11.34% 1,737.81 12.62% - - 1,393.57 11.95% @ The Restated Financial Information pertains to our Company for the years ended March 31, 2026, March 31, 2025 and March 31, 2024 while the Special Purpose Combined and Carve-Out Financial Statements pertain to the Demerged Business for the year ended March 31, 2024. While there have been no instances in the last three Fiscals that materially affected our business and results of operations, any failure to cater to customers in our spare parts and accessories business may lead to lower demand and loss of goodwill, thereby adversely affecting our results of operations, financial condition and cash flows.",Financial,4,"High (Financial): Specific and material operational/business dependency, but contingent or forward-looking."
"Our Promoters, Directors and Group Companies may have interests in certain companies, which could be in businesses similar to ours or our Subsidiaries’ and this may result in potential conflict of interest with us or our Subsidiaries. A potential conflict of interest may occur between our Promoters, Directors and Group Companies if they have interest in companies in the similar line of business as our Company or our Subsidiaries. Our Promoters, Directors, their related entities and our Group Companies may compete with us or our Subsidiaries and have no obligation to direct any opportunities to us or our Subsidiaries. In addition, under the memorandum of family settlement dated September 21, 2022 (“Family Settlement Agreement”) executed by various members of the Lohia family who had ownership interests of various Lohia Group (as defined in the Family Settlement Agreement) companies, the signatories had agreed that for a period of 10 years from the effective date (i.e., 30 days after execution of the Family Settlement Deed) (“Non-Compete Period”), no entity owned or controlled by the Lohia family members other than the Demerged Company, its subsidiaries, joint ventures and permitted assigns (which includes our Company pursuant to the Scheme) would be engaged in the business and supply of plant and machinery for manufacture of woven fabrics. Upon the expiry of the Non-Compete Period, the signatories to the Family Settlement Agreement, which include certain of our Promoters and members of the Promoter Group, may commence, acquire or invest in competing businesses to ours, which could adversely affect our business, results of operations, financial condition and cash flows. For further details of the Family Settlement Agreement, see “History and Other Corporate Matters – Agreements required under Clause 5A of paragraph A of part A of Schedule III of the SEBI Listing Regulations” on page 253. While no other conflict exists as of the date of this Red Herring Prospectus, necessary procedures and practices may be adopted as permitted by law to address any instances of conflict of interest, such as ethical walls, if and when they may arise. We cannot assure you that any conflicts of interest in future will be resolved in an impartial manner.",Regulatory,3,Moderate (Regulatory): Real business risk but stated vaguely without specific numbers or metrics.
"Our Joint Statutory Auditors have referred to an emphasis of matters in their examination report on the restated financial information as at and for the year ended March 31, 2025. The emphasis of matter is set forth below: “We draw attention to note 47 to the accompanying consolidated financial statements which describes that pursuant to the scheme of arrangement (the “Scheme”) between the Company and Lohia Trade Services Limited (formerly known as Lohia Corp Limited) (“LTSL”), technical textile machinery business (“Demerged Undertaking”) of LTSL and the related investments by LTSL in its five subsidiaries along with the Demerged Undertaking has been transferred to and merged with the Company with the appointed date of 01 April 2024 as per the accounting treatment prescribed in the Scheme which has been approved by National Company Law Tribunal, Allahabad Bench at Prayagraj (“NCLT”) vide their order dated 16 April 2024.” The opinion of our Joint Statutory Auditors is not modified in respect of this matter. We cannot assure you that any similar emphasis of matters will not form part of our financial statements for future fiscal periods, which could subject us to additional liabilities due to which our reputation and financial condition may be adversely affected.",Regulatory,3,Moderate (Regulatory): Real business risk but stated vaguely without specific numbers or metrics.
"Our Joint Auditors have included other audit qualification in the annexure to the auditor’s reports issued under the Companies (Auditor’s Report) Order, 2020 (“CARO”) on the consolidated financial statements for the year ended March 31, 2026 and March 31, 2025. Our Joint Statutory Auditors have included other audit qualification in the annexure to the auditors’ reports issued under CARO, on the consolidated financial statements for the years ended March 31, 2026 and March 31, 2025, which does not require any corrective adjustment in the Restated Financial Information, as set forth below: Year ended March 31, 2026 Clause (ix)(d) of Companies (Auditor’s Report) Order, 2020 “Sundarlam Industries Private Limited According to the information and explanations given to us, and the procedures performed by us and on an overall examination of the financial statements of the Company we report that in the current year funds amounting to ₹ 16.39 millions raised on short term basis have been used for long term purposes by the Company, whereas in the previous year no funds raised on short term basis have been used for long term purposes.” Year ended March 31, 2025 Clause (ix)(d) of Companies (Auditor’s Report) Order, 2020 “Sundarlam Industries Private Limited According to the information and explanations given to us, and the procedures performed by us and on an overall examination of the financial statements of the Company we report that in the current year no funds raised on short term basis have been used for long term purposes, whereas in the previous year funds raised on short term basis amounting to ₹ 28.47 millions have been used for long term purposes by the Company.” For further information, see “Financial Information – Restated Financial Information” on page 277. We cannot assure you that other audit qualifications under CARO or the Companies (Auditor’s Report) Order, 2020 will not be included in our consolidated financial statements in the future. Any future inclusions of such other audit qualifications may adversely affect our reputations, results of operations, financial condition and cash flows.",Regulatory,4,High (Regulatory): Specific metrics and financial exposure details provided.
"Our failure to keep our technical knowledge confidential could erode our competitive advantage. We possess extensive technical knowledge about our products. Our technical knowledge is a significant independent asset, which may not be adequately protected by intellectual property rights. Some of our technical knowledge is protected only by secrecy. As a result, we cannot be certain that our technical knowledge will remain confidential in the long run. Certain proprietary knowledge may be leaked, either inadvertently or willfully, at various stages of the production process. A significant number of our employees have access to confidential design and product information and there can be no assurance that this information will remain confidential. Moreover, certain of our employees may leave us and join our various competitors. While we may enter into non-disclosure agreements with our suppliers, there can be no assurance that such agreements will be successful in protecting our technical knowledge. The potential damage from such disclosure is increased as certain of our designs and products are not patented, and thus we may have no recourse against copies of our products and designs that enter the market subsequent to such leakages. If the confidential technical information in respect of our products or business becomes available to third parties or to the public, any competitive advantage we may have over our competitors could be harmed. While there have not been any instances of leakage of technical knowledge or confidential information in the last three Fiscals which had a material impact on our business, results of operations and financial condition, we cannot assure you that such instances will not occur in future. If a competitor is able to reproduce or otherwise capitalize on our technology, it may be difficult, expensive or impossible for us to obtain necessary legal protection. Consequently, any leakage of confidential technical information could have an adverse effect on our results of operations, financial condition and cash flows.",Legal,3,Moderate (Legal): Real business risk but stated vaguely without specific numbers or metrics.
"We are subject to various laws, regulations, approvals and licenses required in the ordinary course of business, including environmental, health and safety laws and other regulations. Any failure to obtain or retain them in a timely manner may adversely affect our operations. Our business and operations are subject to a number of approvals, licenses, registrations and permissions for operating our manufacturing and other facilities, branch offices and regional offices, in addition to extensive government regulations for the protection of the environment and occupational health and safety. We also have certain warehouses, where we store inventory of spares for after-sales services. We have either made or are in the process of making an application or renewal for obtaining necessary approvals that are not in place or have expired. We may also need to apply for additional approvals including the renewal of approvals which may expire from time to time, in the ordinary course of business. We are required to obtain various regulatory approvals and registrations for our operations, including consents from the local pollution control boards in India to establish and operate our manufacturing facilities in India, and registrations with the relevant tax and labour authorities in India and abroad, some of which may expire in the ordinary course and for which we would be required to make applications for renewal from time to time. We are required to obtain and are in the process of applying for the permission for withdrawal of ground water in relation to facility located at D-3/A, Panki Industrial Estate, Kanpur, Uttar Pradesh. In addition, our operations also require us to obtain other approvals and permits including for use of utilities. Failure to obtain and maintain any required approvals and registrations may have an adverse effect on our business, results of operations, financial condition and cash flows. Further, our approvals and registrations are subject to numerous conditions (for instance, including periodic reporting or audit requirements), some of which may require us to undertake substantial compliance-related expenditure. Breach or non-compliance with specified conditions may result in the suspension, withdrawal or termination of our approvals and registrations or the imposition of penalties by the relevant authorities. In addition, in relation to certain business premises that are located in buildings that have been leased by us from third parties (including our manufacturing facilities in Panki Industrial Estate, Kanpur, Uttar Pradesh; Nadakerappa Industrial Estate, Bengaluru, Karnataka; and Peenya Industrial Estate, Bengaluru, Karnataka), certain licenses and approvals are required to be obtained and maintained by the owners of such buildings. Any failure on the part of the owners to obtain and renew these approvals may impact our operations at such premises. For instance, the owner of the building in which our Bengaluru manufacturing facility is located has not obtained an occupancy certificate (“OC”) as per the byelaws of the local planning authority, having jurisdiction over the building. Any adverse regulatory proceedings initiated against the owner for such failure to receive the OC may disrupt our operations or compel us to relocate our Bengaluru manufacturing facility to an alternate location. A suspension, cancellation or refusal to extend our approvals and registrations may require us to cease production at some or all of our manufacturing facilities (or may affect other aspects of our operations), which may have an adverse effect on our business, results of operations, financial condition and cash flows. If we fail to apply, retain, renew or receive any of such approvals, licenses, registrations, permissions or renewals, in a timely manner or at all, our business, results of operations, financial condition and cash flows may be adversely affected. Certain approvals may be pending for application or may have lapsed in their normal course, and we have either made applications to the appropriate authorities in relation to such licenses and/or approvals or is in the process of making such applications. For further information in relation to such approvals, see “Government and Other Approvals” on page 443. Further, our government approvals and licenses are subject to certain conditions, some of which are onerous and require us to make substantial compliance-related expenditure. If we fail to comply or a regulator claims that we have not complied with such conditions, our business, results of operations, financial condition and cash flows may be adversely affected. For details, see “Outstanding Litigation and Material Developments” beginning on page 437.",Legal,4,"High (Legal): Specific and material operational/business dependency, but contingent or forward-looking."
"We export our products to various countries, on account of which we may be subject to significant import duties or restrictions. Further, unavailability of fiscal benefits enjoyed by us or our inability to comply with related requirements may have an adverse effect on our business, results of operations, financial condition and cash flows. Our key overseas markets include Africa, Middle East, SAARC, ASEAN, Latin America and the Commonwealth of Independent States. The table below sets forth the breakdown of our export sales of our key product categories, and as a percentage of our total export sales for the years indicated: Particulars Restated Financial Information@ Special Purpose Combined and Carve-Out Financial Statements@ (Demerged Business) Fiscal 2026 Fiscal 2025 Fiscal 2024 Fiscal 2024 Consolidated Consolidated Standalone Amount (₹ million) Percenta ge of revenue from operatio ns (%) Amount (₹ million) Percenta ge of revenue from operatio ns (%) Amount (₹ million) Percenta ge of revenue from operatio ns (%) Amount (₹ million) Percentage of revenue from operations (%) Circular looms 2,050.03 28.92% 2,608.88 33.46% - - 1,712.16 30.29% Tape Extrusion Lines 1,490.57 21.03% 1,345.69 17.26% - - 1,008.68 17.85% Tape Winders 743.00 10.48% 730.09 9.36% - - 509.08 9.01% Other Sales 265.22 3.74% 266.53 3.42% - - 115.69 2.05% Other machines and equipment 1,796.73 25.34% 2,171.28 27.85% - - 1,758.90 31.12% Spare parts for machines 743.95 10.49% 674.54 8.65% - - 547.57 9.68% Total 7,089.50 100.00% 7,797.01 100.00% - - 5,652.08 100.00% @ The Restated Financial Information pertains to our Company for the years ended March 31, 2026, March 31, 2025 and March 31, 2024 while the Special Purpose Combined and Carve-Out Financial Statements pertain to the Demerged Business for the year ended March 31, 2024. Further, the table below sets forth details of the region-wise revenue generated from sale of manufacturing goods and traded goods for key regions in the years indicated: Particulars Restated Financial Information@ Special Purpose Combined and Carve-Out Financial Statements@ (Demerged Business) Fiscal 2026 Fiscal 2025 Fiscal 2024 Fiscal 2024 Consolidated Consolidated Standalone Revenue (₹ million) Percenta ge of revenue from operatio ns (%) Revenue (₹ million) Percenta ge of revenue from operatio ns (%) Revenue (₹ million) Percent age of revenue from operati ons (%) Revenue (₹ million) Percentage of revenue from operations (%) Africa 1,361.47 7.93% 1,073.56 7.80% - - 817.19 7.01% Asia Pacific (excluding India) 1,780.94 10.37% 1,884.30 13.69% - - 1,663.64 14.27% Commonwealth of Independent States* 416.33 2.42% 648.70 4.71% - - 685.20 5.88% Europe 298.87 1.74% 195.89 1.42% - - 86.53 0.74% MENA 2,097.55 12.22% 2,287.84 16.62% - - 1,172.89 10.06% North and South America 1,134.34 6.61% 1,706.72 12.40% - - 1,226.63 10.52% Total 7,089.50 41.29% 7,797.01 56.64% - - 5,652.08 48.48% @ The Restated Financial Information pertains to our Company for the years ended March 31, 2026, March 31, 2025 and March 31, 2024 while the Special Purpose Combined and Carve-Out Financial Statements pertain to the Demerged Business for the year ended March 31, 2024. * Includes countries such as Russia, Belarus, Kazakhstan, Kyrgyzstan, Uzbekistan and Azerbaijan. The countries in these regions impose varying import duties on our products. There can be no assurance that the import duties will not increase or that new restrictions will not be imposed by such countries. Any substantial increase in such duties or imposition of new restrictions may adversely affect our business, results of operations, financial condition and cash flows. Export destination countries may also enter into free trade agreements or regional trade agreements with countries other than India. Such agreements and alteration of existing tax treaties may lead to increased competition or may even place us at a competitive disadvantage compared to manufacturers in other countries. India is also a party to, and is currently negotiating, free trade agreements with several countries and if we export our products to such countries, any revocation or alteration of those bilateral agreements may also adversely affect our ability to export. Further, changes in import policies or an economic slowdown in countries to which we export our products may have a significant adverse impact on our business, financial condition and results of operations. Further, the GoI notifies policies providing fiscal benefits on exports and imports from time to time and any discontinuance or non-availability of such fiscal benefits enjoyed by us or our inability to comply with related requirements may have an adverse effect on our results of operations, financial condition and cash flows.",Financial,4,High (Financial): Specific metrics and financial exposure details provided.
"If we fail to manage mergers, acquisitions, divestitures, and other transactions successfully, our financial results, business, and future prospects could be harmed. In pursuing our business strategy, we routinely conduct discussions, evaluate targets, and enter into agreements regarding possible joint ventures, equity investments and divestitures. For example, in 2019, the Demerged Company acquired the business and assets of Leesona Corp. in the United States. In 2021, the Demerged Company acquired the lamination / coating machines business for woven fabric of a company in Bengaluru and incorporated Sundarlam Industries Private Limited. In 2024, through our Subsidiary, Leesona Corp., we acquired the business of a supplier of extruder equipment, godet-roll out draw strands, hot air ovens water quenching equipment and other systems relevant to the synthetic fiber, film fiber and monofilament industries in the United States, and we have entered into a shareholders’ agreement with OMGM SAS to form Omgm Extrusiontechnik S.R.L (“OMGM”). Further, we have implemented the Scheme and we cannot assure you that our operations will continue to grow pursuant to the Scheme or that its intended benefits will be achieved. In addition, our ability to successfully grow through our acquisitions may be constrained by the rights that our collaborators, joint venture partners or minority shareholders may have in our acquired entities. For instance, the shareholders’ agreement entered into in respect of our Subsidiary, OMGM, grants certain rights to another party (40% quota-holder of OMGM), including the right to nominate two out of the five directors on the board (including the managing director); the right to approve certain super-majority matters in shareholders meetings of OMGM, including amendments to bye-laws, mergers and corporate restructurings, increase/ reduction in quota-capital, substantial changes to its business, appointment of its auditors; and affirmative voting rights on certain decisions taken by the board of OMGM, including set-up, relocation or shutdown of plants, creation of subsidiaries and joint ventures, compensation to director (including modifications thereto), leasing and disposal of a substantial portion of OMGM’s assets, and execution of agreements with profit or turnover participation. For further information, see “History and Certain Corporate Matters – Other Material Agreements” on page 250. Any deadlock or disagreement with the counterparty to the shareholders’ agreement in connection with decisions on OMGM, if not successfully resolved in accordance with the shareholders’ agreement may adversely impact our ability to operate and grow the business of OMGM. Further, our stake in OMGM could be diluted if we do not participate in further equity issuances by OMGM, and we may not be able to make decisions regarding OMGM that are in our best interest. The counterparty to the shareholders’ agreement may also transfer its shares upon expiry of the contractual lock-in period and we may not be able to engage collaboratively with the transferee regarding OMGM’s business and future growth. Further, our partners or minority shareholders in acquired entities may also engage in competing businesses. For instance, under the shareholders agreement dated October 22, 2021 (as amended) (“SIPL SHA”) between Raj Kumar Lohia (one of our individual promoters) and Sundaram S in respect of the management of Sundarlam Industries Private Limited (“SIPL”), Sundaram S (the 20% minority shareholder of SIPL) is prohibited from competing, directly, or indirectly, with the business of SIPL for the later of (a) 10 years from the execution of the SIPL SHA, plus an additional cooling off period of two years, or (b) the date until which he (including legal heirs) remain shareholders in SIPL, plus an additional cooling-off period of two years. After completion of the non-compete period, Sundaram S may set up businesses that compete with SIPL, which could adversely affect our operations. As part of our business strategy, we seek to identify acquisition or joint venture opportunities that will expand or complement our existing products and services, or customer base, at appropriate valuations. We often compete with others for the same opportunities. To be successful, we must conduct due diligence to identify valuation issues and potential loss contingencies, negotiate transaction terms, complete and close complex transactions, and manage post- closing matters (e.g., integrate acquired companies and employees, realise anticipated operating synergies, and improve margins) efficiently and effectively. Joint ventures, investment transactions and divestiture often require substantial management resources and have the potential to divert our attention from our existing business. Unidentified pre-closing liabilities could affect our future financial results. Inability to manage the completion and closing of such transactions can lead to operating synergies not being realised and thereby affect our financial performance. Further, disputes or differences could arise in connection with our implementation of past or future acquisitions or mergers. Joint ventures or equity investments operate under shared control with other parties. Our operating results may be affected by the performance of businesses over which we do not exercise control. If we fail to manage acquisitions, divestitures, and other transactions successfully, our results of operations, financial condition and cash flows could be harmed. For more information, please see “Our Business –Business Strategies” on page 212.",Legal,4,High (Legal): Specific metrics and financial exposure details provided.
"Our ability to access capital depends on our credit ratings. The non-availability or downgrade of our credit ratings could restrict our access to capital and adversely affect our business, results of operations, financial condition and cash flows. Our ability to access capital on favourable terms depends on our credit ratings. The table below sets forth details of our credit ratings as of the date of this Red Herring Prospectus: Instrument Rating As of this Red Herring Prospectus Cash Credit CRISIL AA-/Stable Foreign Exchange Forward CRISIL A1+ Letter of Credit & Bank Guarantee CRISIL A1+ Instrument Rating As of this Red Herring Prospectus Term Loan CRISIL AA-/Stable Loan Equivalent Risk CRISIL A1+ These ratings assess our overall financial capacity to pay our obligations and are reflective of our ability to meet financial commitments as they become due. In January 2024, the Demerged Company’s credit outlook was revised from ‘Positive’ to ‘Stable’ by CRISIL. We cannot assure you that our credit ratings will not be revised or changed by the above rating agencies due to various factors. Any downgrade in our credit ratings or our inability to obtain such credit rating in a timely manner or any non-availability of credit ratings, or poor ratings, could increase borrowing costs, will give the right to our lenders to review the facilities availed by us under our financing arrangements and adversely affect our access to capital and debt markets, which could in turn adversely affect our interest margins, our business, results of operations, financial condition and cash flows.",Financial,3,Moderate (Financial): Real business risk but stated vaguely without specific numbers or metrics.
"Our insurance coverage may not be adequate to protect us against all potential losses, which may have an adverse effect on our business, results of operations, financial condition and cash flows. We maintain appropriate insurance coverage which commensurate with industry standards in India, in relation to property, stock and money for our warehouses, transit insurance and product liability insurance. Our insurance coverage includes marine insurance for our shipments, group personal accident insurance policies (covering our permanent and contractual employees), group mediclaim policies, all-risk insurance for our portable equipment, burglary, standard fires and special perils insurance for our manufacturing facilities and other premises, and export- credit multi-buyer insurance policies covering specified jurisdictions. However, we may not have identified every risk, and further may not be insured against every risk, including operational risks that may occur, and the occurrence of an event that causes losses more than the limits specified in our policies, or losses arising from events or risks not covered by insurance policies or due to the same being inadequate. Any of the above could materially harm our financial condition and future results of operations. We apply for the renewal of our insurance coverage in the normal course of our business, but we cannot assure you that such renewals will be granted in a timely manner, at acceptable cost or at all. There can be no assurance that such policies will be renewed in a timely manner, on acceptable terms, or at all, and any gap in insurance coverage during such period could expose us to uninsured losses. The table below provides details of insurance coverage as a percentage of total assets as of the dates indicated: Particulars Restated Financial Information@ Special Purpose Combined and Carve-Out Financial Statements@ (Demerged Business) As of March 31, 2026 As of March 31, 2025 As of March 31, 2024^ As of March 31, 2024 Consolidated Consolidated Standalone Insurance coverage (₹ million) 12,704.01 12,460.06 - 12,816.81 Net value of assets (₹ million)* 8,456.06* 7,356.31* - 7,284.03# Percentage of insurance coverage to net value of assets (%) 150.24% 169.38% - 175.96% * Net value of assets includes property, plant & equipment (excluding land freehold), inventories and debtors. ^ We did not avail any insurance coverage in the absence of any insurable asset during the period. # Does not include value of free hold land and intangible assets. @ The Restated Financial Information pertains to our Company for the years ended March 31, 2026, March 31, 2025 and March 31, 2024 while the Special Purpose Combined and Carve-Out Financial Statements pertain to the Demerged Business for the year ended March 31, 2024. There can be no assurance that any claims filed will be honoured fully or in a timely fashion under our insurance policies. If we were to incur a serious uninsured loss or a loss that significantly exceed the limits of our insurance policies, it could have a material adverse effect on our business, financial condition, results of operations and cash flows. While we have not faced any such instances in the last three Fiscals which had a material impact on our business, results of operations and financial condition, we cannot assure you that such instances will not occur in the future. If our arrangements for insurance are not adequate to cover claims, we may be required to make substantial payments and our results of operations, financial condition and cash flows may therefore be adversely affected.",Financial,4,"High (Financial): Specific and material operational/business dependency, but contingent or forward-looking."
"We may not be able to sustain our historical growth rates, and our historical performance may not be indicative of our future growth or financial results. Our business has grown substantially in recent years. Since our incorporation in 2010, we have evolved from a single- service category provider to a multi-category service provider, offering various services across food delivery, dining- out, Hyperpure and Zomato Pro. Almost all aspects of our business, in particular food delivery, have experienced rapid growth in recent years. Our revenue from operations has grown from ₹4,660.23 million in Fiscal 2018 to ₹26,047.37 million in Fiscal 2020, and our revenue from operations for the nine months ended December 31, 2020 was ₹13,013.49 million. In particular, as lockdowns in response to the COVID-19 pandemic eased in India towards the end of May 2020, our food delivery business started recovering and in the third quarter of Fiscal 2021 we recorded the highest GOV achieved by us in any quarter till December 2020. The accelerated growth of our business stemming from the effects of the COVID-19 pandemic may not continue in the future. As we continue to grow our business, we will need to work with our existing and an increasingly large number of new restaurant partners, delivery partners and other participants in our network efficiently and establish and maintain mutually beneficial relationships with them. We will also need to continue to expand, train, manage and motivate our growing workforce. To support our expansion, we also expect to implement a variety of new and upgraded managerial, operating, financial and human resource systems, procedures and controls, which may lead to higher costs. We cannot assure you that our historical growth rate will be sustainable or achieved at all in the future, that our new business initiatives will be successful, or that we will be able to implement all these managerial, operating, financial and human resource systems, procedures and control measures successfully. If we are not able to manage our growth or execute our strategies effectively, our expansion may not be successful, and our business and prospects may be materially and adversely affected. We may also experience a decline in our revenue growth rate as a result of a number of factors, including slowing demand for our platform, insufficient growth in the number of restaurant partners and customers that utilize our platform, increasing competition, a decrease in the growth of our overall market, our failure to continue to capitalize on growth opportunities, and increasing regulatory costs, among others, all of which would have a material adverse impact on our cash flows, financial condition and results of operations.",Financial,4,"High (Financial): Specific and material operational/business dependency, but contingent or forward-looking."
"We have a history of net losses and we anticipate increased expenses in the future. We have incurred restated loss for the year/period of ₹1,069.16 million, ₹10,102.33 million, ₹23,856.01 million and ₹6,821.99 million in Fiscals 2018, 2019 and 2020, and in the nine months ended December 31, 2020, respectively. We expect our costs to increase over time and our losses will continue given significant investments expected towards growing our business. We have expended and expect to continue to expend substantial financial and other resources on, among others, advertising and sales promotion costs to attract customers and restaurant partners to our platform, developing our platform, including expanding our platform’s offerings, developing or acquiring new platform features and services, expanding into new markets in India, and expanding our delivery partner network. These efforts may be more costly than we expect and may not result in increased revenue or growth in our business. Any failure to increase our revenue sufficiently to keep pace with our investments and other expenses could prevent us from maintaining or increasing profitability or positive cash flow on a consistent basis. If we are unable to successfully address these risks and challenges as we encounter them, our business, cash flows, financial condition and results of operations could be adversely affected. If we are unable to generate adequate revenue growth and manage our expenses and cash flows, we may continue to incur significant losses in the future.",Financial,5,Severe (Financial): Material impact is quantified with specific numbers/historical financial losses.
"The COVID-19 pandemic, or a similar public health threat, has had an impact and could further impact our business, cash flows, financial condition and results of operations. An outbreak of COVID-19 was recognized as a pandemic by the World Health Organization (“WHO”) on March 11, 2020. In response to the COVID-19 outbreak the governments of many countries, including India, had taken and may continue to take preventive or protective actions, such as imposing country-wide lockdowns, restrictions on travel and business operations and advising or requiring individuals to limit their time outside of their homes. Temporary closures of businesses had been ordered and numerous other businesses were temporarily closed on a voluntary basis as well. The scope, duration, and frequency of such measures and the adverse effects of COVID-19 remain uncertain and could be severe. Resurgence of the virus or a variant of the virus that causes a rapid increase in cases and deaths, if measures taken by governments fail or if vaccinations are not administered as planned, may cause significant economic disruption in India and in the rest of the world. Our food delivery business was significantly impacted during the first quarter of Fiscal 2021 as most restaurant establishments had temporarily closed operations in response to a government mandated lockdowns and customers were unwilling to order food from restaurants. Similarly, our revenues from our dining-out services were severely impacted by the COVID-19 pandemic. While our food delivery business has recovered since lockdowns eased in India, our dining-out business is still recovering as customers are still reluctant to dine-out as a precautionary measure. In addition, further government actions and lockdowns to contain the spread of COVID-19 could adversely impact us. Considering the above, we have assessed the carrying value of our assets including goodwill and intangible assets by considering internal and external information. We have also performed sensitivity analysis on the assumptions used and based on current indicators of future economic conditions and while we expect to recover the carrying amount of these assets, there is no assurance that these expectations may materialize. In response to the COVID-19 pandemic, we have taken active measures to promote health and safety, including providing contactless food delivery to customers, temporarily disabling the cash on delivery option for food delivery, arranging for and facilitating the availability of face masks and hand sanitizers for delivery partners, requiring our delivery partners to share daily self-declarations on their hygiene and health (including having a normal body temperature, sanitized masks and bags) and working closely with restaurant partners to share safety guidelines. As part of the Zomato Feeding India Initiative, a collaboration with “Hunger Heroes” which is a non-profit organization, we have extended a loan of ₹ 500 million to “Hunger Heroes” in April 2021 to fund their initiative of providing hospitals and families with oxygen related infrastructure, other medical equipment and other supplies. However, our efforts may not be successful, or we may not be able to recover the amount from Hunger Heroes and we may not have sufficient protection or recovery plans to continue to deal with the COVID-19 pandemic or similar public health threats in the future. In connection with public health threats, we may also be required to temporarily close our corporate offices and have our employees work remotely, as we have done in connection with the COVID-19 pandemic, which impacts productivity and otherwise disrupts our business operations. In addition, the current outbreak of COVID-19 has resulted in a widespread global health crisis and adversely affected global economies and financial markets, and similar public health threats could do so in the future. Such events have impacted, and could in the future impact, demand for restaurants and customers’ purchase patterns, which in turn, could adversely affect our cash flows, revenue and results of operations. Even if a virus or other disease does not spread significantly and such measures are not implemented, the perceived risk of infection or significant health risk may adversely affect our business. Restaurants may be perceived as unsafe during such public health threats, even for food delivery. If the services offered through our platform or at other businesses in our industry become a significant risk for transmitting COVID-19 or similar public health threats, or if there is a public perception that such risks exist, demand for the use of our platform would be adversely affected. Incidents such as these may result in a negative impact on customers’ willingness or ability to order delivery or complete a takeout order, or on the delivery partner’s willingness or ability to make deliveries, thereby adversely affecting our business, cash flows, financial condition and results of operations. It is not possible to accurately predict the full impact of the COVID-19 pandemic on our business, cash flows, financial condition and results of operations due to the evolving nature of the COVID-19 pandemic and the extent of its impact across industries and geographies and numerous other uncertainties, including the duration and spread of the outbreak, additional actions that may be taken by governmental authorities, further impact on delivery partners, restaurant partners, customers and business partners, other intermediaries involved by us in our operations and other factors. The extent to which COVID-19 further impacts our results will depend on future developments, which are highly uncertain and cannot be predicted, including new information which may emerge concerning the severity of the coronavirus and the actions taken globally to contain the coronavirus or treat its impact, among others. Our existing insurance coverage may not provide protection for all costs that may arise from all such possible events. The spread of any severe communicable diseases, such as COVID-19, may adversely affect our restaurant partners and delivery partners, which could adversely affect our business, cash flows, financial condition and results of operations.",Financial,4,"High (Financial): Specific and material operational/business dependency, but contingent or forward-looking."
"If we fail to retain our existing restaurant partners, customers or delivery partners or fail to add new restaurant partners, delivery partners or customers to our portfolio in a cost-effective manner, our business may be adversely affected. We believe that growth of our business and revenue is dependent upon our ability to continue to grow our network by retaining our existing and adding new restaurant partners, delivery partners and customers in order to increase our GOV, drive revenue growth and achieve profitability. An increase in the number of transacting customers on our platform drives the number of orders, as new customers bring new orders. More orders completed on our platform results in more GOV being generated which in turn attracts additional restaurant partners and delivery partners to our platform who seek to benefit from the enhanced business opportunities. An increase in the number of restaurant partners on the platform in turn attracts more customers. This network effect takes time to build and may grow slower than we expect or than it has grown in the past. If we fail to retain either our existing restaurant partners (especially our most popular restaurant partners), delivery partners (as a result of failing to provide compelling earning opportunities on our platform) or customers (including as a result of impaired relationships, decrease in popularity of a restaurant partner, delivery issues or competition) or fail to add new restaurant partners, delivery partners and consequently the customers, the value of our network may be diminished. In addition, although we believe that many of our new restaurant partners and customers originate from word-of-mouth and other non-paid referrals from existing restaurant partners and customers, and from the popularity of our brand in India, we expect to continue to spend on advertising and sales promotion to acquire additional restaurant partners and customers through advertisements and promotional offers. We cannot assure you that the revenue from the restaurant partners and customers we acquire will ultimately exceed the cost of acquisition. We have previously provided guarantees with respect to minimum volume or value of orders under our contracts with some of our restaurant partners. Such minimum order guarantees are still subsisting under a few contracts. There have been instances of such guarantees being invoked in the past and there can be no assurance that any of the guarantees that continue to subsist may not be invoked in the future. In the event there is a shortfall in the guaranteed volume or value of orders, such guarantee amounts, typically being a percentage of the deficit, may be invoked and become payable, which may adversely impact our results of operations, cash flows and financial condition. The industry in which we operate is susceptible to health concerns arising from food-borne illnesses, health epidemics, pandemics, food quality, allergic reactions and other negative food-related incidents, and public perception of healthy eating in India. If customer dining preferences change due to shifts in customer demographics, national, regional or local economic conditions, dietary habits, trends in food sourcing or food preparation and our restaurant partners are not able to adapt their food menu or customer offerings to account for these changes, our customers may begin to seek alternative restaurant options or eat at home, which would adversely affect our financial results. The occurrence of an outbreak of a food-borne illness, health epidemic or other adverse public health event in India or in the vicinity of our restaurants partners could lead to temporary or permanent closure of restaurants, impact the availability of delivery partners and impact our customers’ willingness to order restaurant food, all of which could materially disrupt our business and operations. In addition, spoilage or deficiencies in quality of any restaurant ingredients supplied by us through Hyperpure may lead to adverse health consequences on customers, thereby impair the reputation of our Hyperpure tagged restaurant partners and us. Risks to the health of the end customers can arise from any such negative food-related incident, which could expose us to litigation, including by customers, sanctions or fines by food safety regulators. We cannot make any assurances that our internal controls will be fully effective in preventing these or any other negative food-related incidents.",Legal,3,Moderate (Legal): Real business risk but stated vaguely without specific numbers or metrics.
"Growth of our business will depend upon the strength of our brand, and any failure to maintain, protect and enhance our brand could limit our ability to retain or expand our customer base, which could materially and adversely affect our business, cash flows, financial condition and results of operations. We believe that brand recognition is necessary to continue to attract and retain customers and, in turn, restaurant partners in our network. We need to maintain, protect and enhance our brand in order to expand our existing base of customers and restaurant partners, and increase their engagement with our platform. This will depend largely on our ability to continue to provide differentiated services, and we may not be able to do so effectively. While we may choose to engage in a broader marketing campaign to further promote our brand, this effort may not be successful or cost effective. If we are unable to maintain or enhance restaurant and customer awareness in a cost-effective manner, our brand, business, results of operations and financial condition could be harmed. Furthermore, negative publicity about us, including delivery problems, impairment of the reputation of popular restaurant partners, issues with our technology, data privacy breaches and complaints about our personnel or customer service, could diminish confidence in, and the use of, our services, which could harm our results of operations and business. A public perception that we, restaurant partners on our platform or other participants do not provide satisfactory services to customers, even if factually incorrect or based on isolated incident or based on the aggregate effect of individually insignificant incidents, could damage our reputation, diminish the value of our brands, undermine the trust and credibility we have established and have a negative impact on our ability to attract and retain customers and restaurant partners, and onboard delivery partners. For example, there have been instances where certain individuals who were not associated with us approached our restaurant partners and promised improved ratings and reviews on our platform if they subscribed to certain services being provided by such individuals. Such instances could adversely impact our business, cash flows, financial condition and results of operations. See “- Unfavorable media coverage could harm our business, financial condition, cash flows and results of operations” below for instances of negative media publicity.",Financial,3,Moderate (Financial): Real business risk but stated vaguely without specific numbers or metrics.
"Unfavorable media coverage could harm our business, financial condition, cash flows and results of operations. We are the subject of media coverage from time to time. Unfavorable publicity regarding our business model, revenue model, customer support, technology, platform changes, platform quality, actions of our delivery partners and restaurant partners, privacy or security practices, or management team could adversely affect our reputation. In order to ensure that we cater in the best possible manner to all stakeholders, we are constantly reviewing our systems and policies to reflect the dynamic nature of the market and customer needs. While we are open to roll back that policy if not well received, we may receive negative publicity or incur costs to implement and roll back the policy, which would have an adverse impact on our operations. Such negative publicity could also harm the size of our network and the engagement and loyalty of restaurant partners, customers, delivery partners and other participants that utilize our platform, which could adversely affect our business, cash flows, financial condition, and results of operations. For example, in 2019 we paused certain terms and conditions on food delivery that we put forth for all our restaurant partners. These covered penalties levied on restaurant partners for delayed and cancelled orders, among other things. We had to roll back this policy, which we did promptly, basis feedback from restaurant partners. In another instance, in 2019, we received negative media coverage related to our subscription product as some of our restaurant partners did not view the discount terms offered to customers favorably. This movement took the form of the “logout” movement by a few restaurant partners. We also face negative publicity with respect to our delivery partners due to alleged instances of assault, food tampering and their payouts. While we have addressed and continue to address the concerns raised by all our stakeholders, any such instances in the future could negatively impact our reputation and operations. As our platform continues to scale and public awareness of our brand increases, any future issues that draw media coverage could have an amplified negative effect on our reputation and brand. In addition, negative publicity related to key brands we have partnered or by any influencers may damage our reputation, even if the publicity is not directly related to us. Any negative publicity that we may receive could diminish confidence in, and the use of, our platform and may result in increased regulation and legislative scrutiny of industry practices as well as increased litigation, which may further increase our costs of doing business and adversely affect our brand. As a result, any impairment or damage to our brand, including as a result of these or other factors, could adversely affect our business, reputation, cash flows, results of operations and financial condition. In recent years, there has been a marked increase in the use of social media platforms in India, including blogs, social media websites and applications, and other forms of internet-based communications which allow individuals access to a broad audience of customers and other interested persons. Many social media platforms immediately publish the content that their subscribers and participants post, often without filters or checks on accuracy of the content posted. The dissemination of inaccurate information online could harm our business, reputation, prospects, financial condition and operating results, regardless of the information’s accuracy. The damage may be immediate without affording us an opportunity for redress or correction. Other risks associated with the use of social media include improper disclosure of proprietary information, negative comments about us, exposure of personally identifiable information, fraud, hoaxes or malicious exposure of false information. Such inappropriate, unverifiable or false information regarding us or our platform may be published online or on social media by third parties could increase our costs, lead to litigation or result in negative publicity that could damage our reputation and adversely affect our business, results of operations and financial condition.",Legal,3,Moderate (Legal): Real business risk but stated vaguely without specific numbers or metrics.
"We face intense competition in food delivery and other businesses and if we are unable to compete effectively, our business, financial condition, cash flows and results of operations could be adversely affected. The markets in which we operate are intensely competitive and characterized by low costs of entry, shifting customer preferences, fragmentation and frequent introductions of new services and offerings. In particular, Indian food delivery industry is fragmented and intensely competitive. According to the RedSeer, in India, we compete with other food delivery companies, chain restaurants that have their own online ordering platforms, cloud kitchens, other restaurants that own and operate their own delivery fleets and companies that provide point of sale solutions and restaurant delivery services. In addition, we compete with traditional offline ordering channels, such as take-out offerings, telephone-based ordering, and paper menus that restaurants distribute to customers as well as advertising that restaurants place in local publications and digital media to attract customers. Further, we also face competition from mobile payment applications that facilitate food ordering. Our food delivery operations could also compete with hyperlocal logistics operators that can be availed of by restaurant partners. Changing traditional ordering habits is difficult, and if restaurants and customers do not embrace the transition to local food delivery as we expect, our business, financial condition, cash flows and results of operations could be adversely affected. New restaurants and our existing restaurant partners may choose our competitors if they charge lower commissions, marketing or other fees, if our restaurant partners do not find our marketing and promotional services effective, or if our competitors provide more types of or more effective enabling services. Our current and future competitors may enjoy competitive advantages, such as greater name recognition, longer operating histories, greater category share in certain markets, market-specific knowledge, established relationships with local restaurants or local delivery businesses and larger existing customer bases in certain markets, more successful marketing capabilities, and substantially greater financial, technical, and other resources than we have. Greater financial resources and product development capabilities may allow our competitors to respond more quickly to new or emerging technologies and changes in restaurant, customer and delivery preferences that may render our platform less attractive or obsolete. If certain restaurant partners choose to partner with our competitors in a specific geographic market, or if restaurant partners choose to engage exclusively with our competitors, we may lack a sufficient variety and supply of restaurants options, or lack access to the most popular restaurants, such that our offerings would become less appealing to customers. Our competitors may also make acquisitions or establish cooperative or other strategic relationships among themselves or with others, including restaurants. Demand for our food delivery platform is highly sensitive to a range of factors, including, delivery charges charged by delivery partners, incentives given to delivery partners and the commissions we charge our restaurant partners. Many factors, including operating costs, legal and regulatory requirements, constraints or changes, and our current and future competitors’ pricing and marketing strategies, could significantly affect our pricing strategies. Certain of our competitors offer, or may in the future offer, lower-priced or a broader range of offerings. There can be no assurance that we will not be forced, through competition, regulation, or otherwise to reduce the delivery charges charged by delivery partners, increase the fees we pay to delivery partners for providing services through our platform, or further reduce the commissions we charge our restaurants partners, or to increase our marketing and other expenses to attract restaurant partners, customers, and delivery partners in response to competitive pressures. Our competitor base may increase with new entrants in the market and our competitors could also introduce new offerings with competitive price and performance characteristics or undertake more aggressive marketing campaigns than ours. Additionally, many of our competitors may be well capitalized and offer discounted services, lower restaurants commission rates, increase incentives for delivery services and introduce aggressive customer discounts and promotions, innovative platforms and offerings and alternative pay models, which may be more attractive than those that we offer. Such competitive pressures may lead us to maintain or lower our commission rates or maintain or increase our incentives, discounts, and promotions in order to remain competitive, particularly in markets where we do not have a leading position, thereby impacting our cash flows, financial condition and results of operation. In addition, within our industry, there are low barriers to entry and the cost to switch between offerings is low. Customers have a propensity to shift to the lowest-cost provider and could use more than one platform, independent contractors who provide delivery services could use multiple platforms concurrently as they attempt to maximize earnings and restaurant partners could prefer to use the platform that offers the lowest commission rates and adopt more than one platform to maximize their volume of orders. As we and our competitors introduce new offerings and as existing offerings evolve, we expect to become subject to additional competition. In addition, our competitors may adopt certain of our platform features or may adopt innovations that restaurant partners, delivery partners or customers value more highly than ours, which would render our platform less attractive and reduce our ability to differentiate our platform. Increased competition could result in, among other things, a reduction of the revenue we generate from the use of our platform, the number of participants on our platform, the frequency of use of our platform, and our margins.",Financial,3,Moderate (Financial): Real business risk but stated vaguely without specific numbers or metrics.
"If we do not continue to innovate and further develop our platform or our platform developments do not perform, or we are not able to keep pace with technological developments, we may not remain competitive and our business and results of operations could suffer. To remain competitive, we must continue to stay abreast of the constantly evolving industry trends and to enhance and improve the responsiveness, functionality and features of our mobile applications, websites and systems. In order to attract and retain customers and compete against our competitors, we must continue to invest significant resources in research and development to enhance our information technology and improve our existing services. The customer service industry and the customer service e-commerce industry are characterized by rapid technological evolution, changes in customer requirements and preferences, frequent introduction of new services and products embodying new technologies, and the emergence of new industry standards and practices, any of which could render our existing technologies and systems obsolete. In particular, wireless networks around the world have recently started to test 5G technology, the next phase of mobile telecommunications standards. Our success will depend, in part, on our ability to identify, develop, acquire or license leading technologies useful in our business, and respond to technological advances and emerging industry standards and practices in a cost-effective and timely way. The development of mobile applications, websites and other proprietary technology entails significant technical and business risks. There can be no assurance that we will be able to use new technologies effectively or adapt our mobile applications, websites, proprietary technologies and systems to meet customer requirements or emerging industry standards. If we are unable to adapt in a cost-effective and timely manner in response to changing market conditions or customer preferences, whether for technical, legal, financial or other reasons, our business may be materially and adversely affected. We have a track record of successfully expanding into new service categories. Developing and launching enhancements to our platform and new services on our platform may also involve significant technical risks and upfront capital investments that may not generate return on investment. We may use new technologies ineffectively, or we may fail to adapt to emerging industry standards. If we face material delays in introducing new or enhanced platform features and services or if our recently introduced offerings do not perform in accordance with our expectations, the restaurant partners, customers, and delivery partner that utilize our platform may forego the use of our services in favor of those of our competitors.",Regulatory,3,Moderate (Regulatory): Real business risk but stated vaguely without specific numbers or metrics.
"Failure to generate and maintain sufficient high quality customer generated content could negatively impact our business. Customers use our dining-out offerings to search and discover restaurants, read and write reviews and view and upload photos, book a table and make payments while dining-out at restaurants. Our success depends on our ability to attract customers by providing customers with the information they seek, which in turn depends on the quantity and quality of the customer generated content (“CGC”) provided by our content contributors. We may be unable to provide customers with the information if our customers do not contribute content that is helpful and reliable, or if they remove content they previously submitted. If our platform, mobile applications and website do not provide current information or if customers perceive reviews on our platform as less relevant or unreliable, our brand and our business could be harmed. If we are unable to provide customers with the information they are looking for, or if they can find equivalent or better content or other services, they may stop or reduce their use of our platform and traffic to our platform may decline. If our customer traffic declines, restaurants may stop or reduce the amount of marketing activities on our platform, or switch over to our competitors’ platform completely and our business could be harmed. Additionally, any inappropriate or illegal CGC posted on our platform by our customers may be subject to regulatory take-down orders, increased customer complaints or legal proceedings which may further impair our brand and adversely affect our business.",Legal,3,Moderate (Legal): Real business risk but stated vaguely without specific numbers or metrics.
"Systems failures and resulting interruptions in the availability of our platform could adversely affect our business, financial condition, cash flows and results of operations. The proper functioning of our technology infrastructure is essential to the conduct of our business. Specifically, the satisfactory performance, reliability and availability of our platform, our transaction-processing systems and our network infrastructure are critical to our success and our ability to attract and retain customers and provide adequate services. It is critical to our success that all participants on our platform are able to access our platform, at all times. Our systems, or those of third parties upon which we rely, may experience service interruptions or degradation or other performance problems because of hardware and software defects or malfunctions, unexpected high volume of transactions, distributed denial-of-service and other cyberattacks, infrastructure changes, human error, earthquakes, hurricanes, floods, fires, natural disasters, power losses, disruptions in telecommunications services, unauthorized access, fraud, military or political conflicts, terrorist attacks, legal or regulatory takedowns, computer viruses, ransomware, malware, or other events. Our systems also may be subject to break-ins, sabotage, theft and intentional acts of vandalism, including by our own employees. Some of our systems are not fully redundant and our disaster recovery planning may not be sufficient for all eventualities. Our business interruption insurance may not be sufficient to cover all of our losses that may result from interruptions in our service as a result of systems failures and similar events. We have experienced and will likely continue to experience system failures and other events or conditions from time to time that interrupt the availability or reduce or affect the speed or functionality of our platform. These system failures generally occur either as a result of software updates being deployed with unexpected errors or as a result of temporary infrastructure failures related to storage, network, or computing capacity being exhausted. Further, in some instances, we may not be able to identify the cause or causes of these performance problems within an acceptable period of time. Even a minor interruption in the availability or reduction in the availability, speed, or other functionality of our platform could adversely affect our business and reputation and could result in the loss of customers. The software underlying our platform is highly complex and may contain undetected errors or vulnerabilities, some of which may only be discovered at a subsequent stage or may not get discovered at all. Our practice is to release frequent software updates. Any third-party software that we integrate into our platform, may also be subject to errors or vulnerabilities. Any errors, vulnerabilities or infringements discovered in our code or from third-party software after release could result in negative publicity, a loss of customer or loss of revenue, legal proceedings, and access or other performance issues. Such vulnerabilities could also be exploited by malicious actors and result in exposure of data of the participants on our platform, or otherwise result in a security breach or other security incident. We may need to expend significant financial and development resources to analyze, correct, eliminate, or work around errors or defects or to address and eliminate vulnerabilities. Any failure to timely and effectively resolve any such errors, defects, or vulnerabilities could adversely affect our business, reputation, brand, financial condition, cash flows and results of operation s. See “- Unfavorable media coverage could harm our business, financial condition and results of operations” on page 39 for instances of negative media publicity.",Legal,3,Moderate (Legal): Real business risk but stated vaguely without specific numbers or metrics.
"Security breaches and attacks against our platform, and any potentially resulting breach or failure to otherwise protect confidential and proprietary information, could damage our reputation and negatively impact our business, as well as materially and adversely affect our financial condition and results of operations. Our business generates, stores and processes a large quantity of personal, transaction, demographic and behavioral data. We face risks inherent in handling large volumes of data and in protecting the security of such data. In particular, we face a number of challenges relating to data from transactions and other activities on our platform, including protecting the data in and hosted on our system, including against attacks on our system by outside parties or fraudulent behavior by our employees; addressing concerns related to privacy and sharing, safety, security and other factors; and complying with applicable laws, rules and regulations relating to the collection, use, disclosure or security of personal information, including any requests from regulatory and government authorities relating to such data. Any failure, or perceived failure, by us to comply with our posted privacy policies or with any regulatory requirements or privacy protection-related laws, rules and regulations could result in proceedings or actions against us by governmental entities or others, which could have a material adverse impact on our results of operations, cash flows and business. Although we have employed significant resources to develop security measures against breaches, such measures may not detect or prevent all attempts to compromise our systems, including distributed denial-of-service attacks, viruses, malicious software, break-ins, phishing attacks, social engineering, security breaches or other attacks and similar disruptions that may jeopardize the security of information stored in and transmitted by our systems or that we otherwise maintain. Breaches of our cybersecurity measures could result in unauthorized access to our systems, misappropriation of information or data, deletion or modification of customer information, or a denial of service or other interruption to our business operations. As techniques used to obtain unauthorized access to or sabotage systems change frequently and may not be known until launched against us or our third-party service providers, we may be unable to anticipate, or implement adequate measures to protect against, these attacks. We may not have the resources or technical sophistication to anticipate or prevent rapidly evolving types of cyber- attacks. Cyber-attacks may target us, the participants on our platform, or the communication infrastructure on which we depend. We have in the past and are likely again in the future to be subject to these types of attacks. For instance, in May 2017 a hacker gained access to our database and placed certain categories of data, such as customer IDs, usernames, email addresses and password hashes of a large number of our customers for sale on the dark web. While we augmented our security systems, informed the customers and the Indian Computer Emergency Response Team, Ministry of Electronics and Information Technology regarding the breach, and were able to retrieve the data, any such instances in the future and our inability to avert these attacks and security breaches, could subject us to significant legal and financial liability, our reputation would be harmed and we could sustain substantial revenue loss from lost sales and customer dissatisfaction. Actual or anticipated attacks and risks may cause us to incur significantly higher costs, including costs to deploy additional personnel and network protection technologies, train employees, and engage third-party experts and consultants. We are subject to domestic and international laws relating to the collection, use, retention, security and transfer of personally identifiable information with respect to our customers and employees. Several jurisdictions have passed laws in this area, and other jurisdictions are considering imposing additional restrictions. These laws continue to develop and may vary from jurisdiction to jurisdiction. Complying with emerging and changing international requirements may cause us to incur substantial costs or require us to change our business practices. With the proposed enactment of the Personal Data Protection Bill, 2019 (“PDP Bill”), and the ongoing regulatory discussions along proposed Indian regulation to govern non-personal data, the privacy and data protection laws are set to be closely administered in India, and we may become subject to additional potential compliance requirements. The PDP Bill proposes a legal framework governing the processing of personal data, where such data has been collected, disclosed, shared or otherwise processed within India, as well as any processing of personal data by the GoI, Indian companies, Indian citizens or any person or body of persons incorporated or created under Indian law. The PDP Bill defines personal data and sensitive personal data, prescribes rules for collecting, storing and processing of such data and creates rights and obligations of data-subjects and processors. The Indian Government has also been mooting a legislation governing non-personal data. In September 2019, the Ministry of Electronics and Information Technology formed a committee of experts (“NPD Committee”) to recommend a regulatory regime to govern non-personal data (“NPD”). The NPD Committee has released two reports till date, which recommend, among other items, a framework to govern NPD (defined as any data other than personal data), access and sharing of NPD with government and corporations alike and a registration regime and for “data businesses”, being business that collect, process or store data, both personal and non-personal. As part of our operations, we are required to comply with the IT Act and the rules thereof, which provides for civil and criminal liability including compensation to persons affected, penalties and imprisonment for various cyber related offenses, including unauthorized disclosure of confidential information and failure to protect sensitive personal data. India has already implemented certain privacy laws, including the Information Technology (Reasonable Security Practices and Procedures and Sensitive Personal Data or Information) Rules, 2011 and the recently introduced the Information Technology (Intermediary Guidelines and Digital Media Ethics Code) Rules, 2021, which impose limitations and restrictions on the collection, use, disclosure and transfer of personal information. For further details, see “Key Regulations and Policies in India” beginning on page 147.",Legal,3,Moderate (Legal): Real business risk but stated vaguely without specific numbers or metrics.
"If we are unable to make acquisitions of and invest in complementary businesses, assets and technologies, or successfully integrate them into our business, our business, results of operations, cash flows and financial condition could be adversely affected. We have acquired and invested in businesses, technologies, services and products in recent years, such as the acquisition of CTPL and Tonguestun in 2018, the acquisition of Uber Eats India Assets by our Company in 2020 and the acquisition of Jogo in 2021. We expect to continue to evaluate and consider a wide array of strategic alliances, investments and acquisitions in line with our overall business strategy. These transactions involve significant challenges and risks, including: (i) difficulties in identifying suitable acquisition targets and competition from other potential acquirers; (ii) difficulties in determining the appropriate purchase price of acquired businesses, which may result in potential impairment of goodwill; (iii) potential increases in debt, which may increase our finance costs as a result of higher interest payments; (iv) exposure to unanticipated contingent liabilities of acquired businesses; (v) receipt of requisite governmental, statutory and other regulatory approvals for any proposed acquisition; (vi) risks and cost associated with the litigations of the acquired businesses; and (vi) not realizing the benefits from certain investments, or certain investments not resulting in immediate returns. Furthermore, integration of newly acquired businesses may be costly and time-consuming, and each acquisition could present us with significant risks and difficulties in integration, including, for example, in: ● integrating the operations and personnel of the acquired businesses and implementing uniform IT systems, controls, procedures and policies; ● retaining relationships with key employees, customers and suppliers of the acquired businesses; ● achieving the anticipated synergies and strategic or financial benefits from the acquisitions; ● for investments over which we do not obtain management and operational control, we may lack influence over the controlling partner or shareholder, which may prevent us from achieving our strategic goals in such investment; ● new regulatory requirements and compliance risks that we become subject to as a result of acquisitions in new industries or otherwise; ● actual or alleged misconduct or non-compliance by any company we acquire or invest in (or by its affiliates) that occurred prior to our acquisition or investment, which may lead to negative publicity, government inquiry or investigations against such company or against us; and ● regulatory requirements including in relation to the anti-monopoly and competition laws, rules and regulations of India or outside India and other countries in connection with any proposed investments and acquisitions. In the past, basis our annual impairment testing, we had to impair goodwill on acquisitions. However there is no assurance that we will not have to account for such impairments in the future. Any such developments described above could disrupt our existing business and have a material adverse effect on our business, reputation, financial condition, cash flows and results of operations.",Legal,3,Moderate (Legal): Real business risk but stated vaguely without specific numbers or metrics.
"Our sales and marketing efforts to attract customers and restaurants may turn out to be ineffective. We have invested significantly in sales and marketing activities to promote our brand and our services and to deepen our relationships with customers and restaurant partners. We incurred advertisement and sales promotion expenses of ₹811.31 million, ₹12,359.60 million, ₹13,384.28 million and ₹3,068.80 million, respectively, in Fiscals 2018, 2019 and 2020 and in the nine months ended December 31, 2020, respectively. Such advertisement and sales promotion expenses represented 16.66%, 88.43%, 48.80% and 22.44% of our total income in the corresponding periods. Our marketing efforts currently include discounts, promotions, appeasement credits, refunds, branding, digital marketing, partnerships, display advertising, television, billboards, radio, video, direct mail, social media, email, podcasts, hiring and classified advertisement websites, mobile “push” communications, search engine optimization, and keyword search campaigns. Our marketing initiatives may become increasingly expensive and generating a meaningful return on these initiatives may be difficult. Even if we successfully increase revenue as a result of our paid marketing efforts, it may not offset the additional marketing expenses we incur. If our marketing efforts to help grow our business are not effective, we expect that our business, financial condition, cash flows and results of operations would be adversely affected. In addition, our sales and marketing activities may not be well received by customers and restaurants, and may not attract additional customers and restaurants as anticipated. The evolving marketing approaches and tools may require us to experiment with new marketing methods to keep pace with industry trends and customer and restaurant preferences. Failure to refine our existing marketing approaches or to introduce new effective marketing approaches in a cost-effective manner could reduce our market share and negatively impact our results of operations. In addition, we have a limited operating history in the new service categories we offer. There is no assurance that we will be able to recover costs of our sales and marketing activities or that these activities will be effective in generating new customers and restaurants for us.",Financial,4,High (Financial): Specific metrics and financial exposure details provided.
"The wide variety of payment methods that we accept subjects us to third-party payment processing-related risks. Our online payment options include certain non-cash options such as, e-wallets and credit and debit cards, digital wallets, UPI Payment, prepaid meal cards or transfers from an online bank account. For third-party payment methods and credit and debit cards, we pay interchange and other service fees, which may increase over time and raise our operating costs. Any disruption in the functioning of our third party payment channels, even if caused due to factors completely external to us, can adversely affect our brand and reputation. We may also be subject to fraud, chargeback, security breaches and other illegal activities in connection with the various payment methods we offer. In addition, we are subject to various rules, regulations and requirements, regulatory or otherwise, governing payment processing, which could change or be reinterpreted to make it difficult or impossible for us to comply. If we or our third party payment gateway operators fail to comply with these rules or requirements, we may be subject to fines and higher transaction fees and lose our ability to accept electronic payments from our customers, process electronic funds transfers or facilitate other types of online payments, and our business, cash flows, financial condition and results of operations could be materially and adversely affected. Some of our agreements with e-wallets and other payment gateways also require us to pay interest for our Company’s default or delay or omission in payments of amounts towards commission, refunds, chargeback or other amounts payable, that are to be reimbursed to these e-wallets or payment gateways. Certain of our e-wallet, bank/network agreements also prohibit the sale of certain items on our platform, such as, narcotics, vapes, prohibited wildlife, current notes, among others. In the event that any of our restaurant partners sell any such goods, our e-wallet partners may declare a default. In addition, payment system providers may also impose limits on the amounts that may be expended from an e-wallet to satisfy orders on our platform. We also provide the option for cash on delivery which may subject us to risks of cash pilferage and orders returned without reason. Additionally, our third-party payment processor requires us to comply with payment card network operating rules, which are set and interpreted by the payment card networks. The payment card networks could adopt new operating rules or interpret or re-interpret existing rules in ways that might prohibit us from providing certain services to some customers, be costly to implement, or difficult to follow. If we fail to comply with these rules or regulations, we may be subject to fines and higher transaction fees and lose our ability to accept credit and debit card payments from customers or facilitate other types of online payments, and our business, financial condition, cash flows and results of operations could be adversely affected. We have also agreed to reimburse our third-party payment processor for any reversals, fraudulent credit card charges, chargebacks, and fines they are assessed by payment card networks if we violate these rules. Also, there can be no assurance that private information of our customers, restaurant partners or delivery partners will be protected on third-party payment gateways. Any of the foregoing risks could adversely affect our business, financial condition, cash flows and results of operations.",Financial,3,Moderate (Financial): Real business risk but stated vaguely without specific numbers or metrics.
"We rely on the skills and experience of our senior management, other key personnel and employees and the loss of our team members could have a materially adverse impact on business operations. Our success is significantly dependent upon the continued service of our Founder and key management as well as other experienced personnel generally. If we lose the services of any of the members of key management, we may not be able to locate suitable or qualified replacements, and may incur additional expenses to recruit and train new personnel, which could severely disrupt our business and growth. If any of our key managerial personnel joins a competitor or forms a competing business, we may lose customers, know-how and key professionals and staff members. Further, if any dispute arises between any of the members of our management and us, we may have to incur substantial costs and expenses in order to enforce any confidentiality, non-compete or similar provisions in our agreements with our Founder or key managerial personnel in India, or we may be unable to enforce them at all. We face intense competition for highly skilled employees especially as part of our product & technology team. As of December 31, 2020, we had 479 employees as part of our product & technology team. To attract and retain top talent, we have had to offer, and we believe we will need to continue to offer, competitive compensation and benefits packages. Competition for talent in the Indian internet industry is intense, and we may need to offer more attractive compensations and other benefits packages to attract and retain them. We may need to invest significant amounts of cash and equity to attract and retain new employees and expend significant time and resources to identify, recruit, train, and integrate such employees, and we may never realize returns on these investments. For example, in Fiscals 2019, 2020, and in the nine months ended December 31, 2020 our attrition rate in India was 42%, 33% and 13%, respectively. In Fiscal 2019, our attrition rate was comparatively high primarily because in Fiscal 2019, we employed a large team of support staff that are usually prone to high attrition. We believe our attrition rate has since then reduced with our support staff decreasing on account of increased automation and outsourcing in our operations. If we are unable to effectively manage our hiring needs or successfully integrate and retain new hires, our efficiency, ability to meet forecasts, and employee morale, productivity, and engagement could suffer, which could adversely affect our business, financial condition, cash flows and results of operations.",Legal,4,High (Legal): Specific metrics and financial exposure details provided.
"We rely on third-party service providers to deliver our services to customers, restaurant partners and delivery partners on our platform, and any disruption of or interference with our use of that service could adversely affect our business, financial condition, cash flows and results of operations. We currently avail services from third-party service providers to operate our platform. We do not have control over the operations of the facilities of these service providers that we use. The service providers’ facilities may be vulnerable to damage or interruption from natural disasters, cybersecurity attacks, terrorist attacks, power outages, and similar events or acts of misconduct. Our platform’s continuing and uninterrupted performance is critical to our success. We have experienced, and expect that in the future we will experience, interruptions, delays, and outages in service and availability from time to time due to a variety of factors, including infrastructure changes, human or software errors, website hosting disruptions, and capacity constraints. In addition, any changes or disruption in service levels may adversely affect our ability to meet the requirements of customers, restaurant partners and delivery partners on our platform. Since our platform’s continuing and uninterrupted performance is critical to our success, sustained or repeated system failures would reduce the attractiveness of our platform. It may become increasingly difficult to maintain and improve our performance, especially during peak usage times, in the event our service levels do not increase at the same pace as we expand and the usage of our platform increases. These instances could lead to a significant short-term loss of revenue, increase our costs, and impair our ability to attract new customers, any of which could adversely affect our business, cash flows, financial condition and results of operations.",Financial,3,Moderate (Financial): Real business risk but stated vaguely without specific numbers or metrics.
"We rely on restaurant partners and other participants on our platform to provide quality services to customers. Their illegal or unauthorized actions or misconduct, or any failure by them to provide satisfactory services or maintain their service levels, could materially and adversely affect our business, reputation, cash flows, financial condition and results of operations. We rely upon restaurant partners on our platform and delivery partners to provide food to customers. If these restaurant partners experience difficulty servicing customer demand, producing quality goods, or meeting our other requirements or standards, or experience problems with their point-of-sale or other technologies, our reputation and brand could be damaged. Further, an increase in restaurant operating costs could cause restaurant partners on our platform to raise prices, renegotiate commission rates, withdraw discounts or cease operations, which could in turn adversely affect our operational costs and efficiency. If restaurant partners on our platform were to cease operations, temporarily or permanently, we may not be able to provide customers with sufficient restaurant selection, which we expect would reduce the number of customers on our platform. Many of the factors affecting restaurant operating costs, including off-premise costs and prices, are beyond the control of restaurant partners and include inflation, costs associated with the goods provided, labor and employee benefit costs, rent costs, and energy costs. Additionally, if restaurant partners try to pass along increased operating costs and raise prices to customers, order volume may decline, which we expect would adversely affect our financial condition, cash flows and results of operations. In addition, our partners may operate contrary to, or in breach of the terms of their agreements with us. For instance, our restaurant partners may not confirm orders placed by customers (including for reasons beyond their control, such as network/ telecom disruptions) leading to cancelled orders; provide preferential treatment towards walk-in customers, or customers who call in directly to place orders; subject customers on our platform to unsolicited marketing or other communication; remove items from their published menus without informing us; prepare food items through methods not in compliance with applicable law or quality control standards; use non-Zomato branded packaging material; or utilize infrastructure provided by us in an unauthorized manner. While we have contractual recourse in case of such actions, any impairment of the quality and reputation by our popular restaurant partners for such reasons may lead to lesser orders from customers, thereby adversely affecting our revenues, cash flows, reputation, business and results of operation. In addition to the services provided by restaurant partners on our platform, we also rely on a large number of other participants in our network, such as delivery partners to perform the on-demand delivery services and online marketing service providers, to provide various services to restaurant partners. To the extent they are unable to provide satisfactory services to customers or restaurant partners, which may be due to events that are beyond our or their control, such as inclement weather or transportation disruptions, we may suffer reputational damage, and our business, financial condition, cash flows and results of operations may be materially and adversely affected. The delivery partners that we work with may also subject us to additional risks. For example, we may be exposed to claims for personal injury, death or property damage resulting from traffic accidents caused by delivery partners in performing their services. Such incidents may cause negative publicity in the local community and may negatively affect our brand image and reputation. In addition, as delivery partners interact directly with our customers, we may suffer substantial reputational harm from any misconduct, illegal actions or crimes committed by them. In the recent past, there have been widely publicized reports and accounts on social media on misconduct, unprofessional and on occasion, allegedly illegal behavior by our delivery partners, including physical assault, vehicular accidents, usage of abusive language, delay in delivery of, and pilferage of orders. If we are unable to effectively address these risks, our brand image, reputation, cash flows and financial performance may be materially and adversely affected.",Regulatory,3,Moderate (Regulatory): Real business risk but stated vaguely without specific numbers or metrics.
"There are pending litigations against our Company, Subsidiaries, and certain of our Directors. Any adverse decision in such proceedings may render us/them liable to liabilities/penalties and may adversely affect our business, results of operations, cash flows and reputation. Certain legal proceedings involving our Company, subsidiaries of our Company, and certain of our Directors are pending at different levels of adjudication before various courts, tribunals and authorities. In the event of adverse rulings in these proceedings or consequent levy of penalties, we may need to make payments or make provisions for future payments, which may increase expenses and current or contingent liabilities and adversely affect our reputation. A summary of outstanding litigation proceedings involving our Company, Subsidiaries and Directors, as disclosed in “Outstanding Litigation and Material Developments” on page 326, in terms of the SEBI ICDR Regulations and the materiality policy approved by our Board pursuant to a resolution dated April 12, 2021, as of the date of this Draft Red Herring Prospectus is provided below: Type of Proceeding Number of cases Amount involved (in ₹ million)^ Litigation involving our Company Material civil litigation proceedings Nil Nil Criminal proceedings 72.79** Actions initiated by regulatory and statutory authorities Not quantifiable Taxation matters (Indirect taxation) 963.45* Litigation involving our Subsidiaries Material civil litigation proceedings Nil Nil Criminal proceedings Nil Nil Actions initiated by regulatory and statutory authorities Not quantifiable Taxation matters (direct and indirect taxation) 31.99*#@ Litigation against our Directors Civil proceedings 2,758.48 Criminal proceedings 72.79** Actions initiated by regulatory and statutory authorities Nil Nil Type of Proceeding Number of cases Amount involved (in ₹ million)^ Taxation matters 31.02 Litigation by our Directors Civil proceedings Nil Nil Criminal proceedings Nil Nil Actions initiated by regulatory and statutory authorities Nil Nil Taxation matters Nil Nil ^ To the extent ascertainable. * Exclusive of interest and penalty. # ₹ 5.75 million and ₹.1.47 million already paid to the relevant authority in respect of direct tax and indirect tax disputes, respectively. @ Conversion rate for tax demand in foreign currency from a subsidiary of our Company: 1 PHP = ₹ 1.5175. ** Amount quantifiable only in respect of one proceeding out of the two. Our Company has already paid an amount of approximately ₹ 61.87 million out of the ₹ 72.79 million to the complainant in accordance with the settlement agreement entered into for settling the dispute. For further details see “Outstanding Litigation and Material Developments” beginning on page 326. We cannot assure you that any of the outstanding litigation matters will be settled in our favor, or that no additional liability will arise out of these proceedings. In addition to the above, we could also be adversely affected by complaints, claims or legal actions brought by persons, including before consumer forums or sector-specific or other regulatory authorities in the ordinary course or otherwise, in relation to our services, our technology and/or intellectual property, our branding or marketing efforts or campaigns or our policies. Actions or claims may also be initiated against us for any health problems or other consequences caused by the products offered by our partners, including any ingredients in such products, or on account of any issues faced during delivery. There can be no assurance that such complaints or claims will not result in investigations, enquiries or legal actions by any regulatory authority against us.",Legal,4,High (Legal): Specific metrics and financial exposure details provided.
"Our Directors and Key Managerial Personnel have interests in our Company in addition to their remuneration and reimbursement of expenses. Our Directors and Key Managerial Personnel are interested in our Company to the extent of their respective shareholding in our Company as well as to the extent of any employee stock options, dividends, bonus or other distributions on such Equity Shares. Certain of our Directors are also nominees of some of our shareholders, and we have had related party transactions with such shareholders. Accordingly, these Directors may also said to be interested to the extent of such transactions. See “Capital Structure – Shareholding Pattern of our Company” on page 95. For details on the interests of our Directors and Key Managerial Personnel, other than reimbursement of expenses incurred or normal remuneration or benefits, see “Our Management – Interests of Directors” on page 190 and “Our Management – Interests of Key Managerial Personnel” on page 197.",Operational,3,Moderate (Operational): Real business risk but stated vaguely without specific numbers or metrics.
"The price at which our Company has issued Equity Shares during the last one year from the date of this Draft Red Herring Prospectus may not be indicative of the future price. Details of issuances of Equity Shares by our Company during the last one year are set out below: Date of Allotment Number of Equity Shares Allotted Face Value (₹) Issue price per Equity Share (₹) Nature of consideration Nature of allotment Allotees August 22, 2020 12,015 153,272.90 Cash Private placement Allotment of 12,015 Equity Shares to Foodiebay Employees ESOP Trust (ESOP 2014) February 4, 2021 300,235 Cash Private placement Allotment of Equity Shares to Manoj Kumar Kohli and 25 Equity Shares to Anshoo Sharma March 1, 2021 1,576 155,690.27 NA Private Placement Allotment of Equity Shares to SRI Capital Fund I L.P., 468 Equity Shares to Secure Smart Trust, Equity Shares to Sprout Venture Partners Fund I and 91 Equity Shares to Appyhigh Technology LLP in the ratio of 0.11 Equity Shares allotted for Date of Allotment Number of Equity Shares Allotted Face Value (₹) Issue price per Equity Share (₹) Nature of consideration Nature of allotment Allotees equity share of Jogo Technologies Private Limited April 6, 2021 2,354,544,423 - NA Bonus issue in the ratio of 6,699 bonus Equity Shares for every one Equity Share held in the Company All shareholders holding Equity Shares in the Company April 6, 2021 4,306,073,250 NA NA Conversion of all classes of convertible preference shares of the Company Allotment of Equity Shares to the respective holders of convertible preference shares of the Company pursuant to conversion of each such convertible preference shares, in accordance with the conversion formula specified for such class of preference shares. For further details, see “Capital Structure – Preference Share Capital” on page 85. The price at which Equity Shares have been issued by our Company in the immediately preceding year is not indicative of the price at which they will be issued or traded after the Offer. For further information refer to the section “Capital Structure” beginning on page 82.",Operational,4,High (Operational): Specific metrics and financial exposure details provided.
"Failure to obtain or maintain or renew licenses, registrations, permits and approvals in a timely manner or at all may adversely affect our business, cash flows and results of operations. As part of our business and operations in India and abroad, we are required to obtain various licenses and permits to run our business some of which may expire in the ordinary course and for which we would be required to apply to obtain the approval or its renewal. For further details of material consents, licenses, permissions, registrations and approvals from the Government of India, various governmental agencies and other statutory and/ or regulatory authorities, of our Company and our Material Subsidiary, see “Government and Other Approvals” beginning on page 331. While we have obtained a significant number of approvals, licenses, registrations and permits from the relevant authorities including the Food Safety and Standards Authority of India (“FSSAI”), we have yet to receive or apply for certain approvals, licenses, registrations, permits or renewals, including in relation to certain of our facilities. For example, we are yet to apply for shops and establishment registrations for certain of our newly opened offices and we have made and are in the process of making applications to relevant authorities for updating the name of our Company in current registrations and approvals, pursuant to the conversion of our Company into a public company. Such applications include, employee state insurance registrations, employee provident fund registrations, shops and establishment registrations, professional tax registration and labour welfare fund registrations. Any delay in receipt or the non-receipt of approvals, licenses, registrations, permits or their renewals could affect our related operations. Any changes in rules and regulations issued by the FSSAI or other government or regulatory authority in relation to the food industry, including delivery and distribution of food products, may adversely affect our business. Further, certain notices have been issued against our Company and our Material Subsidiary by Food and Drugs Administration departments for, inter alia, listing restaurants that had not obtained requisite licenses under the Food Safety and Standards Act, 2006. For further details, see “Outstanding Litigation and Material Developments – Litigation against our Company - Outstanding actions initiated by regulatory and statutory authorities” on page 327. While we have entered into arrangements with third parties with respect to employee related statutory compliances to be made on behalf of our Company, any failure to retain or renew our licenses and permits or to pay related statutory dues in a timely manner by us or such third parties could subject us to fines or sanctions which would require us to incur additional cost and would adversely affect our business and results of operations. Further, our government approvals and licenses are subject to certain conditions and ongoing compliance; if we fail to comply or a regulator alleges that we have not complied with such conditions, our business, prospects, cash flows, financial condition, results of operations and cash flows may be adversely affected. Additionally, unfavorable changes in or interpretations of existing, or the promulgation of new laws governing our business and operations, including in the telecom and e- commerce sectors in India could require us to obtain additional licenses and approvals. For instance, in respect of our customer and vendor communications through telephone calls and messages, we are required to register as a sender in respect of commercial communications and comply with extensive obligations under the relevant regulations. In addition, regulatory authorities could also impose notices and other orders on us in case of non-possession of licenses.",Legal,3,Moderate (Legal): Real business risk but stated vaguely without specific numbers or metrics.
"We may be unable to renew our existing leases or secure new leases for our existing offices. The Registered Office, Corporate Office and our other offices and certain of our facilities across the country are located on leased properties. Certain of the lease deeds for the properties in which our offices and facilities are located and may have expired or may not be adequately stamped or registered. While we renew these lease agreements and deeds periodically in the ordinary course of business, in the event that these existing leases are terminated or they are not renewed on commercially acceptable terms, we may suffer a disruption in our operations. If alternative premises are not available at the same or similar costs, sizes or locations, our business, financial condition, cash flows and results of operations may be adversely affected. In addition, any regulatory non-compliance by the landlords or adverse development relating to the landlords’ title or ownership rights to such properties, including as a result of any non- compliance by the landlords, may entail significant disruptions to our operations, especially if we are forced to vacate leased spaces following any such developments, and expose us to reputational risks. If our sales do not increase in line with our rent and costs, including setup and interior design costs, our profitability, cash flows and results of operations could be adversely affected.",Regulatory,3,Moderate (Regulatory): Real business risk but stated vaguely without specific numbers or metrics.
"We may require additional capital through financing in the future and our operations could be curtailed if we are unable to obtain required capital and financing on favorable terms when needed. Some of the subsidiaries of our Company have availed unsecured loans in the form of external commercial borrowings and term loans in the ordinary course of business. For details of our outstanding debt and inter-corporate loans sanctioned by the Company to its subsidiaries as on the date of this Draft Red Herring Prospectus, see “Financial Indebtedness” beginning on page 310. We may need to raise additional capital from time to time, depending on our business requirements. Some of the factors that may require us to raise additional capital include (i) business growth beyond what the current balance sheet can sustain; (ii) unforeseen events beyond our control such as the global lockdown due to the COVID-19 pandemic and (iii) significant depletion in our existing capital base due to unusual operating losses. Any additional equity financing may result in dilution to the holders of the Equity Shares. Further, any financing would also result in the incurrence of interest expense and may impose affirmative and negative covenants that restrict our freedom to operate our business. We cannot guarantee that we will be able to obtain additional capital, including through financing on terms that are acceptable to us, or any financing at all, and the failure to obtain sufficient financing could adversely affect our business operations.",Financial,4,"High (Financial): Specific and material operational/business dependency, but contingent or forward-looking."
"Our insurance policies may be insufficient to cover all future costs and losses the incurrence or magnitude of which are unforeseen or unpredictable and could result in an adverse effect on our business operations and results of operations. We maintain insurance coverage under various insurance policies for, among other things, our properties, employees, events organized by us, directors’ and officers’ liability and our delivery partners. For details, see “Our Business – Insurance” on page 141. While we believe that the level of insurance we maintain is appropriate for the risks of our business, notwithstanding the insurance coverage that we carry, we may not be fully insured against certain business risks. There are many events that could significantly impact our operations, or expose us to third-party liabilities, for which we may not be adequately insured. Our insurance policies contain exclusions and limitations on coverage, as a result of which, we may not be able to successfully assert our claims for any liability or loss under the said insurance policies. Additionally, there may be various other risks and losses for which we are not insured because such risks are either uninsurable or not insurable on commercially acceptable terms. Furthermore, there can be no assurance that we will be able to maintain insurance of the types or at levels which we deem necessary or adequate or at premiums which we deem to be commercially acceptable in the future. The occurrence of an event for which we are not insured, where the loss is in excess of insured limits occurs or where we are unable to successfully assert insurance claims from losses, could result in uninsured liabilities. Further, despite such uninsured losses we may remain obligated for any financial indebtedness or other obligations related to our business. Additionally, some of our insurance claims have been rejected by the insurance agencies in the past and there can be no assurance that any claim under the insurance policies maintained by us will be honored fully, in part, or on time. To the extent that we suffer any loss or damage that is not covered by insurance or exceeds our insurance coverage, our business, financial condition, cash flows and results of operations could be adversely affected.",Financial,3,Moderate (Financial): Real business risk but stated vaguely without specific numbers or metrics.
"Failure to detect and deal effectively with any fraud perpetrated and fictitious transactions conducted on our platform could harm our business. We face risks with respect to fraudulent activities engaged by restaurant partners on our platform. Restaurant partners may engage in fictitious transactions with themselves or collude with third parties in order to artificially inflate their sales records, popularity and search results rankings. Such activity may frustrate other restaurant partners by enabling the perpetrating restaurant partners to be favored over legitimate restaurant partners, and may harm customers by misleading them to believe that a restaurant is more reliable or trustworthy than the restaurant actually is. Although we have implemented strict measures to detect and penalize restaurant partners who engaged in fraudulent activities on our platform, there can be no assurance that such measures will be effective in preventing fraudulent transactions and that we will be able to detect fraudulent activities in general. We are subject to risks arising from various types of fraud, including use of stolen or fraudulent credit card data, referral fraud by both customers and delivery partners, fraud with respect to background checks, attempted payments by customers with insufficient funds, fraud committed by customers in concert with delivery partners, and account takeovers of delivery partners by bad actors. Bad actors use increasingly sophisticated methods to engage in illegal activities involving personal information, such as unauthorized use of another person’s identity, account information, or payment information and unauthorized acquisition or use of credit or debit card details, bank account information, and mobile phone numbers. Under current credit card practices, we may be liable for orders facilitated on our platform with fraudulent credit card data, even if the associated financial institution approved the credit card transaction. Despite measures we have taken to detect and reduce the occurrence of fraudulent or other malicious activity on our platform, we cannot guarantee that any of our measures will be effective or will scale efficiently with our business. Our failure to adequately detect or prevent fraudulent transactions could harm our reputation or brand, result in litigation or regulatory action, and lead to expenses that could adversely affect our business, cash flows, financial condition and results of operations. Moreover, illegal, fraudulent or collusive activities by our employees could also subject us to liability or negative publicity. We have discovered cases in which certain of our employees accepted payments from restaurants or other service providers in order to receive preferential treatment on our platform. Although the employees who have been found to be responsible for these incidents are no longer employed with us and we have implemented internal controls and policies with regard to the review and approval of restaurant accounts, sales activities and other relevant matters, we cannot assure you that our controls and policies will prevent fraud or illegal activity by our employees or that similar incidents will not occur in the future. Any illegal, fraudulent or collusive activity could severely damage our brand and reputation, which could drive customers away from our platform, and materially and adversely affect our business, cash flows, financial condition and results of operations.",Legal,3,Moderate (Legal): Real business risk but stated vaguely without specific numbers or metrics.
"Any failure to offer high-quality support may harm our relationships with restaurant partners, customers, and delivery partners and could adversely affect our business, financial condition, cash flows and results of operations. Our ability to attract restaurant partners and customers and onboard delivery partners is dependent in part on our ability to provide high-quality support. Restaurant partners, customers and delivery partners depend on our support organization to resolve any issues relating to our platform. We rely on third parties to provide some support services such as support through call centers to our customers, restaurant partners and delivery partners and our ability to provide effective support is partially dependent on our ability to attract and retain third-party service providers who are not only qualified to support our customer, restaurant partner and delivery partners but are also well versed with our offerings, platform. Further, if any of the personnel deployed by call centers engaged by us indulge in unprofessional or illegal behavior while interacting with restaurant partners, delivery partners or customers, our brand and reputation will be adversely affected. As we continue to grow our business and improve our offerings, we will face challenges related to providing high-quality support services at scale. Any failure to maintain high-quality support, or a market perception that we do not maintain high-quality support, could harm our reputation and adversely affect our ability to scale our platform and business, our financial condition, cash flows and results of operations.",Financial,3,Moderate (Financial): Real business risk but stated vaguely without specific numbers or metrics.
"We outsource a portion of our back-end operations and if our outsourcing service providers fail to meet our requirements or face operational or system disruptions, our business may be adversely affected. We outsource a portion of our services, such as menu digitization, onboarding of delivery partners and accounts payables. We also outsource our call center service for customer service support. If our outsourcing service providers experience difficulty meeting our requirements for quality and customer service standards, our reputation could suffer and our business and prospects could be adversely affected. Our operations and business could also be materially and adversely affected if our outsourcing service providers face any operational or system interruptions. Further, many of our contracts with outsourcing service providers are short-term or have short notice periods. For example, our agreement with a service provider, which provides call center services for our operations, is for a renewable term of five years but may be terminated by either party on 45 days’ notice. In the event one or more of our contracts with our outsourcing service providers is terminated on short notice, we may be unable to find alternative outsourcing service providers on commercially reasonable terms, or at all. Further, the quality of the service provided by a new or replacement outsourcing service providers may not meet our requirements, including during the transition and training phase. Hence, termination of any of our contracts with our outsourcing service providers could cause a decline in the quality of our services and disrupt and adversely affect our business, results of operations, cash flows and financial condition.",Financial,3,Moderate (Financial): Real business risk but stated vaguely without specific numbers or metrics.
"Certain sections of this Draft Red Herring Prospectus contain information from RedSeer which has been commissioned by us and any reliance on such information for making an investment decision in the Offer is subject to inherent risks. Pursuant to being engaged by us, RedSeer, prepared a report on the Indian food services industry, “Report on India Food Services Market” (“RedSeer Report”). Certain sections of this Draft Red Herring Prospectus include information based on, or derived from, the RedSeer Report or extracts of the RedSeer Report. We commissioned this report for the purpose of confirming our understanding of the industry in connection with the Offer. None of our Company (including our Directors), the Selling Shareholder, the legal counsels and the Managers, nor any other person connected with the Offer has verified the information covered in the RedSeer Report and cannot provide any assurance regarding the information in this Draft Red Herring Prospectus derived from, or based on, the RedSeer Report. All such information in this Draft Red Herring Prospectus indicates the RedSeer Report as its source. Accordingly, any information in this Draft Red Herring Prospectus derived from, or based on, the RedSeer Report should be read taking into consideration the foregoing. Industry sources and publications are also prepared based on information as of specific dates and may no longer be current or reflect current trends. Industry sources and publications may also base their information on estimates, projections, forecasts and assumptions that may prove to be incorrect. Industry sources do not guarantee the accuracy, adequacy or completeness of the data. Further, the RedSeer Report is not a recommendation to invest / disinvest in any company covered in the RedSeer Report. Accordingly, prospective investors should not place undue reliance on, or base their investment decision solely on this information. In view of the foregoing, you may not be able to seek legal recourse for any losses resulting from undertaking any investment in the Offer pursuant to reliance on the information in this Draft Red Herring Prospectus based on, or derived from, the RedSeer Report. You should consult your own advisors and undertake an independent assessment of information in this Draft Red Herring Prospectus based on, or derived from, the RedSeer Report before making any investment decision regarding the Offer. See “Industry Overview – Our Market Opportunity” beginning on page 143. For the disclaimers associated with the RedSeer Report, see “Certain Conventions, Presentation of Financial, Industry and Market Data and Currency of Presentation – Disclaimer of RedSeer” on page 21.",Operational,3,Moderate (Operational): Real business risk but stated vaguely without specific numbers or metrics.
"The markets for food delivery services are still in relatively early stages of growth, and if these markets do not continue to grow, grow slower than we expect, or fail to grow as large as we expect, our business, financial condition, cash flows and results of operations could be adversely affected. Food delivery in India has grown rapidly in recent years, but it is still relatively new, and it is uncertain to what extent market acceptance will continue to grow, if at all. In addition, the market for the other delivery services we facilitate, such as through Hyperpure, is relatively nascent, and it is uncertain whether demand for such services or other delivery services we may facilitate in the future will continue to grow and achieve wide market acceptance, if at all. If the public does not perceive these services as beneficial, or chooses not to adopt them as a result of concerns regarding safety, affordability, or for other reasons, whether as a result of incidents on our platform or on our competitors’ platforms or otherwise, or instead adopts alternative solutions that may arise, then the market for our platform may not further develop, may develop slower than we expect, or may not achieve the growth potential we expect, any of which could adversely affect our business, financial condition, cash flows and results of operations.",Financial,3,Moderate (Financial): Real business risk but stated vaguely without specific numbers or metrics.
"Internet search engines drive traffic to our platform and our customer growth could decline and our business, financial condition, cash flows and results of operations would be adversely affected if we fail to appear prominently in search results. Our success depends in part on our ability to attract customers through unpaid internet search results on search engines. The number of customers we attract to our platform from search engines is due in large part to how and where our website ranks in unpaid search results. These rankings can be affected by a number of factors, many of which are not under our direct control and may change frequently. For example, a search engine may change its ranking algorithms, methodologies, or design layouts. As a result, links to our website may not be prominent enough to drive traffic to our website, and we may not know how or otherwise be in a position to influence the results. Search engines may also adopt a more aggressive auction-pricing system for keywords that would cause us to incur higher advertising costs or reduce our market visibility to prospective customers. Our website has experienced fluctuations in search result rankings in the past, and we anticipate similar fluctuations in the future. Any reduction in the number of customers directed to our platform could adversely affect our business, financial condition, cash flows and results of operations.",Financial,3,Moderate (Financial): Real business risk but stated vaguely without specific numbers or metrics.
"Our online marketing services/listings or reviews may constitute internet advertisement, which subjects us to laws, rules and regulations applicable to advertising. Indian and international advertising laws, rules and regulations require advertisers, advertising operators and advertising distributors to ensure that the content of the advertisements they prepare or distribute is fair and accurate and is in full compliance with applicable law. Violation of these laws, rules or regulations may result in penalties, including fines, confiscation of advertising costs, orders to cease dissemination of the advertisements and orders to publish corrective information. Complying with these requirements and any penalties or fines for any failure to comply may significantly reduce the attractiveness of our platform and increase our costs and could have a material adverse effect on our business, financial condition, cash flows and results of operations. In addition, for advertising content related to specific types of products and services, advertisers, advertising operators and advertising distributors must confirm that the advertisers have obtained the requisite government approvals, including the advertiser’s operating qualifications, proof of quality inspection of the advertised products and services, and, with respect to certain industries, government approval of the content of the advertisement and filing with the local authorities. Pursuant to the internet laws in India, we are required to take steps to moderate the content displayed on our platform, such as reviews and pictures posted by customers. This requires considerable resources and time, and could significantly affect the operation of our business, while at the same time also exposing us to increased liability under the relevant laws, rules and regulations. The costs associated with complying with these laws, rules and regulations, including any penalties or fines for our failure to comply if required, could have a material adverse effect on our business, financial condition, cash flows and results of operations. Any further change in the classification of our online marketing services by the Indian government may also significantly disrupt our operations and materially and adversely affect our business and prospects.",Regulatory,3,Moderate (Regulatory): Real business risk but stated vaguely without specific numbers or metrics.
"We are, and also in the future may be, subject to intellectual property infringement claims, which may be expensive to defend and may disrupt our business. The protection of our intellectual property is crucial to the success of our business. We rely on a combination of trademark, trade secret, and copyright law and contractual restrictions to protect our intellectual property. While our agreements with our employees and consultants who develop intellectual property on our behalf include confidentiality provisions and provisions on ownership of intellectual property developed during employment or specific assignments, as applicable, these agreements may not effectively prevent unauthorized use or disclosure of our confidential information, intellectual property, or technology and may not provide an adequate remedy in the event of unauthorized use or disclosure of our confidential information or technology, or infringement of our intellectual property. Despite our efforts to protect our proprietary rights, unauthorized parties may copy aspects of our platform or other software, technology, and functionality or obtain and use information that we consider proprietary. In addition, unauthorized parties may also attempt, or successfully endeavor, to obtain our intellectual property, domain names, confidential information, and trade secrets through various methods, including through cybersecurity attacks, and legal or other methods of protecting this data may be inadequate. We have registered, among other trademarks, the term “Zomato” in India and other jurisdictions. However, we have applied for, and are yet to receive registration for our logo under certain classes in India. For further details, see “Our Business – Intellectual Property” on page 141. Competitors have and may continue to adopt service names similar to ours, thereby harming our ability to build brand identity and possibly leading to customer confusion. In addition, there could be potential trade name or trademark infringement claims brought by owners of other trademarks that are similar to our trademarks. Further, we may not timely or successfully apply for a patent or register our trademarks or copyrights or otherwise secure our intellectual property. Our efforts to protect, maintain, or enforce our proprietary rights may be ineffective and could result in substantial costs and diversion of resources, which could adversely affect our business, financial condition, cash flows and results of operations. In addition, we allow our customers to upload content to our platform, mobile applications and websites. In particular, our mobile application features a vast amount of detailed and engaging content on our restaurant partners and services. However, content posted on our mobile applications and websites may expose us to allegations by third parties of infringement of intellectual property rights, unfair competition, invasion of privacy, defamation and other violations of third-party rights. We have, on numerous occasions in the past, received notices and have had to take-down trademarks, logos and other content provided to us by our restaurant partners in a manner that breached the intellectual property rights of other individuals and entities. We are and may from time to time be involved in litigation based on allegations of infringement of third-parties’ trademarks and copyrights due to the content available on our platform, our marketing and branding efforts as well as our technology and software. Our failure to identify unauthorized content posted on our mobile applications and websites may subject us to claims of infringement of third-party intellectual property rights or other rights, defending of which may impose a significant burden on our management and employees, and there can be no assurance that we will obtain final outcomes that are favorable to us. We use open source software in connection with our products and services. Companies that incorporate open source software into their products and services have, from time to time, faced claims challenging the ownership of open source software and compliance with open source license terms. As a result, we could be subject to suits by parties claiming ownership of what we believe to be open source software or noncompliance with open source licensing terms. Some open source software licenses require customers who distribute open source software as part of their software to publicly disclose all or part of the source code to such software and make available any derivative works of the open source code on unfavorable terms or at no cost. Any requirement to disclose our source code or pay damages for breach of contract could be harmful to our business, financial condition, cash flows and results of operations.",Legal,3,Moderate (Legal): Real business risk but stated vaguely without specific numbers or metrics.
"We rely on mobile operating systems and application marketplaces to make our applications available to participants that utilize our platform, and if we do not effectively operate with or receive favorable placements within such application marketplaces and maintain high customers’ reviews, our usage or brand recognition could decline and our business, financial results, cash flows and results of operations could be adversely affected. We depend on mobile operating systems, such as Android and iOS, and their respective application marketplaces to make our applications available to all participants that utilize our platform. Any changes in such systems and policies of the app stores could adversely affect distribution, accessibility and availability of our mobile applications. If such mobile operating systems or application marketplaces limit or prohibit us from making our platform available to participants that utilize our platform, make changes that degrade the functionality of our applications, increase the cost of using our platform, mobile applications or website, impose terms of use unsatisfactory to us, or modify their search or ratings algorithms in ways that are detrimental to us, or if our competitors’ placement in such mobile operating systems’ application marketplace is more prominent than the placement of our applications, our customer growth could slow down. Our mobile applications have experienced fluctuations in the past, and we anticipate similar fluctuations in the future. Any of the foregoing risks could adversely affect our business, financial condition, cash flows and results of operations. As new mobile devices and mobile platforms are released, there is no guarantee that certain mobile devices will continue to support our platform or effectively roll out updates to our applications. Additionally, in order to deliver high-quality applications, we need to ensure that our platform are designed to work effectively with a range of mobile technologies, systems, networks, and standards. We may not be successful in developing or maintaining relationships with key participants in the mobile industry that enhance customer ’ experience. If restaurant partners, customers, or delivery partner that utilize our platform encounter any difficulty accessing or using our applications on their mobile devices or if we are unable to adapt to changes in popular mobile operating systems, we expect that our customer growth and customer engagement would be adversely affected.",Financial,3,Moderate (Financial): Real business risk but stated vaguely without specific numbers or metrics.
