company_id,risk_number,risk_text
paytm,1,"If we are unable to attract merchants to our ecosystem, grow our relationships with our existing merchants, and increase transaction volumes on our platforms, our business, results of operations, financial condition, cash flows and prospects could be materially and adversely affected. Our growth substantially depends on our ability to maintain and grow our relationships with existing merchants and increase the volume of transactions processed on our platforms. We rely on the continuing growth of our merchant relationships and our distribution channels in order to expand our GMV and our operations. We derive revenue primarily from the fees earned from merchants for the payments, commerce and cloud, and financial services we provide through our platforms. Our total merchant base has grown from 11.2 million as of March 31, 2019 to 21.1 million as of March 31, 2021, and our GMV has increased from ₹2,292 billion in FY 2019 to ₹4,033 billion in FY 2021. If we are not able to attract new merchants and retain existing merchants or increase transaction volumes on our platforms, our payment channels may struggle to gain wider acceptance among merchants, which in turn may impede our ability to grow our revenues. The attractiveness of our platforms to merchants and their willingness to partner with us depends upon, among other things: the variety and quality of service and product offerings, payment options offered to consumers, the size of merchant network and degree of consumer penetration; the strength of our brand and reputation; the amount of fees that we charge; our ability to sustain our value proposition to merchants for consumer acquisition by demonstrating higher conversion at checkout; the attractiveness to merchants of our technology and data-driven platform; our competitors’ offerings; and our merchant satisfaction. We may experience attrition of our merchant relationships due to several factors, some of which are outside our control, including business closures, bankruptcy, financial distress, transfers of merchants’ accounts to our competitors, cancellations and account closures that we initiate due to heightened credit risks relating to contract breaches by merchants or a reduction in sales, which could have a material adverse effect on our business, financial condition, cash flows and results of operations. In addition, our growth to date has been partially driven by the growth of our merchants’ businesses and the resulting growth in GMV. Should the rate of growth of our merchants’ business slow or decline, this could have an adverse effect on volumes processed and therefore an adverse effect on our financial condition, cash flows and results of operations. Further, our contracts with our merchants are typically for a limited period, ranging between six months and five years, or valid until terminated, and the terms of such contracts allow these merchants to terminate the contracts without cause by giving notice as per the terms of the agreement. We have no guarantee of income under these agreements or minimum requirements for the use of our products and services. Merchants may seek price reductions when expanding or changing their products and services with us and/or when the merchants’ business experiences significant volume changes. Further, certain merchants may seek to lower prices previously agreed upon to pricing competition, volume increase or other economic needs or pressures faced by the merchant. In addition, some of our merchants often have arrangements with multiple payment service providers, primarily in order to mitigate certain risks, such as downtime, delayed response time or default by a payment service provider, as well as to maximize conversion among payments service providers, and to have a complete array of payment methods available. Therefore, these merchants could shift business away at any given time without necessarily terminating their contracts with us. If our contracts with our merchants are terminated or if these merchants shift business away from us, or if we are unsuccessful in retaining high renewal rates and favorable contract terms, our business, financial condition, cash flows and results of operations could be materially adversely affected. In this connection, having a diversified mix of merchants across industries is important to mitigate risk associated with changing consumer spending behavior, economic conditions and other factors that may affect a particular type of merchant or industry. If we fail to retain any of our larger merchants or a substantial number of our smaller merchants, if we do not acquire new merchants, if we do not increase transaction volumes on our platforms, or if we do not attract and retain a diverse mix of merchants, our business, results of operations, financial condition, cash flows and prospects would be materially and adversely affected."
paytm,2,"If we fail to retain our consumers, attract new consumers, expand the volume of transactions from consumers, or if our consumer acquisition costs increase, our business, revenue, profitability and growth may be harmed. Our success depends on our ability to generate repeat use and increased transaction volume from existing consumers and to attract new consumers to our platforms. We generate revenue when consumers use the products and services we offer on our platforms, such as, transact and pay for products and services, make bill payments and recharges and transfer money, among others. If we are not able to continue to grow our consumer base, we will not be able to continue to grow our merchant network or our business. Our ability to retain and grow our consumer base depends on the willingness of consumers to use our platforms, products and services. The attractiveness of our platforms to consumers depends upon, among other things: the number and variety of merchants and the mix of products and services available through our platforms; our brand and reputation; consumer experience and satisfaction; consumer trust and perception of our solutions; technological innovation; and products and services offered by competitors. Our marketing efforts currently include digital and print marketing, sponsorships for sporting events and promotional discounts and offers to our merchants and consumers. While our marketing and promotion expenses as a percentage of our revenue from operations has been decreasing gradually, we may need to introduce new marketing options and our marketing initiatives may become increasingly expensive and generating a meaningful return on these initiatives may be difficult. If we fail to retain our relationship with existing consumers, if we do not attract new consumers to our platforms, or if we do not continually expand transaction volumes from consumers on our platform, our business, results of operations, financial condition, cash flows and prospects would be materially and adversely affected"
paytm,3,"We may not be able to maintain and strengthen the network effects of our platform, which could have a material adverse effect on our business, financial condition, results of operations and prospects. Our ecosystem has multiple, unique self-reinforcing flywheels, which drive continuous growth of consumers and merchants on our ecosystem. Our consumers and merchants, interact with each other on our ecosystem to create very strong network effects which drives our growth further. The extent to which we are able to maintain and strengthen these network effects depends on our ability to:  attract and retain consumers and merchants and provide superior satisfactory experience to them;  offer and maintain scalable and efficient platforms;  provide a wide range of high-quality, secure and trustworthy products and services;  maintain a high level of engagement and activity of consumers and merchants on our platforms;  improve the quality of our consumer insights;  consistently innovate and improve the products and services offered on our platforms;  address consumer concerns with respect to data security and privacy in connection with our data processing activities;  increase the effectiveness of businesses and partners engaging with consumers on our platforms;  attract and retain merchants that are able to provide quality products and services on commercially reasonable terms on our platforms; and  continue adapting to the changing demands of the market and consumer behavior and preference. In addition, changes that we implement to our platforms to improve the merchant and consumer experience may not have the intended effect which could adversely impact certain groups of consumers To the extent we are not able to address the needs and demands of any particular participant group, those participants may spend less time, mind-share and resources on our platforms and may conduct fewer transactions or use alternative platforms, any of which could result in a material decrease in the network effects on our platforms and therefore have a material adverse effect on our business, financial condition, cash flows, results of operations and prospects."
paytm,4,"We derive a majority of our revenue from our payment services. Our efforts to expand our service offerings and market reach may not succeed and may impact our revenue and our growth. We derive a majority of our revenue from transaction fees we collect from merchants for our payment services. In FY 2019, FY 2020 and FY 2021, revenue from our payment and financial services accounted for 52.5%, 58.1% and 75.3% of our revenue from operations. Our efforts to expand our payment services depends on among other things, our ability to broaden the scope of the products and services we offer, develop new technologies, enhance the functionality of our products and services and respond to the needs of our merchants and consumers. Our failure to broaden the scope of payments services that are attractive may inhibit the growth our business, as well as increase the vulnerability of our core payments business to competitors. Further, our revenue may also be affected by our service mix. We generate higher fees from the use of certain payment instruments compared to others. For example, we do not charge any fees for certain transactions through Rupay debit cards and UPI to comply with prescribed merchant discount rates. Any unfavourable changes in merchant discount rates could have a material adverse impact on our operations, cash flows and financial condition."
paytm,5,"The ongoing COVID-19 pandemic and measures intended to prevent its spread have had, and may continue to have, a material and adverse effect on our business and results of operations. An outbreak of COVID-19 was recognized as a pandemic by the World Health Organization (“WHO”) on March 11, 2020. In response to the COVID-19 outbreak the governments of many countries, including India, had taken and may continue to take preventive or protective actions, such as imposing country-wide lockdowns, restrictions on travel and business operations and advising or requiring individuals to limit their time outside of their homes. Temporary closures of businesses were ordered and numerous other businesses were temporarily closed on a voluntary basis as well. Resurgence of COVID-19 in India in April 2021 led to further lockdowns in various regions of India and businesses are temporarily closed. While lockdowns are being progressively relaxed, the scope, duration, and frequency of such measures and the adverse effects of COVID-19 remain uncertain and could be severe. Lockdowns imposed as a result of the pandemic impacted our operations, in particular our commerce and cloud business. Revenue from our commerce and cloud services decreased by 38.0% to ₹6,932 million in FY 2021 from ₹11,188 million in FY 2020. Our Commerce GMV declined in FY 2021 primarily due to disruptions to our partners in travel, entertainment and e-commerce industries. According to RedSeer, during the FY 2021 the travel industry declined by approximately 55% and movies and events declined by 88% compared to FY 2020 due to the various restrictions imposed as a result of the COVID-19 pandemic. While our revenue from our payments and financial services increased in FY 2021 compared to FY 2020, the pandemic disrupted many of our merchant partners with particular severity from March 2020 to May 2020. This resulted in a decline in our payments volumes, as our GMV remained flat during fourth quarter of FY 2020 and declined by 14% during the first quarter of FY 2021, respectively, compared to the third quarter of FY 2020. As lockdowns eased in India in the second quarter of FY 2021, our GMV increased consistently for the rest of the FY 2021. The pandemic has adversely impacted, and is likely to continue to adversely impact, our operations and the operations of our merchants and business partners. The pandemic has caused us to modify our business practices to help minimize the risk of the virus to our employees, our merchants, and the communities in which we participate, which could negatively impact our business. These measures include temporarily requiring employees to work remotely, suspending all non-essential business travel for our employees, limiting external guests visiting our offices, and canceling, postponing, or holding meetings and events virtually. Given the continually evolving situation, there is no certainty that the measures we have taken will be sufficient to mitigate the risks posed by the pandemic. The extent to which the COVID-19 pandemic impacts our business, results of operations, cash flows and financial condition will depend on developments that continue to be highly uncertain and difficult to predict, including, but not limited to, the duration and spread of the pandemic, its severity, the actions to contain the virus or treat its impact, the availability, distribution and efficacy of vaccines, and how quickly and to what extent normal economic and operating conditions can resume. Even after the COVID-19 pandemic has subsided, we may experience material and adverse impacts to our business as a result of the virus’s global economic impact, including the availability of credit, bankruptcies or insolvencies of merchants, and recession or economic downturn."
paytm,6,"If we fail to manage our growth effectively, we may be unable to execute our business plan or maintain high levels of service and satisfaction, and our business, results of operations, and financial condition could be adversely affected. We have experienced significant expansion in the last three fiscal years and anticipate that we will continue to expand in order to address potential growth in our merchant base and take advantage of market opportunities. Our GMV has increased from ₹2,292 billion in FY 2019 to ₹4,033 billion in FY 2021, and our monthly transacting users (“MTU”) have grown consistently during FY 2021 and in the fourth quarter of FY 2021 our average MTU was 50.4 million. Our total number of merchants has grown from 11.2 million as of March 31, 2019 to 21.1 million as of March 31, 2021. If we are unable to maintain at least our current level of operations, our business, results of operations, financial condition, cash flows and prospects would be materially and adversely affected. Many factors may contribute to a decline in our revenue growth rates, including increased competition, slowing demand for our products and services from existing and new consumers, reduced market acceptance of our existing products and services, transaction volume and mix, lower sales by our merchants, our merchants seeking to reduce the fees we charge to them, general economic conditions, government actions and policies, a failure by us to continue capitalizing on growth opportunities, changes in the regulatory environment and the maturation of our business, among others. We cannot assure you that our current and planned systems, policies, procedures and controls, personnel and third-party relationships will be adequate to support our future operations. Our failure to manage growth effectively could seriously harm our business, results of operations, cash flows and financial condition. To manage operations and personnel growth, we will need to continue to grow and improve our operational, financial, and management controls and our reporting systems and procedures. We will require significant capital expenditures and the allocation of valuable management resources to expand our systems and infrastructure without any assurances that our net revenue will increase. We also believe that our corporate culture has been and will continue to be a valuable component of our success. As we expand our business and mature as a listed company, we may find it difficult to maintain our corporate culture while managing this growth. Failure to manage our anticipated growth and organizational changes in a manner that preserves the key aspects of our culture could reduce our ability to recruit and retain personnel, innovate, operate effectively, and execute on our business strategy, potentially adversely affecting our business, results of operations, cash flows and financial condition. We will need to adapt and upgrade our controls, policies, procedures and overall operations to accommodate our growing operations and supporting personnel. Moreover, the speed with which our internal controls and procedures are implemented or adapted to changing regulatory or commercial requirements may be inadequate to ensure full and immediate compliance, leaving us vulnerable to inconsistencies and failures that may have a material adverse effect on our business, results of operations, cash flows and financial condition."
paytm,7,"Failure to maintain or improve our technology infrastructure could harm our business and prospects. It is critical to our success that all participants are able to access our platforms, at all times. Our systems, or those of third-parties upon which we rely, may experience service interruptions or degradation or other performance problems because of hardware and software defects or malfunctions, unexpected high volume of transactions, distributed denial-of-service and other cyberattacks, infrastructure changes, human error, earthquakes, hurricanes, floods, fires, natural disasters, power losses, disruptions in telecommunications services, unauthorized access, fraud, military or political conflicts, terrorist attacks, legal or regulatory takedowns, computer viruses, ransomware, malware, or other events. Our systems also may be subject to break-ins, sabotage, theft and intentional acts of vandalism, including by our own employees, all of which would impact our ability to provide secure and seamless access to our platforms, which would have an adverse impact on our operations and reputation. The software underlying our platforms is complex and may contain undetected errors or vulnerabilities, some of which may only be discovered at a subsequent stage or may not get discovered at all. Our practice is to release frequent software updates. Any errors, vulnerabilities or infringements discovered in our code or from third-party software after release could result in negative publicity, a loss of consumer or loss of revenue, legal proceedings, and access or other performance issues. Such vulnerabilities could also be exploited by malicious actors and result in exposure of data of the participants on our platform, or otherwise result in a security breach or other security incident. Any failure to timely and effectively resolve any such errors, defects, or vulnerabilities could adversely affect our business, reputation, brand, financial condition, cash flows and results of operations. We have experienced and will likely continue to experience system failures and other events or conditions from time to time that interrupt the availability or reduce or affect the speed or functionality of our platform. These system failures generally occur either as a result of software updates being deployed with unexpected errors or as a result of temporary infrastructure failures related to storage, network, or computing capacity being exhausted. Further, in some instances, we may not be able to identify the cause or causes of these performance problems within an acceptable period of time. Any failure to maintain and improve our technology infrastructure could result in unanticipated system disruptions, slower response times, impaired consumer experience, delays in reporting accurate operating and financial information and failures in risk management. The risks of these events occurring are even higher during certain periods of peak usage and activity, such as on or around various shopping festivals or other promotional events, when transaction volume is significantly higher on our payment network compared to other days of the year. In addition, much of the software and interfaces we use are internally developed and proprietary technology. If we experience problems with the functionality and effectiveness of our software, interfaces or platform, or are unable to maintain and continuously improve our technology infrastructure to handle our business needs, our business, financial condition, cash flows, results of operations and prospects, as well as our reputation and brand, could be materially and adversely affected. Furthermore, our technology infrastructure, products and services, including our service offerings, incorporate third-party-developed software, systems and technologies, as well as hardware purchased or commissioned from outside and overseas suppliers. As our technology infrastructure, products and services expand and become increasingly complex, we face increasingly serious risks to the performance and security of our technology infrastructure, products and services that may be caused by these third-party-developed components, including risks relating to incompatibilities among these components, service failures or delays or back-end procedures on hardware and software. We also need to continuously enhance our existing technology. Otherwise, we face the risk of our technology infrastructure becoming unstable and susceptible to security breaches. This instability or susceptibility could create serious challenges to the security and uninterrupted operation of our platforms, products and services, which would materially and adversely affect our business and reputation."
paytm,8,"We offer some of our services in partnership with our Group Company, Paytm Payments Bank. Any failure by Paytm Payments Bank to support these services could adversely impact these services and could impact our overall business, financial condition and results of operations. We own 49% equity interest in Paytm Payments Bank and Mr. Vijay Shekhar Sharma holds the remaining 51%. Many of the payment instruments or channels, such as Paytm Wallet, Paytm UPI, NACH, Paytm FASTag and Fixed Deposits are offered on our platforms by Paytm Payments Bank in accordance with the respective agreements executed between our Company and Paytm Payments Bank. The tenure of these agreements vary from being perpetual in nature to having a fixed term ranging between three years and five years, with an option to renew for a further period on termination as per mutual agreement. These agreements also stipulate that each party may terminate the contracts for cause by giving a notice of 120 days and a notice ranging between 30 to 90 days without cause for convenience. In the event of termination of the agreements with Paytm Payments Bank, Company might need to enter into agreements with third parties who might charge higher rates for services which could adversely impact the Company’s business, financial condition and prospects. Under the terms of the shareholders’ agreement with Paytm Payments Bank, our Company has a call option right on any proposed transfer of shares of Paytm Payments Bank by Mr. Vijay Shekhar Sharma, subject to him holding at least 40% of the share capital of Paytm Payments Bank during such mandatory lock in period on shares of promoter as may be imposed by the RBI and various associated legal considerations such as mandatory lock in on shares of promoter and foreign direct investment limits, among others. For more details, see “Our Business – Financial Services – Paytm Payments Bank – Our relationship with Paytm Payments Bank” on page 184. As a licensed payments bank in India, Paytm Payments Banks’ business is highly regulated and is subject to various regulatory requirements in India. For details, see “Key Regulations and Policies in India” on page 197. The RBI and certain other regulatory authorities conduct regular and ad hoc inspections, examinations and inquiries on Paytm Payments Bank’s business operations and compliance with laws and regulations, and have the authority to impose sanctions, penalties or remediation actions. If Paytm Payments Bank fails to comply with laws, regulations or policies, or loses its licenses, and as a result is unable to provide services to us for which we have partnered with it, our business, reputation, financial condition, cash flows, results of operations and prospectus may be materially and adversely affected to that extent. These various regulatory requirements and their interpretation, application and enforcement relating to Paytm Payments Bank may increase its compliance costs or limit its scale of operations which could also increase our cost of availing its services, and in turn have a material adverse impact on our financial condition, cash flows and results of operations. For some of our business strategies to be successful, Paytm Payments Bank must be able to provide us with services for which we have partnered with it, in compliance with regulatory requirements as well the terms of the agreements executed by Paytm Payments Bank with us, at acceptable costs and on a timely basis. Any failure by Paytm Payments Bank to provide these services to us may interrupt our ability to provide some of the services to our merchants and consumers, which could have a material adverse impact on our operations to that extent."
paytm,9,"We rely on our financial institutions partners to provide our financial services and products, and any failure to maintain our relationships with them could have an adverse impact on our operations. We partner with financial institutions partners to provide financial services and products to consumers and merchants. Our financial institutions partners include commercial banks, mutual fund managers, insurance companies, securities firms and other licensed financial institutions. Our success depends on our ability to maintain a mutually beneficial partnership with these financial institutions. Our financial institutions partners may determine to reach and acquire consumers directly instead of partnering with us; may renegotiate commercial terms of the fee arrangements we have with them; may become unwilling to offer products and services on our platforms; and may reduce or cease their cooperation with us and therefore expose us to greater partner concentration risk or ultimately lead to our inability to satisfy demand from consumers. The agreements with our financial institutions partners are typically for a fixed period varying from three years to five years, with automatic renewal for a further period, unless terminated. Our financial institutions partners may terminate these agreements without any reason by typically giving a notice of 30 days or with immediate effect in case of any material breach of our obligations under these agreements and on the occurrence of certain other events. In relation to the agreements providing for borrower acquisition, we are required conduct and/or facilitate the KYC verification and risk assessment of potential borrowers and communicate the results to the lender. However, we may not be able to identify any potential red flags in our analysis which may later be identified by the lender, which may impact our credibility and ability to facilitate acquisition of creditworthy borrowers. Further, our marketing efforts may not generate the desired results and may fail to engage our consumers and lead to satisfactory acquisition rates as expected by our financial institutions partners. For instance, we have entered into collection agreements with various financial institution partners under which we provide collection services to such financial institution partners in respect of loans that are extended by them. Collection fees under these agreements are paid to our Company based on the collection targets, and non-achievement of such targets could have an impact on the service fees to be paid to us, which could in turn have a adverse impact on our financial condition, cash flows and results of operations."
paytm,10,"We have a history of net losses, we anticipate increasing operating expenses in the future, and we may not be able to achieve and maintain profitability. We have incurred net losses for the last three years, including a restated total comprehensive income/(loss) for the year including discontinued operations of ₹(42,355) million, ₹(29,433) million and ₹(17,040) million in FY 2019, FY 2020 and FY 2021, respectively. We expect to continue to incur net losses for the foreseeable future and we may not achieve or maintain profitability in the future. Because the market for our platforms, products and services is evolving, it is difficult for us to predict our future results of operations or the limits of our market opportunity. We expect our operating expenses to increase as we hire additional personnel, expand our operations and infrastructure, both domestically and internationally, continue to enhance our platforms and develop and expand its capabilities, expand our products and services, and expand and improve our interface. These initiatives may be more costly than we expect and may not result in increased net revenue. In addition, when we become a listed company, we will incur additional significant legal, accounting, and other expenses that we did not incur as an unlisted company. Any failure to increase our net revenue sufficiently to keep pace with our initiatives, investments, and other expenses could prevent us from achieving or maintaining profitability or positive cash flow on a consistent basis in future periods. If we fail to achieve or maintain profitability, our business, results of operations, cash flows and financial condition could be adversely affected. We cannot assure you that we will ever achieve or sustain profitability and may continue to incur significant losses going forward. Any failure by us to achieve or sustain profitability on a consistent basis could cause the value of our Equity Shares to decline. Further, some of our subsidiaries and associates have incurred losses for the past few fiscal years. To continue their operations, they may need financial support in the form of debt or equity from their shareholders, including our Company. There is no certainty that they will become profitable, or be able to raise adequate capital to continue their operations or meet their obligations. If these subsidiaries or associates do not become profitable, and are not able to raise capital either through debt or equity, their operations may be affected. We also carry forward our income tax losses incurred in past fiscal years, to be offset against future income tax liabilities. Setting off such tax losses against future taxable income is subject to compliance with various conditions specified under Income tax laws. Such conditions include restrictions in change of shareholding of the Company above a certain threshold. We cannot assure you that we will be able to comply with such conditions or exemptions to achieve a set off of all tax losses which are carried forward. We are unable to make any assurance that we will be able to fully utilize the tax loss carry forward in a timely manner which would result in such unutilized tax loss carry forwards to expire."
paytm,11,"We participate in markets that are competitive with continuously evolving technology and consumer needs, and if we do not compete effectively with established companies and new market entrants, our business, results of operations, cash flows and financial condition could be adversely affected. We believe the principal competitive factors in our market include industry expertise, platform and product features and functionality, ability to build new technology and keep pace with innovation, scalability, extensibility, product pricing, security and reliability, brand recall and recognition, agility, and speed to market. We compete in markets characterized by vigorous competition, changing technology, changing merchant and consumer needs, evolving industry standards, and frequent introductions of new products and services. We expect competition to increase in the future as established and emerging companies continue to enter the markets we serve or attempt to address the problems that our platforms address. Moreover, as we expand the scope of our platforms, we may face additional competition. We compete with domestic and international companies and some of these companies have greater financial resources and substantially larger bases of consumers than we do, which may provide them with significant competitive advantages. These companies may devote greater resources to the development, promotion, and sale of services, and they may offer lower prices or more effectively introduce their own innovative services that adversely impact our growth. Mergers and acquisitions by these companies may lead to even larger competitors with more resources. We also expect new entrants to offer competitive products and services. Certain merchants have longstanding exclusive, or nearly exclusive, relationships with our competitors to accept payment cards and other services that we offer. These relationships may make it difficult or cost-prohibitive for us to conduct material amounts of business with them. On the other hand, our merchant agreements are non-exclusive, therefore allowing merchants to move to similar services offered by our competitors. Competing services tied to established brands may engender greater confidence in the safety and efficacy of their services. If we are unable to differentiate ourselves from and successfully compete with our competitors, our business will be materially and adversely affected. We may also face pricing pressures from competitors. Some potential competitors are able to offer lower prices to merchants for similar products and services by cross-subsidizing their payments services through other services they offer. Such competition may result in the need for us to alter the pricing we offer to our merchants and could reduce our revenue. In addition, as we grow, merchants may demand more customized and favourable pricing from us, and competitive pressures may require us to agree to such pricing, further reducing our revenue. Our competitors are continuously investing to innovate, grow their businesses and enhance consumer reach and engagement, and can outcompete us in any of these areas. They may also be able to obtain certain licenses that we are unable to obtain, which may hinder our ability to offer certain services or access certain pools of liquidity that are the subject of such licenses. Increased investments made, lower prices or innovative services offered by our competitors may require us to divert significant managerial, financial and human resources in order to remain competitive, and ultimately may reduce our market share and negatively impact the revenues growth and profitability of our business. If we are not able to compete effectively, our ability to retain consumers, merchants and financial institutional partners we may have to change our current business model for our business to cope with such changes and we cannot guarantee that our current business model will remain the same going forward. Further the level of economic activity and consumer engagement on our platforms may decrease and our market share and profitability may be negatively affected, which could materially and adversely affect our business, financial condition, cash flows, results of operations and prospects, as well as our reputation and brand."
paytm,12,"We rely on third-parties for certain aspects of our business, which creates additional risk, and the failure of third-parties to comply with legal or regulatory requirements or to provide various products and services that are important to our operations could have an adverse effect on our business, results of operations, financial condition, and prospects. We depend on third-party service providers for certain services, such as financial, technology, and other services to support our operations, including credit ratings and reporting, cloud-based data storage, data centers and other IT solutions, and payment processing. We also outsource a portion of our services, such as, customer care services, deployment of QR codes and sale of hardware devices, among others. Our success depends on our ability to manage various service providers to provide reliable and satisfactory services to consumers on our platform. Our operations and business could be adversely affected if our outsourcing service providers face any operational or system interruptions. Our collaboration with various partners is critical for us to address the massive digital payment, digital finance and digital daily life services opportunities for consumers and businesses. To the extent we are unable to effectively manage these partners to provide satisfactory services to our consumers to address their needs on commercially acceptable terms, or at all, or if we fail to retain existing or attract new quality partners to our platform, our ability to retain, attract or engage our consumers may be severely limited, which may have a material and adverse effect on our business, financial condition, cash flows and results of operations. We are dependent on the ability of our products and services to integrate with a variety of third-party operating systems, as well as web browsers that we do not control. Any changes in these third-party systems that degrade the functionality of our products and services, impose additional costs or requirements on us, or give preferential treatment to competitive services, including their own services, could materially and adversely affect usage of our products and services. In addition, we rely on app marketplaces to drive downloads of our mobile app. App marketplaces regularly make changes to their marketplaces, and those changes may make access to our services more difficult. In the event that it is difficult for our merchants to access and use our products and services, our business may be materially and adversely affected. Most of our agreements with third-party service providers are terminable by the service provider at a short or no notice, and if our current third-party service providers were to terminate their agreements with us or otherwise stop providing services to us on acceptable terms, we may be unable to procure service from alternative service providers in a timely and efficient manner and on acceptable terms or at all. Furthermore, some of our service agreements are fixed-term contracts or have short duration ranging from one year to three years and are not subject to automatic renewal. If any service provider fails to provide the services we require, fails to meet contractual requirements (including compliance with applicable laws and regulations), fails to maintain adequate data privacy controls and electronic security systems, or suffers a cyber-attack or other security breach, we could be subject to regulatory enforcement actions, claims from third parties, including our consumers, and suffer economic and reputational harm that could have an adverse effect on our business. Further, we may incur significant costs to resolve any such disruptions in service, which could adversely affect our business."
paytm,13,"Acquisitions, strategic investments, entries into new businesses, and divestitures could disrupt our business, divert our management’s attention, result in additional dilution to our shareholders, and harm our business. We may in the future seek to acquire or invest in businesses, apps, or technologies that we believe could complement or expand our products and services, enhance our technical capabilities, or otherwise offer growth opportunities. We may be unable to find suitable acquisition candidates and to complete acquisitions on favourable terms, if at all, in the future. If we do complete acquisitions, we may not ultimately strengthen our competitive position or achieve our goals and any acquisitions we complete could be viewed negatively by customers or investors. Moreover, an acquisition, investment or business relationship may result in unforeseen operating difficulties and expenditures, including disrupting our ongoing operations, diverting management from their primary responsibilities, subjecting us to additional liabilities, increasing our expenses and adversely impacting our business, results of operations, cash flows and financial condition. Moreover, we may be exposed to unknown liabilities and the anticipated benefits of any acquisition, investment or business relationship may not be realized, if, for example, we fail to successfully integrate such acquisitions, or the technologies associated with such acquisitions, into our company. We also may not achieve the anticipated benefits from the acquired businesses due to a number of factors, including difficulties resulting from the integration of technologies, IT systems, accounting systems, culture or personnel; diversion of management’s attention; litigation; use of resources; or other disruption of our operations. Regulatory constraints, particularly competition regulations, may also affect the extent to which we can maximize the value of our acquisitions or investments. Acquisitions could also result in dilutive issuances of equity securities or the incurrence of debt. In addition, we may spend time and money on acquisitions or investments that do not increase our revenue. If an acquired business fails to meet our expectations, our business may be materially and adversely affected."
paytm,14,"We are subject to chargeback and refund liability risk when our merchants refuse to or are unable to reimburse chargebacks and refunds resolved in favor of their customers. Any increase in chargebacks and refunds not paid by our merchants may adversely affect our business, financial condition, cash flows or results of operations. We are currently, and will continue to be, exposed to certain risks associated with chargebacks and refunds in connection with payment card fraud or relating to the products or services provided by our merchants. In the event that a billing dispute between a consumer and a merchant is not resolved in favor of the merchant, including in situations in which the merchant is engaged in fraud, the transaction is typically “charged back” to the merchant and the purchase price is credited or otherwise refunded to the consumer. In certain circumstances where we are unable to collect chargeback or refunds from the merchant’s account, or if the merchant refuses to or is unable to reimburse us for a chargeback or refunds due to closure, bankruptcy, or other reasons, we may bear the loss for the amounts paid to the consumer. The risk of chargebacks is typically greater with merchants that promise future delivery of products and services rather than delivering products or rendering services at the time of payment, and any customer disputes linked to rendering of such services from our merchants may adversely impact our ability to retain and attract our customers. In addition, our exposure to these potential losses from chargebacks increases to the extent that we have provided working capital solutions to such merchants, as the full amount of the payment is provided up front rather than in installments. While most of our merchant agreements establish that the chargeback and refund liability risk is with the merchant, and would permit us to collect and retain reserves, we may not be able to collect and maintain reserves from our merchants to cover these potential losses, including in the case of customer and merchant disputes. If we are unable to maintain our losses from chargebacks at acceptable levels, the payment network providers could fine us, increase our transaction fees, or terminate our ability to process payment cards. Any increase in our transaction fees or liability for incorrect charges could damage our business, and if we were unable to accept payment cards, our business would be negatively affected. Any increase in chargebacks not paid by our merchants could have a material adverse effect on our business, financial condition, cash flows or results of operations."
paytm,15,"We have experienced negative cash flows in prior years. We have experienced negative cash flows from operations in the recent past. Our consolidated cash flow for FY 2019, FY 2020 and FY 2021 are set forth in the table below. FY 2021 2020 2019 (₹ in millions) Net cash (outflow) from operating activities (20,825) (23,766) (44,759) Net cash inflow/(outflow) from investing activities 19,298 (19,963) 19,110 Net cash inflow/(outflow) from financing activities (2,221) 51,599 21,105 We had negative cash flows from operating activities for FY 2019, FY 2020 and FY 2021 primarily due to operating losses and on account of additional working capital requirement. Any negative cash flows in the future could adversely affect our results of operations and financial condition. For further details, see “Management’s Discussion and Analysis of our Financial Condition and Results of Operations – Cash Flows” on page 402."
paytm,16,"We rely on mobile operating systems and application marketplaces to make the Paytm app available to participants that utilize our platforms, and if we do not effectively operate with or receive favourable placements within such application marketplaces and maintain high consumer reviews, our usage or brand recognition could decline and our business, financial results, cash flows and results of operations could be adversely affected. We depend, in large part, on search engines, social media platforms, digital app stores, content-based digital marketing and other online sources for traffic to our platforms. Our ability to maintain and increase the number of consumers directed to our platforms is not entirely within our control. Search engines, social media platforms and other online sources often revise their algorithms and introduce new advertising services based on data feedback. If one or more of the search engines or other online sources on which we rely for traffic to our platforms were to modify its general algorithm for how it displays our advertisements or keyword search results, resulting in fewer consumers clicking through to our platforms, our business or results of operations may suffer. In addition, if our online display advertisements are no longer able to reach certain consumers due to consumers’ use of ad- blocking software, our business or results of operations could suffer. In the past, we have been subject to warnings and actions, and it may happen again in the future which could have a material adverse impact on our operations and reputation. As new mobile devices and mobile platforms are released, there is no guarantee that certain mobile devices will continue to support our platforms or effectively roll out updates to our applications. Additionally, in order to deliver high-quality applications, we need to ensure that our platforms are designed to work effectively with a range of mobile technologies, systems, networks, and standards. We may not be successful in developing or maintaining relationships with key participants in the mobile industry that enhance consumers’ experience. If participants that utilize our platforms encounter any difficulty accessing or using our applications on their mobile devices or if we are unable to adapt to changes in popular mobile operating systems, we expect that our consumer growth and engagement to be adversely affected."
paytm,17,"Our profitability could be negatively affected if our payment processing charges payable to financial institutions and card networks increase significantly, and we are not able to pass on these higher processing charges to our merchants or consumers. We are required to pay payment processing charges to financial institutions and card networks for processing transactions on our platform. These costs depend on (i) the category of merchant, and (ii) payment instrument used by the consumer. Other factors sometimes may include (i) size and number of transactions processed on our platforms, and (ii) the network through which the transaction is routed. From time to time, financial institutions have increased, and may in the future increase charges levied for processing transactions on our platform. These charges vary for each payment instrument and we may not be able to pass on these costs to our merchants. Accordingly, any increase or decrease in payment gateway charges could make our pricing less competitive, lead us to change our pricing model, or adversely affect our margins. In addition, financial institutions may not agree to renew our agreements with them on commercially reasonable terms or at all, which could also adversely impact our financial condition, cash flows and results of operations. Our business depends on our ability to accept credit and debit cards, which ability is provided by the payment card networks. As a result, we must rely on banks and acquiring processors to process transactions on our behalf. These banks and acquiring processors may fail or refuse to process transactions adequately, may breach their agreements with us, or may refuse to renew these agreements on commercially reasonable terms. They might also take actions that degrade the functionality of our products and services, impose additional costs or requirements on us, or give preferential treatment to competitive services, including their own services. If we are unsuccessful in establishing or maintaining mutually beneficial relationships with these payment card networks, banks, and acquiring processors, our business may be harmed. We are required to pay interchange fees and assessments to the payment card networks, as well as fees to our acquiring processors, to process transactions. From time to time, payment card networks have increased, and may increase in the future, the interchange fees and assessments that they charge for each transaction processed using their networks. In addition, our acquiring processors may refuse to renew our agreements with them on commercially reasonable terms. Interchange fees or assessments are also subject to change from time to time due to government regulation. Because we generally charge our merchants a flat rate for our payments services, rather than passing through interchange fees and assessments to our merchants directly, any increase or decrease in interchange fees or assessments or in the fees we pay to our acquiring processors could adversely affect our margins, make our pricing look less competitive or lead us to change our pricing model. We could be, and in the past have been, subject to penalties from payment card networks if we fail to detect that merchants are engaging in activities that are illegal, contrary to the payment card network operating rules, or considered “high risk.” We must either prevent high-risk merchants from using our products and services or register such merchants with the payment card networks and conduct additional monitoring with respect to such merchants. Although the amount of these penalties has not been material to date, any additional penalties in the future could become material and could result in termination of our ability to accept payment cards or could require changes in our process for registering new merchants. This could materially and adversely affect our business."
paytm,18,"We may be adversely affected by the evolving laws and regulation governing our business and the introduction of any new laws and regulation which may become applicable to our business. The laws and regulations governing our businesses are evolving and may be amended, supplemented or changed at any time. As a result, we may be required to seek for and follow additional procedures, modify or adjust certain activities, restructure our ownership structure, obtain new and additional licenses and incur additional expenses to comply with such laws and regulations, which could adversely affect our future development and business. New laws and regulations may be enacted from time to time to require additional licenses and approvals other than those we currently have. Recently, the RBI has issued the Guidelines on Regulation of Payment Aggregators and Payment Gateways, 2020, as amended (“Payment Aggregators Guidelines”), requiring existing providers of payment aggregator and gateway services to apply for an authorization from the RBI on or before December 31, 2021. Further, these guidelines stipulate that a single entity cannot continue to provide an e-commerce marketplace along with payment aggregator services and that such payment aggregator services must be separated from the e-commerce marketplace business. For details see, “Key Regulations and Policies in India” on page 197. In order to comply with these guidelines, we have incorporated our Subsidiary, Paytm Payments Services Limited which has applied to the RBI for the relevant authorization on January 8, 2021 and we will transfer our payment aggregator services business to Paytm Payments Services Limited post receipt of such authorization. We cannot assure you that we will obtain the authorization in a timely manner or at all and that we will be successful in complying with the requirements and policies prescribed under the Payment Aggregators Guidelines. Further, new regulations may impose restrictions or conditions on our existing activities. For instance, NPCI issued a circular dated November 5, 2020, which restricts each third party application from initiating UPI transactions in excess of 30% of the total volume of UPI transactions processed during the preceding three months, on a rolling basis. Although, Paytm Payments Bank is not a third-party application provider, we cannot assure you that NPCI will not impose any such restrictions and requirements on the services and operations of banks in the future which may adversely impact their business and operations. In order to comply with evolving laws and regulations, we may need to devote significant resources and efforts, including restructuring affected businesses, changing our business practices and adjusting our activities, which may materially and adversely affect our business, growth prospects and reputation. The amendment to the SEBI (Investment Advisors) Regulations, 2013 which was to be implemented from March 31, 2021, required, amongst others, stipulations, client level segregation of advisory and execution activities of an investment advisor. In summary, the implementation of these new regulations may have an adverse impact on the operation of the RIAs like Paytm Money, who typically service small retail investors. Accordingly, Paytm Money decided to temporarily suspend advisory services with effect from March 31, 2021 in order to comply with such additional requirements and the same was informed to SEBI vide letter dated February 19, 2021 along with the detail plan for migration of advisory clients to the execution services. As on the date of this Draft Red Herring Prospectus, we have not received any investor grievance in this regard. However, we are not certain if and when the discontinued advisory services will be resumed. Additionally, Paytm First Games Private Limited (“Paytm First Games”) offers certain skill based real money games on its platforms, in accordance with the applicable laws of the respective states where such games are offered, as the legality of online betting and gaming in India is determined under central as well as state law. The state legislations in relation to gambling and other applicable laws along with the judicial pronouncements by the respective high courts in this regard are evolving and accordingly there continues to be uncertainty in the regulatory framework applicable to certain states and differing approaches from one state to the other, which could adversely affect the future development and operations of Paytm First Games. We cannot assure you that the relevant regulatory authorities will not introduce further new laws and regulations in the future which may require us to restructure our business, obtain new licenses, comply with additional requirements and incur additional ongoing compliance costs which may adversely affect our future development, business and results of operations."
paytm,19,"Failure to comply with the existing laws and regulations applicable to our business could subject our Company, or our subsidiaries or our associates or our shareholders, as applicable, to enforcement actions and penalties and otherwise harm our business. Our business is subject to regulation by various statutory and regulatory authorities in India, including the MCA, the RBI, Income tax authorities, SEBI and the IRDAI, and other authorities responsible for enforcing compliance with privacy and data protection related laws, foreign investment laws, intellectual property laws, consumer protection laws, anti-corruption and anti-bribery laws, direct and indirect tax laws. Any failure or alleged failure to comply with the applicable laws, regulations or requirements could subject us, or our subsidiaries, as applicable, to inspection, audit and enforcement actions by the relevant authority; suspension and revocation of the relevant license or approval; civil penalties including payment of damages to the aggrieved party; criminal penalties including payment of fines and imprisonment of concerned directors or employees; and mandatory conciliation and mediation with the aggrieved party or may also lead to an inability to carry forward our tax losses. These actions or any failure to prevail in a possible civil or criminal litigation, may adversely affect our business, results of operations, financial condition, cash flows and reputation. In addition, responding to any action or litigation may result in a diversion of our management’s attention and resources and an increase in professional fees and compliance costs. The premises, books of accounts, documents and records of certain of our subsidiaries are subject to inspection by the RBI, SEBI and IRDAI, as applicable, under the relevant laws and regulations. Consequently, the relevant authority may identify instances of non-compliance and deficiencies in our operations and issue warning letters, show cause notices or penalties for violations. For instance, pursuant to an inspection conducted by SEBI in February 2020 of the books and records of our Subsidiary, Paytm Money, SEBI observed certain violations of the relevant laws and regulations by Paytm Money in relation to the uploading of KYC data of clients and providing investment advice to clients and issued a letter warning Paytm Money to take corrective steps. Paytm Money has submitted its response dated July 9, 2020, intimating SEBI of the corrective measures undertaken. The premises and records maintained by our Company may also be subject to inspection and/or audit by the RBI and the NPCI in relation to the transactions undertaken on our platforms through the payment channels operated by Paytm Payments Bank, such as Paytm wallet, net-banking and UPI. Additionally, our subsidiaries and associates are required to make several filings on a quarterly, half-yearly and annual basis or on the occurrence of prescribed events with the RBI, SEBI, IRDAI and other relevant authorities pursuant to the applicable laws and regulations governing them. We cannot assure you that all the required filling will be made in a timely manner or at all in the future and that the relevant authorities will not impose any penalties and compounding proceedings on our subsidiaries, associates or our shareholders in this regard. Moreover, we are exposed to the risk of varying and evolving interpretation of complex laws and regulations governing our business in India. Certain of these laws and regulations governing our business are relatively new and evolving, and their interpretation and enforcement may involve uncertainties. For instance, Indian Insurance Companies (Foreign Investment) Amendment Rules, 2019, notified on September 2, 2019 read with the IRDAI (Insurance Intermediaries) (Amendment) Regulations, 2019, notified on October 30, 2019, inter alia increased the FDI limits in insurance intermediaries (which includes insurance brokers) from 49% to 100%. Accordingly, our Company (being a Foreign owned and controlled company) made a 100% investment in our Subsidiary, Paytm Insurance Broking between November, 2019 and February, 2020. However, our Form DI filing in this regard was rejected by RBI and we were directed to comply with the amended Foreign Exchange Management (Non-Debt Instruments) Rules, 2019 (which were notified on April 17, 2020 to reflect the increase in FDI limits) and to seek a post-facto Government approval for our investments which were made prior to April 17, 2020. We have submitted an application for seeking post facto approval before the relevant authority and are responding to incremental queries. We cannot assure you that we will not be subject to any penalties or that we will receive the post-facto approval. Further, our Company has also applied to the Authorized Dealer and RBI seeking appropriate approvals in relation to non- settlement of foreign currency payables and non-realization of foreign currency receivables which have been due for longer than the prescribed period in accordance with the applicable directions issued by the RBI. For details, see “- Our Statutory Auditors have included certain emphasis of matters in the auditors’ reports on our audited consolidated financial statements for the last three fiscal years and in the examination report on the Restated Financial Statements. Further, the auditors have included certain observations in their reporting under Companies (Auditors Report) Order, 2016 (“CARO”)” on page 51. Additionally, our Company and certain shareholders are subject to disclosure/ filing requirements under the Companies Act, 2013 and the rules made thereunder, which may have been delayed. Such delay in making the requisite disclosures/ filings could attract non-material monetary penalties under the Companies Act, 2013."
paytm,20,"Certain statutory and regulatory licenses and approvals are required for conducting our business and any failure or omission to obtain, maintain or renew these licenses and approvals could adversely affect our business and results of operations. Our operations in India are subject to extensive government regulation and we, along with our subsidiaries and associates, are required to obtain and maintain a number of statutory and regulatory licenses and approvals. These licenses and approvals include, amongst others, licenses to operate as a payments bank and issue prepaid payment instruments issued by the RBI, each obtained by Paytm Payments Bank, registrations to act as a stock broker and an investment advisor issued by SEBI, each obtained by Paytm Money and registration to act as a direct insurance broker issued by IRDAI obtained by Paytm Insurance Broking. For a detailed description of our licenses and approvals, see “Government and Other Approvals” on page 414. While we have obtained the necessary licenses and approvals required for our operations, certain approvals for which we have submitted applications are currently pending. For instance, the applications dated December 15, 2020 and November 5, 2020 made by Paytm Money and Paytm Payments Bank, respectively, to obtain a certificate of registration to act as a corporate agent from the IRDAI are currently pending. In addition, we may apply for additional licenses and approvals, including the renewal of certain approvals which may expire from time to time, such as the registration to act as a direct insurance broker which expires in 2023 held by Paytm Insurance Broking. If we or our Group Company, Paytm Payments Bank as applicable, are unable to obtain, maintain or renew all necessary licenses and approvals required for our continued operations or for continued provision of the services being offered in collaboration with Paytm Payments Bank, this may have consequences, on operations that may be limited or suspended to that extent, which may have an adverse impact on our business and results of operations. Further, our activities, future development and expansion into a variety of new fields could also raise a number of new regulatory issues and licensing requirements. In Fiscal 2021, our Subsidiary, Paytm Entertainment Limited (“Paytm Entertainment”) entered into an exceptional transaction of providing a one-time short term loan to Paytm First Games. Due to this, Paytm Entertainment met the principal business test for determination of identification as a non-banking financial company. Since Paytm Entertainment does not intend to give any further loans to Paytm First Games or other entities, it has requested RBI to grant an exemption from being classified as an NBFC. As of the date of this Draft Red Herring Prospectus, the said loan has been repaid by Paytm First Games to Paytm Entertainment and further, Paytm Entertainment has no loans outstanding to any entity. We cannot assure you that we will be granted an exemption and that Paytm Entertainment will not be required to obtain registration as an NBFC under the applicable laws. Some of the licenses and approvals that have been issued to our Company or our subsidiaries or associates contain certain conditions and restrictions. For instance, the license to operate as a payments bank issued by the RBI requires Paytm Payments Bank to comply with certain terms and conditions, and in the event that it is unable to comply with any or all of these terms and conditions, or seek waivers or extensions of time for complying with these terms and conditions, the RBI may place stringent restrictions on it which may impact our operations to the extent of our offering services in partnership with Paytm Payments Bank. If we or our subsidiaries or associates fail or allegedly fail to satisfy the conditions or comply with the restrictions imposed by the relevant licenses and approvals, or the restrictions imposed by any statutory or regulatory requirements, we or our subsidiaries or associates may become subject to regulatory enforcement or be subject to fines, penalties or additional costs or revocation of these licenses and approvals. This may result in the interruption of all or some of our operations and may have a material adverse effect on our business, financial condition, cash flows and results of operations."
paytm,21,"Our business depends on a strong and trusted brand, and any failure to maintain, protect, and enhance our brand would hurt our business. We have developed a strong and trusted brand that has contributed significantly to the success of our business. We enable participants in commercial and financial activities, including consumers, merchants and financial institutional partners to build and strengthen trust among each other. In the process, we have become a platform that is trusted by consumers, businesses and partners. Maintaining, protecting, enhancing and promoting the trust in us, our platforms and our brand is critical to expanding the base of consumers, merchants and financial institutional partners on our platforms, as well as increasing their engagement with our products and services. Any negative publicity about our industry or us, the quality and reliability of our products and services, our risk management processes, changes to services, our ability to effectively manage and resolve merchant and consumer complaints, our privacy and security practices, litigation, regulatory activity, and the experience of merchants and buyers with our products and services, could adversely affect our reputation and the confidence in and use of our products and services. In the past, we have been involved in disputes, filed oppositions before relevant authorities, entered into a settlement agreement in relation to the use and/or registration of our trademarks in India and certain other jurisdictions and we cannot assure you that we will be able to use and/or register our trademarks in the future and will not be involved in any disputes or proceedings or settlements in this regard. Many factors could undermine or damage the trust in us, our platforms or our brand, including, failure by us or our partners to satisfy expectations of service and quality; inadequate protection of sensitive information; compliance failures and claims; employee misconduct; and misconduct by our partners, service providers, or other counterparties. Under the agreements with our merchants, the merchant is responsible for quality, quantity, timely delivery and price of the services offered by it and is further responsible for related customer support and dispute resolution services. However, instances of unsatisfactory services provided by one or more merchants may damage the trust that our consumers have in our brand and our platforms. We may receive negative reviews from consumers and become subject to legal notice and/or action, which may adversely affect our reputation and the confidence in and use of our products and services. If we do not successfully maintain the trust in us, our business, financial condition, results of operations, cash flows and prospects would be materially and adversely affected."
paytm,22,"External factors may adversely affect our revenue from lending products and our success in relation to lending also depends on our ability to innovate new products. Through our platforms, our financial institution partners are able to extend availability of credit to consumers and merchants, including small businesses to meet their credit needs. Factors including, among others, the slowdown and structural reform of the Indian economy, adverse development in general economic conditions, an increase in unemployment rates among our consumers, health pandemics or epidemics, adverse weather conditions and natural disasters could result in the deterioration of credit profiles and creditworthiness of our consumers and merchants. Some consumers and merchants generally have no or limited credit history, fewer financial resources or borrowing capacity than large entities, and may be more vulnerable to economic downturns. In addition, small businesses frequently have negligible market shares and often need substantial additional capital to expand or compete and may experience substantial volatility in results of operations, any of which may impair a borrower’s ability to service a loan. If general economic conditions negatively impact India or the specific markets in which we operate and consumers or small businesses are adversely affected by adverse business conditions, the credit balance enabled through our platforms may decrease due to lower demand by consumers and small businesses or some existing borrowers’ inability to repay, thereby negatively impacting the collection fees we charge our partner financial institutions that are linked to such business volume. Moreover, an economic downturn could reduce our risk appetite and that of our financial institutions partners and. If any of the forgoing materialized, it would affect their collaboration with us, and as a result, adversely affect our business, financial condition, cash flows and results of operations. Our success also depends on our ability to scale up the insurance distribution business which depends on our ability to leverage customer insights, co create products that identify and anticipate consumer and business needs, with partner insurers and deliver a seamless experience to our customer base. We operate a technology driven insurance distribution platform which incurs substantial upfront costs on building the technology assets which may have a longer gestation period to break even depending upon speed of scaling up. We leverage insights to identify merchant and consumer needs to be addressed by innovative insurance products. However, the complex nature of development and approval of insurance products may constrain our ability to co-design new products with the insurers that can sufficiently address the customer and merchant needs we have identified or are suitable for distribution on our platforms. In addition, changes in insurance regulations may complicate, delay or increase the costs of innovating, marketing and distribution of new insurance products on our platforms which could have an adverse impact on our financial condition, cash flows and results of operations. Online distribution of insurance products is an evolving business model that is sensitive to data protection and data privacy laws. Changes in the regulatory environment may curtail our ability of seamless distribution of the insurance products. Regulatory focus on market conduct, mis-selling, customer identification and prudential aspects may lead to a greater compliance risk and slower growth in volume may result in lower distribution income."
paytm,23,"Unfavourable media coverage could harm our brand, business, financial condition, cash flows and results of operations. Unfavorable publicity could adversely affect our reputation. Such negative publicity could also harm the size of our network and the engagement and loyalty of merchants, consumers and other participants that utilize our platform, which could adversely affect our business, cash flows, financial condition, and results of operations. As our platforms continues to scale and public awareness of our brand increases, any future issues that draw media coverage could have an amplified negative effect on our reputation and brand. In addition, negative publicity related to key brands we have partnered or by any influencers may damage our reputation, even if the publicity is not directly related to us. Any negative publicity that we may receive could diminish confidence in, and the use of, our platforms and may result in increased regulation and legislative scrutiny of industry practices as well as increased litigation, which may further increase our costs of doing business and adversely affect our brand. As a result, any impairment or damage to our brand, including as a result of these or other factors, could adversely affect our business, reputation, cash flows, results of operations and financial condition. Many social media platforms publish their subscriber’s or participant’s content, often without filters on accuracy. The dissemination of inaccurate information regarding our business, brand and services online could harm our business, reputation, prospects, financial condition and operating results, regardless of the information’s accuracy. The damage may be immediate without affording us an opportunity for redress or correction."
paytm,24,"Any privacy or data security breach, cyber-attacks or internal misconducts could damage our reputation and brand and substantially harm our business and any actual or perceived failure by us to comply with laws or regulations relating to privacy or the protection or transfer of data relating to individuals or any other contractual obligations relating to privacy or the protection or transfer of data relating to individuals, could adversely affect our business. As a technology-based platform, our business generates and processes a large quantity of personal, transaction, billing, behavioral and demographic data. We face risks inherent in handling and protecting large volumes of data, including protecting the data hosted in our system, detecting and prohibiting unauthorized data share and transfer, preventing attacks on our system by outside parties or fraudulent behavior or improper use by our employees, and maintaining and updating our database. Any system failure, security breach or third-party attacks or attempts to illegally obtain the data that result in any actual or perceived release of consumer data could damage our reputation and brand, deter current and potential consumers from using our products and services, damage our business, and expose us to potential legal liability. The techniques used to obtain unauthorized, improper, or illegal access to our systems, our or our consumers’ data, or to disable or degrade service or sabotage systems, are constantly evolving, may be difficult to detect quickly, and often are not recognized until after they have been launched against a target. We may be unable to anticipate these techniques, react in a timely manner, or implement adequate preventative or remedial measures. Unauthorized parties may attempt to gain access to our systems or facilities through various means, including, among others, hacking into our or our partners’ or consumers’ systems or facilities, or attempting to fraudulently induce our employees, partners, consumers or others into disclosing usernames, passwords, or other sensitive information, which may in turn be used to access our information technology systems and gain access to our or our consumers’ data or other confidential, proprietary, or sensitive information. We are mandated under law to undertake audit of reasonable security practices and procedures for handling of sensitive personal data or information, and in the past the internal auditors have highlighted certain risks, inter alia, pertaining to encryption of customers personal information and retention period of personal information. Our Company has addressed and continues to address such risks based on recommendations in such internal audit reports. There is no assurance that in future similar or other risks will not be highlighted in internal audit reports and may lead to incurring of costs for addressing such risks, diversion of management’s attention and regulatory actions. We are also required to comply with several standards including the Payment Card Industry Data Security Standards and Payment Application Data Security Standards, as applicable to the transactions undertaken on our platforms. Our failure, or the failure by our third party providers or merchant partners on our platforms, to comply with applicable laws or regulations or standards or any other contractual obligations relating to privacy, data protection, or information security, may cause a leak of consumers’ data, adversely affect our reputation and lead to termination of our agreements with the affected merchants. Under our agreements with our merchants, our merchants and we are required to ensure proper encryption and security measures at our respective websites, mobile applications and billing systems to prevent any hacking into information pertaining to transactions. We are also required to protect and keep confidential all information related to the debit cards, net banking facilities or other payment data of consumers who are carrying out transactions with such merchants through our platforms. We cannot assure you that our merchants or we will be able to prevent all attempts of hacking and/or unauthorized disclosures of customer data. Any compromise of security or cyber-attack that results in unauthorized access to, or use or release of personally identifiable information or other data relating to consumers, or other individuals, or the perception that any of the foregoing types of failure or compromise has occurred, could damage our reputation, discourage new and existing consumers from using our platform, or result in fines, investigations, or proceedings by governmental agencies and private claims and litigation, any of which could adversely affect our business, financial condition, cash flows and results of operations. Even if not subject to legal challenges, the perception of privacy concerns, whether or not valid, may harm our reputation and brand and adversely affect our business, its financial condition, and results of operations."
paytm,25,"Regulatory, legislative or self-regulatory/standard developments regarding privacy and data security matters could adversely affect our ability to conduct our business. Numerous domestic and international laws and regulations address privacy and the collection, storing, sharing, use, disclosure, and protection of certain types of data. These laws, rules, and regulations evolve frequently and their scope may continually change, through new legislation, amendments to existing legislation, and changes in enforcement. Additionally, many laws and regulations relating to privacy and the collection, storing, sharing, use, disclosure, and protection of certain types of data are subject to varying degrees of enforcement and new and changing interpretations by courts or regulators. Changes in laws or regulations relating to privacy, data protection, and information security, particularly any new or modified laws or regulations, or changes to the interpretation or enforcement of such laws or regulations, that require enhanced protection of certain types of data or new obligations with regard to data retention, transfer, or disclosure, could greatly increase the cost of providing our platforms, require changes to our operations, or even prevent us from providing our platforms in jurisdictions in which we currently operate and in which we may operate in the future. As part of our operations, we are required to comply with the Information Technology Act, 2000 and the rules thereof, which provides for civil and criminal liability including compensation to persons affected, penalties and imprisonment for various cyber related offenses, including unauthorized disclosure of confidential information and failure to protect sensitive personal data. India has already implemented certain privacy laws, including the Information Technology (Reasonable Security Practices and Procedures and or Information) Rules, 2011, which impose limitations and restrictions on the collection, use, disclosure and transfer of personal information. Additionally, the Government of India, in December 2019, published the Personal Data Protection Bill, 2019, which provides for a framework for protection of personal data and use of non-personal data and seeks to, among others, lay down norms for cross-border transfer of personal data, define the scope of the definition of personal data and non-personal data, establishment of a data protection authority and ensure the accountability of entities processing personal data. For further details, see “Key Regulations and Policies” on page 197. The introduction of new information technology legislation may require us to modify our existing systems, or invest in new technologies to ensure compliance with such applicable laws, which may require us to incur additional expenses and adversely affect our financial condition. Our failure to adhere to or successfully implement processes in response to changing regulatory requirements in this area could result in legal liability or impairment to our reputation in the marketplace, which could have a material adverse effect on our business, financial condition, results of operations and prospects. Several jurisdictions have implemented new data protection regulations and others are considering imposing additional restrictions or regulations. We expect data protections regulations to continue to increase both in number, complexity and in the level of stringency. The entry into force of the General Data Protection Regulation (EU) 2016/679 (“GDPR”), in the European Union prompted various countries to begin processes to reform their data protection regimes. In many cases, these regulations have strict measures regulating both the transfer of data externally, and also the storage and transfer of data internally among our employees in the course of their work and among our subsidiaries and affiliates. Moreover, these regulations may have conflicting and/or inconsistent requirements, and compliance with one data protection regime does not necessarily entail compliance with another data protection regime, and compliance with one data protection regime could potentially create conflicts in compliance with another data protection regime. In particular, we may transfer data across jurisdictions in the ordinary course of our operations, and we may not be able to ensure compliance with all applicable data protection regulations at all times. Any failure to comply with applicable data protection regimes could subject us to significant penalties and negative publicity, which could have a material adverse effect on our business, financial condition, reputation before our merchants and providers, and results of operations."
paytm,26,"Payments banks in India, including our Group Company Paytm Payments Bank, are subject to regulatory requirements and prudential norms and its inability to comply with applicable laws, regulations and norms may have an adverse effect on some of our businesses, financial condition and results of operations. Payments banks in India, including our Group Company, Paytm Payments Bank, are subject to various requirements and restrictions in relation to their functioning, corporate ownership and governance which are prescribed under the applicable acts such as the Banking Regulation Act along with applicable regulations prescribed by the RBI from time to time. These include, but are not limited to, maintaining a minimum net worth of ₹ 1,000 million at all times; ensuring its ownership and control by Indian residents in accordance with the Foreign Exchange Management Act, 1999, read with rules and regulations thereunder (“FEMA”); obtaining prior approval from the RBI for any change in its shareholding by way of fresh issue or transfer of shares, directly or indirectly, to a particular investor, acting alone or in concert with any other person, to the extent of 5% or more of its paid-up share capital or 5% or more of its voting rights; limiting exposure in terms of loans and advances; prudential norms specified in respect of market risk and operational risk, maintenance of regulatory ratios including cash reserve ratio on its outside demand and time liabilities and statutory liquidity ratio; periodic disclosure requirements (including in presentation of financial information and financial statements); fraud classification and reporting; and cyber security compliance. In addition, the Payments Bank Licensing Guidelines, Payments Bank Operating Guidelines and other applicable regulations along with the payments bank license issued by the RBI require Paytm Payments Bank to comply with certain conditions in relation to its operations including but not limited to, restricting the amount of demand deposits, i.e., wallet, current deposits and savings bank deposits which may be maintained by any customer end of day up to Rs. 0.2 million and requiring authorization from RBI for its branches. For details, see “Key Regulations and Policies - Banking and wallet business and related activities” on page 198. In case of any failure to comply with the prescribed conditions, applicable directives, reporting requirements, requirements to meet the prescribed prudential norms or any other ongoing regulations or requirements from RBI or other regulators, the RBI may charge penalties, penalize Paytm Payments Bank’s management, restrict Paytm Payments Bank’s banking activities or otherwise enforce increased scrutiny and control over Paytm Payments Bank’s banking operations, including by way of withholding approvals, or issuing conditional approvals in respect of any proposed actions for which Paytm Payments Bank may seek approval in the future, or even cancel Paytm Payments Bank’s banking license. As a payments bank, Paytm Payments Bank is subject to periodic on-site inspections by the RBI in relation to its compliance with licensing conditions and/ or operating guidelines and matters relating to its banking operations. During such inspections, Paytm Payments Bank may be found to be in violation of the licensing conditions or may subsequently be unable to comply with the observations made by RBI and accordingly it could be subject to penalties and restrictions which may be imposed by the RBI. Imposition of any penalty or adverse findings by the RBI during the ongoing or any future inspections may result in a temporary halt on provision of Paytm Payments Bank’s products and services, resulting in service outages for us, which may have an adverse effect on our business, operations, cash flows and financial condition to that extent. To ensure compliance with the regulatory framework applicable to payments banks, Paytm Payments Bank may need to allocate additional resources, which may increase the regulatory compliance costs and divert management attention. The inability to comply with laws and regulations applicable to a payments bank may have an adverse effect on Paytm Payments Bank’s business, cash flows, financial condition and results of operations which may also have a resultant impact on the services we provide in partnership with Paytm Payments Bank."
paytm,27,"Our Statutory Auditors have included certain emphasis of matters in the auditors’ reports on our audited consolidated financial statements for the last three fiscal years and in the examination report on the Restated Financial Statements. Further, the auditors have included certain observations in their reporting under Companies (Auditors Report) Order, 2016 (“CARO”) The examination report on the Restated Financial Statements and the audit reports on the audited consolidated financial statements for FY 2019, FY 2020 and FY 2021 contain the following emphasis of matters:  In FY 2021, the Statutory Auditors have drawn attention to the fact that one of our Subsidiary’s financial assets as of March 31, 2021 were more than 50% of its total assets and its income from financial assets was more than 50% of the total income for the financial year. As per the press release dated April 8, 1999 issued by RBI, the Subsidiary of the Company fulfils the principal business criteria for being classified as a NBFC as on March 31, 2021 and accordingly is required to obtain registration for the same. However, the Subsidiary has no intention of conducting the business as an NBFC, and accordingly it has filed an application with the RBI seeking dispensation from registration as NBFC. For details, see “ - Certain statutory and regulatory licenses and approvals are required for conducting our business and any failure or omission to obtain, maintain or renew these licenses and approvals could adversely affect our business and results of operations.” above.  In FY 2020 and FY 2021, the Statutory Auditors have drawn attention to the management’s assessment of the impact of the outbreak of Covid-19 on the business operations of the Company and its subsidiaries, as identified in the relevant consolidated financial statements (“Group”). Similar emphasis of matters were included in the auditors’ reports on the audited standalone financial statements of our Subsidiaries, Nearbuy India Private Limited and Wasteland Entertainment Private Limited for FY 2020 and FY 2021.  In FY 2019, FY 2020 and FY 2021, the Statutory Auditors have drawn attention to non- settlement of foreign currency payables as at March 31, 2019, March 31, 2020 and March 31, 2021, respectively, due for more than the time period permitted under the RBI Master Direction on Import of Goods and Services dated January 1, 2016, as amended, issued by RBI. In each FY, as mentioned above, our Company has applied to the Authorized Dealer seeking permission for extension of time period for settlement of the payables. Further, in FY 2021, our Company has approached the Authorized Dealer and RBI for permission to write-back certain payable balances and approval is currently awaited, which are currently awaited.  In FY 2019, FY 2020 and FY 2021, the Statutory Auditors have drawn attention to non-realization of foreign currency receivables as at March 31, 2019, March 31, 2020 and March 31, 2021, respectively, due for more than the time period permitted, under the RBI Master Direction on Exports of Goods and Services dated January 1, 2016, as amended, issued by RBI. In each FY, as mentioned above, our Company and/or the Group has applied to the Authorized Dealer seeking permission for extension of time period for realisation of the receivables and write-off of certain receivables. Further, in FY 2021 our Company has made an application to RBI seeking approval for extension of time limit and write off of receivable balance and approval is currently awaited. Further, the examination report on the Restated Financial Statements contains an emphasis of matter wherein the Statutory Auditors have drawn attention to the application made by our Company under section 454 of the Companies Act, 2013 to adjudicate non-compliance with the provisions of Section 62(1)(b) of the Companies Act, 2013 read with Rule 12(1) of the Companies (Share Capital and Debentures) Rules, 2014 in relation to grants of employee stock options (“ESOPs”) made in earlier years to an employee. Our Company has taken steps in the form of cancellation of ESOP grants and shares allotted in the past have been transferred to the Paytm Associate Benefit Welfare Trust and the Company is awaiting the outcome of the adjudication application. For details, see “-We have filed an adjudication application with the Registrar of Companies for non-compliance with relevant provisions of the Companies Act, 2013 read with the Companies (Share Capital and Debentures) Rules, 2014 in relation to grant of certain ESOPs to one of our employees.” below. Further, our auditors have included certain observations in their reporting under the Company (Auditor's Report) Order, 2016. For details, see “Restated Financial Statements - Annexure VI to Restated Financial Statements” on page 371. There is no assurance that our audit reports for any future fiscal periods will not contain qualifications, matters of emphasis or other observations which affect our results of operations in such future periods. For further details, see, “Restated Financial Statements” and “Management’s Discussion and Analysis of Financial Condition and Results of Operations” on pages 256 and 383, respectively."
paytm,28,"We depend on key management, as well as our experienced and capable employees, and any failure to attract, motivate, and retain our employees could harm our ability to maintain and grow our business. Our future success is significantly dependent upon the continued service of our executives and other key employees, including our Founder. If we lose the services of any member of management or any key personnel, we may not be able to locate a suitable or qualified replacement, which could severely disrupt our business and growth. To maintain and grow our business, we will need to identify, hire, develop, motivate, and retain highly skilled employees. Identifying, recruiting, training, integrating, and retaining qualified individuals requires significant time, expense, and attention. We may need to invest significant amounts of cash and equity to attract and retain new employees and expend significant time and resources to identify, recruit, train, and integrate such employees, and we may never realize returns on these investments. If we are unable to effectively manage our hiring needs or successfully integrate and retain new hires, our efficiency, ability to meet forecasts, and employee morale, productivity, and engagement could suffer, which could adversely affect our business, financial condition, cash flows and results of operations. We face intense competition for highly skilled employees especially as part of our product & technology team. We had an average of 2,550 member engineering, product and technology team in FY 2021. To attract and retain top talent, we have had to offer, and we believe we will need to continue to offer, competitive compensation and benefits packages. Competition for talent in the Indian internet industry is intense, and we may need to offer more attractive compensations and other benefits packages to attract and retain them. In addition, from time to time, there may be changes in our management team that may be disruptive to our business. If our management team, including any new hires that we make, fails to work together effectively and to execute our plans and strategies on a timely basis, our business could be harmed. If we are unable to effectively manage our hiring needs or successfully integrate and retain new hires, our efficiency, ability to meet forecasts, and employee morale, productivity, and engagement could suffer, which could adversely affect our business, financial condition, cash flows and results of operations."
paytm,29,"We rely on our suppliers and partners for our hardware, software and cloud and any impediment in procuring these in a timely manner and at competitive costs, or at all, may have a material adverse effect on our business, operations, financial condition, and cash flows. Our ability to remain competitive and maintain revenues depends, in part, on our ability to source and maintain a stable and sufficient supply of hardware, software and cloud at desired prices. Many of our key hardware devices (including POS systems, scanners and Soundbox), key software services and cloud services come from our limited partners and suppliers located in India and overseas. In addition, there may be cases where we rely only on one manufacturer for a specific model of our POS systems or one partner for our cloud services. Since we depend on external suppliers for all our hardware requirements and some of our software requirements, this subjects us to risks such as currency fluctuations, climatic and environmental conditions, production and transportation costs, changes in domestic as well as international government policies, regulatory or trade sanctions, or our manufacturers experiencing temporary or permanent disruptions in their manufacturing operations due to equipment breakdowns, labour strikes or shortages, natural disasters, component or material shortages, cost increases, insolvency, changes in legal or regulatory requirements, or other similar problems. Given all these possible risks, we could in the future experience product shortages or delays, and the availability of these products may be difficult to predict. Additionally, we are also susceptible to various other potential supply-chain risks, such as strikes or shutdowns at delivery ports, loss of or damage to our products while they are in transit or storage, property theft, losses due to tampering, issues with quality or sourcing control, failure by our suppliers to comply with applicable laws, any intellectual property challenges, potential tariffs or other trade restrictions, security breach risks, or other similar problems could limit or delay the transit or supply of our products or harm our reputation. In the event of a shortage or supply interruption from manufacturers or suppliers of these components, we may not be able to develop alternate sources swiftly and cost-effectively, or at all."
paytm,30,"The success and growth of our business depends upon our ability to innovate and develop new products and services. We are expanding and may in the future continue to expand into new industry verticals and geographic regions and our failure to mitigate specific regulatory, credit, and other risks associated with a new industry vertical or geographic region could have an adverse effect on our business. We are India’s leading, digital ecosystem for consumers and merchants, according to RedSeer, currently offering payment services, commerce and cloud services and financial services. We operate in an industry experiencing rapid technological change and frequent service introductions. We may not be able to make technological improvements as quickly as demanded by our consumers and merchants, which could harm our ability to retain or attract consumers and merchants. In addition, we may not be able to effectively implement new technology- driven services as quickly as competitors or be successful in marketing these products and services to consumers and merchants. If we are unable to successfully and timely innovate and continue to deliver a superior merchant and consumer experience, the demand for our products and services may decrease and our growth, business, results of operations, financial condition, cash flows and prospects could be materially and adversely affected. Our failure to accurately predict the demand or growth of our new products and services also could have a material and adverse effect on our business, results of operations, financial condition, and prospects. For example, through our participation in Foster Payment Networks Limited (“FNPL”), a consortium entity along with other participant companies, we intend to explore new service offerings such as operating new payment systems in the retail space such as ATMs and Aadhaar based payments under the recently published Framework for Authorization of Pan- India Umbrella Entity for Retail Payments, 2020. Accordingly, FNPL has submitted an application in March, 2021 to the RBI for authorization to set up an umbrella entity offering such new services. FNPL may not be successful in obtaining such authorization, we may require a long gestation period to develop the required infrastructure and technology, there may not be sufficient acceptance or demand of the proposed services or our competitors may be successful in obtaining such authorization. We are exploring and will continue to explore new business initiatives, including in industries, geographies and markets in which we have limited or no experience, as well as new business models that may be untested or even create new markets. For example, many of our financial products and services were launched in 2020 and as a result we have limited operating history for these products and services. We have limited financial data that can be used to evaluate our financial services business, and such data may not be indicative of future performance. These service offerings may present new and difficult technology, operational, and other challenges, and if we experience service disruptions, failures, or other issues, our business may be materially and adversely affected. Our newer activities may not recoup our investments in a timely manner or at all. If any of this were to occur, it could damage our reputation, and limit our growth, business and prospects. We may not be able to successfully develop new products and services for these new industries, and our merchants and financial institutional partners may not want to be associated with us if we expand into certain verticals (whether as a result of actual or perceived increases in risk or reputational concerns or otherwise), which may result in the loss of such relationships. Developing new business initiatives and models or new markets requires significant investments of time and resources, and may present new and difficult technological, operational and compliance challenges. Additionally, industry participants, may not be receptive to our products and services in these new industries, which may cause them to eventually reduce their volume routed through us or even stop working with us. The merchant profile or regulatory cost of compliance in new verticals may not be as attractive as in our current verticals, which may lead to higher costs and/or lower GMV levels than we have historically experienced. If we expand into new verticals or geographic regions, we will need to understand and comply with various new requirements applicable in those verticals or regions. Industries change rapidly, and we may not be able to accurately forecast demand (or the lack thereof) for our solution or those industries may not grow. Failure to forecast demand or growth accurately in new industries, or eventual reputational damages from engaging in certain verticals, could have a material adverse impact on our business."
paytm,31,"Our international operations involve risks that could increase our expenses, adversely affect our results of operations and require increased time and attention from our management. We have operations in a number of jurisdictions, including in Canada, Singapore, UAE, Malaysia, Tanzania, Uganda and Bangladesh, among others. We may be subject to risks inherently associated with international operations. Our global operations expose us to legal, tax and regulatory requirements and violations or unfavorable interpretation by the respective authorities of these regulations could harm our business. This might include difficulties in managing, growing, and staffing international operations, including in countries in which foreign personnel are, or may become, part of labor unions, personnel representative bodies or collective agreements, and challenges relating to work stoppages or slowdowns. Additional risks associated with international operations include difficulties in enforcing contractual rights, foreign currency risks, the burdens of complying with a wide variety of foreign laws and potentially adverse tax consequences, including permanent establishment and transfer pricing issues, tariffs, quotas and other barriers and potential difficulties in collecting accounts receivable. In addition, we may face competition in other countries from companies that may have more experience with operations in such countries or with international operations. Our international expansion plans may not be successful and we may not be able to compete effectively in other countries. These factors could impede the success of our international expansion plans and limit our ability to compete effectively in other countries."
paytm,32,"We may not have sufficient insurance coverage to cover our business risks. We have obtained insurance to cover certain potential risks and liabilities, such as property damage, cyber security, commercial general liability for certain businesses we operate and personal accidents and group health covering our employees. We have also obtained insurance such as key man’s insurance policy and directors’ and officers’ liability insurance policy to cover certain potential employee related risks. However, insurance companies in the India and other jurisdictions in which we operate may offer limited business insurance products. As a result, we may not be able to acquire any insurance for all types of risks we face in our operations in India and elsewhere, and our coverage may not be adequate to compensate for all losses that may occur, particularly with respect to loss of business or operations. Any business disruption, litigation, regulatory action, outbreak of epidemic disease, adverse weather conditions or natural disasters could also expose us to substantial costs and diversion of resources. There can be no assurance that our insurance coverage is sufficient to prevent us from any loss or that we will be able to successfully claim our losses under our current insurance policy on a timely basis, or at all. If we incur any loss that is not covered by our insurance policies, or the compensated amount is significantly less than our actual loss, our business, cash flows, financial condition and results of operations could be materially and adversely affected."
paytm,33,"We are exposed to many types of operational risk, including the risk of misconduct and errors by our employees and other service providers. We are exposed to many types of operational risk, including the risk of misconduct, oversight and errors by our employees and other service providers. Our business depends on our employees and service providers to process a large number of increasingly complex transactions, including transactions that involve significant dollar amounts and loan transactions that involve the use and disclosure of personal and business information. We could be adversely affected if transactions were redirected, misappropriated, or otherwise improperly executed, personal and business information was disclosed to unintended recipients, or an operational breakdown or failure in the processing of other transactions occurred, whether as a result of human error, a purposeful sabotage or a fraudulent manipulation of our operations or systems. In addition, the manner in which we store and use certain personal information and interact with consumers and merchants through our platforms is governed by various laws. If any of our employees or service providers take, convert, or misuse funds, documents, or data, or fail to follow protocol when interacting with consumers and merchants, we could be liable for damages and subject to regulatory actions and penalties. We could also be subject to civil or criminal liability. It is not always possible to identify and deter misconduct or errors by employees or service providers, and the precautions we take to detect and prevent these activities may not be effective in controlling unknown or unmanaged risks or losses. Our resources, technologies and fraud prevention tools may be insufficient to accurately detect and prevent fraud. Any of these occurrences could diminish our ability to operate our business, increase our potential liabilities to consumers and merchants, and may lead to an inability to attract future consumers and merchants, cause reputational damage, attract regulatory intervention, and cause financial harm, any or all of which could negatively impact our business, results of operations, cash flows, financial condition, and prospects. There is also a risk of fraudulent activity associated with our platforms, financial institution partners, consumers, merchants, and third-parties handling consumer information. For instance, a writ petition had been preferred by our Company before the High Court of Delhi (“High Court”) against, among others, the Union of India, Telecom Regulatory Authority of India (“TRAI”) and certain telecom service providers, praying for, inter alia, the High Court to direct TRAI to ensure strict compliance by telecom service providers with the Telecom Commercial Communications Customer Preferences Regulations, 2018, and to direct the telecom service providers to take effective actions under applicable law, such as blocking of phone numbers sending unsolicited commercial communication including through phone calls, to the our customers. The High Court, through order dated February 3, 2021, among other things, directed TRAI to ensure compliance and strict implementation of the provisions of the Telecom Commercial Communications Customer Preference Regulations, 2018 and other related regulations issued from time to time for the purpose of curbing unsolicited commercial communication sent over the respective networks of the telecom service providers."
paytm,34,"We may be unable to sufficiently obtain, maintain, protect, or enforce our intellectual property and other proprietary rights. Intellectual property and other proprietary rights are important to the success of our business. Our ability to compete effectively is dependent in part upon our ability to obtain, maintain, protect, and enforce our intellectual property and other proprietary rights, including our proprietary technology, and to obtain licenses to use the intellectual property and proprietary rights of others. We rely on a combination of trademarks, domain names, and agreements with employees and third parties to protect our intellectual property and other proprietary rights. Nonetheless, the steps we take to obtain, maintain, protect, and enforce our intellectual property and other proprietary rights may be inadequate. Despite our efforts to protect these rights, unauthorized third parties, including our competitors, may duplicate, mimic, reverse engineer, access, obtain, or use the proprietary aspects of our technology, processes or services without our permission. Our competitors and other third parties may also design around or independently develop similar technology or otherwise duplicate or mimic our products and services such that we would not be able to successfully assert our intellectual property or other proprietary rights against them. We cannot assure that any future patent, trademark, or service mark registrations will be issued for our pending or future applications or that any of our current or future patents, copyrights, trademarks, or service marks (whether registered or unregistered) will be valid, enforceable, sufficiently broad in scope, provide adequate protection of our intellectual property or other proprietary rights, or provide us with any competitive advantage. We may be unable to prevent competitors or other third parties from acquiring or using trademarks, service marks, or other intellectual property or other proprietary rights that are similar to, infringe upon, misappropriate, dilute, or otherwise violate or diminish the value of our trademarks and service marks and our other intellectual property and proprietary rights. The value of our intellectual property and other proprietary rights could diminish if others assert rights in or ownership of our intellectual property or other proprietary rights, or in trademarks or service marks that are similar to our trademarks or service marks. In addition, we cannot guarantee that we have entered into agreements containing obligations of confidentiality with each party that has or may have had access to proprietary information, know-how, or trade secrets owned or held by us. Moreover, our contractual arrangements may be breached or may otherwise not effectively prevent disclosure of, or control access to, our confidential or otherwise proprietary information or provide an adequate remedy in the event of an unauthorized disclosure. The measures we have put in place may not prevent misappropriation, infringement, or other violation of our intellectual property or other proprietary rights or information and any resulting loss of competitive advantage, and we may be required to litigate to protect our intellectual property or other proprietary rights or information from misappropriation, infringement, or other violation by others, which may be expensive, could cause a diversion of resources, and may not be successful, even when our rights have been infringed, misappropriated, or otherwise violated. As the number of services in the software industry increases and the functionalities of these services further overlap, and as we acquire technology through acquisitions or licenses, we may become increasingly subject to infringement claims, including patent, copyright, and trademark infringement claims. We may be accused of infringing intellectual property or other proprietary rights of third parties. including serial trademark and patent individual squatters, including their copyrights, trademarks, or patents, or improperly using or disclosing their trade secrets, or otherwise infringing or violating their proprietary rights. For example, our application to register the trademark “PAYTM” in the United States was refused by the U.S. Patent and Trademark Office on the basis of an earlier application filed by an individual. We have filed an application to cancel the trademark filed by this individual which remains pending. Similarly, another individual has alleged that our Paytm Miniapp technology infringes that individuals’s patent(s). We have responded to the patent’s complaints.The costs of supporting any litigations, complaints or disputes related to such claims can be considerable, and we cannot assure you that we will achieve a favorable outcome of any such claim. If any such claim is valid, we may be compelled to cease our use of such intellectual property or other proprietary rights and pay damages, potentially adversely affecting our business. In the past, while we have entered into a settlement agreement pursuant to the terms of which we have agreed to not use the two tone blue “PAYTM” trademark in Canada, there is no assurance that such issues will not arise in the future or that we will be able to successfully settle any disputes. Even if such claims were not valid, defending them could be expensive and distract our management team, adversely affecting our results of operations. Furthermore, the legal standards relating to the validity, enforceability, and scope of protection of intellectual property and other proprietary rights are still evolving. Our intellectual property and other proprietary rights may not be sufficient to provide us with a competitive advantage and the value of our intellectual property and other proprietary rights could also diminish if others assert rights therein or ownership thereof, and we may be unable to successfully resolve any such conflicts in our favor or to our satisfaction."
paytm,35,"There are pending litigations against our Company, Subsidiaries, and certain of our Directors. Any adverse decision in such proceedings may render us/them liable to liabilities/penalties and may adversely affect our business, cash flows and reputation. Certain legal proceedings involving our Company, subsidiaries of our Company, and certain of our Directors are pending at different levels of adjudication before various courts, tribunals and authorities. In the event of adverse rulings in these proceedings or consequent levy of penalties, we may need to make payments or make provisions for future payments and which may increase expenses and current or contingent liabilities. A summary of outstanding litigation proceedings involving our Company, Subsidiaries and Directors, as disclosed in “Outstanding Litigation and Material Developments” on page 408, in terms of the SEBI ICDR Regulations as of the date of this Draft Red Herring Prospectus is provided below: Type of Proceeding Number of cases Amount involved (in ₹ million)* Litigation involving our Company Criminal proceedings 61.2 Type of Proceeding Number of cases Amount involved (in ₹ million)* Material civil litigation 383.6 Actions by statutory or regulatory authorities Nil Direct and indirect tax proceedings 37, 299** Litigation involving our Subsidiaries Criminal proceedings Nil Material civil litigation Nil Nil Actions by statutory or regulatory authorities Nil Direct and indirect tax proceedings 143. 1 Litigation involving our Group Companies Outstanding litigation which may have a material impact on our Company Nil Nil Litigation involving our Directors Criminal proceedings Nil Material civil litigation Nil Nil Actions by statutory or regulatory authorities Nil Direct and indirect tax proceedings Nil Nil *To the extent quantificable **The disclosures are inclusive of the show cause notice dated December 29, 2020 issued by the Office of Deputy Commissioner, Noida, (“SCN”) to our Company in relation to the tax returns filed by our Company for the period between April 2020 – September 2020 (“Period”). The SCN alleged that due tax had not been paid under correct head and input tax credit had been wrongly claimed/availed and utilized by our Company by making wilful-mistatements and supersession of facts for the Period, and directed our Company to provide explanations in relation to the issues raised in the SCN. The SCN proposed to levy a tax demand comprising of a tax amount of Rs. 17,895.0 mn, and an interest and penalty of Rs.19,387.9 million on our Company. Our Company, through reply dated January 14, 2021, responded to the SCN, and provided details and explanations sought in the SCN, and prayed before the Deputy Commissioner, Noida, among others, to drop the proposed tax demands raised in the SCN and hold the proceedings initiated pursuant to the SCN as not-sustainable and liable to be dropped. For further details see “Outstanding Litigation and Material Developments” beginning on page 408. We cannot assure you that any of the outstanding litigation matters will be settled in our favor, or that no (additional) liability will arise out of these proceedings. Our Company is in the process of litigating these matters, and based on the assessment in accordance with applicable accounting standard our Company has presently not made provision for any of the pending legal proceedings. For details of our contingent liabilities, see “Summary of the Offer Document – Summary of Contingent Liabilities of our Company” on page 31. In addition to the foregoing, we could also be adversely affected by complaints, claims or legal actions brought by persons, before various forums such as courts, tribunals, consumer forums or sector-specific or other regulatory authorities in the ordinary course or otherwise, in relation to our products and services, our technology and/or intellectual property, our branding or marketing efforts or campaigns or our policies or any other acts/omissions. Further, we may be subject to legal action by our employees and/or ex-employees in relation to alleged grievances such as termination of their employment with the Company and vesting and exercise of ESOPs granted to them during their employment. There can be no assurance that such complaints or claims will not result in investigations, enquiries or legal actions by any courts, tribunals or regulatory authorities against us."
paytm,36,"Our Directors and Key Managerial Personnel have interests in our Company in addition to their remuneration and reimbursement of expenses. Our Directors and Key Managerial Personnel are interested in our Company to the extent of their respective shareholding in our Company as well as to the extent of any employee stock options, dividends, bonus or other distributions on such Equity Shares. Certain of our Directors are also nominees of some of our shareholders, and we have had related party transactions with such shareholders. Accordingly, these Directors may also said to be interested to the extent of such transactions. See “Capital Structure – Shareholding Pattern of our Company” on page 107. Mr. Vijay Shekhar Sharma is interested in our Company to the extent of the rights held by him to nominate Directors on the Board of our Company, pursuant to the SHA, and by the virtue of being a director on the board of and a shareholder of our Subsidiaries. Further, our nominee-Directors may be interested in our Company to the extent of shareholding and nomination rights held by the Shareholders who have nominated them on our Board pursuant to the SHA. For details, please see “History and Certain Corporate Matters – Shareholders’ Agreements” beginning on page 209. For details on the interests of our Directors and Key Managerial Personnel, other than reimbursement of expenses incurred or normal remuneration or benefits, see “Our Management – Interests of Directors”, “Our Management – Interests of Key Managerial Personnel” and “Restated Financial Statements – Annexure V – Note 26 – Related Party Transactions” on page 236, 246 and 326."
paytm,37,"Some aspects of our platforms include open source software, and our use of open source software could negatively affect our business, results of operations, cash flows, financial condition, and prospects. Aspects of our platforms include software covered by open source licenses. The terms of open source licenses are open to interpretation, and there is a risk that such licenses could be construed in a manner that imposes unanticipated conditions or restrictions on our platform. In such an event, we could be required to re-engineer all or a portion of our technologies, seek licenses from third parties in order to continue offering our products and services, discontinue the use of our platforms in the event re-engineering cannot be accomplished, or otherwise be limited in the licensing of our technologies, each of which could reduce or eliminate the value of our technologies, products and services. If portions of our proprietary software are determined to be subject to an open source license, we could also be required to, under certain circumstances, publicly release or license, at no cost, our products and services that incorporate the open source software or the affected portions of our source code, which could allow our competitors or other third parties to create similar services with lower development effort, time, and costs, and could ultimately result in a loss of transaction volume for us. We cannot ensure that we have not incorporated open source software in our software in a manner that is inconsistent with the terms of the applicable license or our current policies, and we may inadvertently use open source in a manner that we do not intend or that could expose us to claims for breach of contract or intellectual property infringement, misappropriation, or other violation. If we fail to comply, or are alleged to have failed to comply, with the terms and conditions of our open source licenses, we could be required to incur significant legal expenses defending such allegations, be subject to significant damages, be enjoined from the sale of our products and services, and be required to comply with onerous conditions or restrictions on our products and services, any of which could be materially disruptive to our business. In addition to risks related to license requirements, usage of open source software can lead to risks because open source licensors generally do not provide warranties or other contractual protections regarding infringement, misappropriation, or other violations, the quality of code, or the origin of the software. Many of the risks associated with the use of open source software cannot be eliminated and could adversely affect our business, results of operations, financial condition, and prospects. For instance, open source software is often developed by different groups of programmers outside of our control that collaborate with each other on projects. As a result, open source software may have security vulnerabilities, defects, or errors of which we are not aware. Even if we become aware of any security vulnerabilities, defects, or errors, it may take a significant amount of time for either us or the programmers who developed the open source software to address such vulnerabilities, defects, or errors, which could negatively impact our services, including but not limited to, by adversely affecting the market’s perception of our products and services, impairing the functionality of our products and services, delaying the launch of new products and services, or resulting in the failure of our products and services, any of which could result in liability to us or our service providers. Further, our adoption of certain policies with respect to the use of open source software may affect our ability to hire and retain employees, including engineers."
paytm,38,"We rely on telecommunications and information technology systems, networks and infrastructure to operate our business and any interruption or breakdown in such systems, networks or infrastructure or our technical systems could impair our ability to effectively operate our platforms or provide our products and services. Our business could be impacted by the failure of telecommunications network operators to provide us with the requisite bandwidth which could also interfere with the speed and availability of our platform, as well as by breakdowns at the level of our internet service providers. Additionally, systems, app components and software that are developed internally may contain undetected errors, defects or bugs, which we may not be able to detect and repair in time, in a cost-effective manner or at all. In such circumstances, we may be liable for all or some costs and damages, as we would not be entitled to any indemnification or warranty that may have been available if we had obtained such systems or software from third-party providers. Disruptions or instabilities in telecommunications networks, our platforms, servers and databases as well as the functioning of internet service providers could lead to dissatisfaction and damage our reputation. In addition, to perform reliably, the fixed telecommunications networks and internet infrastructure of internet service providers in India, and in any other locations that we may operate in, require maintenance and periodic upgrading of the appropriate networks and infrastructure which are beyond our control. We cannot assure you that our back-up and disaster recovery measures and business continuity planning would effectively eliminate or alleviate the risks arising from the above contingencies. Our success will depend upon third parties maintaining and improving internet infrastructure to provide a reliable network with adequate speed and data capacity and telecommunication networks with good quality of services and lower congestion."
paytm,39,"Internet search engines drive traffic to our platforms and our consumer growth could decline and our business, cash flows, financial condition, cash flows and results of operations would be adversely affected if we fail to appear prominently in search results. Our success depends in part on our ability to attract consumers through unpaid internet search results on search engines. The number of consumers we attract to our platforms from search engines is due in large part to how and where our website ranks in unpaid search results. These rankings can be affected by a number of factors, many of which are not under our direct control and may change frequently. For example, a search engine may change its ranking algorithms, methodologies, or design layouts. As a result, links to our website may not be prominent enough to drive traffic to our website, and we may not be in a position to influence the results. Search engines may also adopt a more aggressive auction-pricing system for keywords that would cause us to incur higher advertising costs or reduce our market visibility to prospective consumers. Our website has experienced fluctuations in search result rankings in the past, and we anticipate similar fluctuations in the future. Any reduction in the number of consumers directed to our platforms could adversely affect our business, cash flows, financial condition, cash flows and results of operations."
paytm,40,"Any failure by us or our merchants and financial institutional partners who work with us to comply with applicable anti-money laundering, counter-terrorist financing and economic sanction laws and regulations could lead to penalties and may damage our reputation. We and our partners who work with us are required to comply with certain anti-money laundering requirements in India and other regulators in the jurisdictions where we and our partners operate. These requirements include the establishment of a client identification program, the monitoring and reporting of suspicious transactions, the preservation of client information and transaction records, and the provision of assistance in investigations and proceedings in relation to money laundering matters. We and our financial institutions partners are also subject to various counter-terrorist financing and economic sanction laws and regulations that prohibit, among other things, any involvement in transferring the proceeds of criminal activities and any activities involving restricted countries, organizations, entities and persons that have been identified as unlawful actors or that are subject to US sanctions imposed by the U.S. Department of the Treasury of Foreign Asses Control (“OFAC”), or other international economic sanctions that prohibit us and our partners from engaging in trade or financial transactions with certain countries, businesses, organizations and individuals. These laws and regulations require us and our partners to establish sound internal control policies and procedures with respect to anti-money laundering, counter-terrorist financing and economic sanction monitoring and reporting obligations. In February 2021, in response to the coup in Burma, President Biden issued Executive Order 14014, authorizing the imposition of targeted sanctions against individuals and entities in Burma (Myanmar). Pursuant to the order, OFAC has added to its list of Specially Designated Nationals (""SDN List"") a number of individuals involved in or supporting the coup as well as several Burmese state-owned enterprises. In addition, the U.S. Department of Commerce Bureau of Industry and Security (“BIS”) has added a number of government agencies and other entities supporting the Burmese armed forces to its Entity List. Most items subject to the Export Administration Regulations (“EAR”) now require a license to export or re-export to such parties, which will be subject to a presumption of denial. Although we do not conduct any business, directly or indirectly, with any persons on the SDN List or Entity List, if additional sanctions are imposed, it is possible that they could have an adverse impact on our operations in Burma. Moreover, even in cases where our Burma-related business would not violate U.S. law, potential investors could view such engagements negatively, which could adversely affect our reputation and commercial prospects. The policies and procedures we and our partners have adopted may not be effectively implemented in protecting our services from being exploited for money laundering, terrorist financing and other illegal purposes. If we fail to comply with anti-money laundering, anti-terrorist and economic sanction laws and regulations, we will be subject to fines, enforcement actions, regulatory sanctions, additional compliance requirements, increased regulatory scrutiny of our business, or other penalties levied by regulators, and damages to our reputation, all of which may adversely affect our business operations, and results of operations. In particular, if we were publicly named as a sanctioned entity by relevant regulatory authorities or become subject to investigation, our business may be significantly interrupted and our reputation might be severely damaged. Similarly, if our partners fail to comply with applicable laws and regulations, it could disrupt our services and could result in potential liability for us and damage our reputation. We and our partners have been and will continue to be required to make changes to our and their respective compliance programs in response to any new or revised laws and regulations on anti- money laundering, counter-terrorist financing and economic sanctions, which could make compliance more costly and operationally difficult to manage."
paytm,41,"After the completion of the Offer, certain Shareholders will continue to collectively hold substantial shareholding in our Company. Following the completion of the Offer, certain Shareholders will continue to hold approximately [•]% of our post- Offer Equity Share capital, For details of their shareholding pre and post Offer, see “Capital Structure” on page 94. This concentration of ownership may delay, defer or even prevent a change in control of our Company and may make some transactions more difficult without the support of these shareholders. Further, upon listing of the Equity Shares on recognized stock exchanges, pursuant to the Articles of Association, certain of our shareholders, as specified in the Articles of Association, and our founder shall have a right to nominate one nominee Director each on our Board. This right is subject to thresholds in relation to a prescribed number of Equity Shares on a fully diluted basis or a prescribed percentage of our Equity Share capital on a fully diluted basis required to be held by these shareholders and/or founder and such other conditions as have been specified in the SHA and the Articles of Association. For details, see “History and Certain Corporate Matters – Shareholders’ Agreements” on page 209. Such nomination right shall be subject to ratification by the shareholders of the Company by way of a special resolution post the listing of the Equity Shares on recognized stock exchanges. Additionally, certain shareholders of our Company have agreed to an arrangement, as specified in the Articles of Association, wherein they will not sell their equity shareholding in our Company to certain competitors subject to the exceptions specified therein for a period of five years from the adoption of the Articles of Association. The interests of our significant shareholders could conflict with our interests or the interests of our other shareholders. Any such conflict may adversely affect our ability to execute our business strategy or to operate our business."
paytm,42,"An inability to comply with repayment and other covenants in the financing agreements could adversely affect our business, financial condition, cash flows and credit rating We have entered into agreements in relation to financing arrangements with certain banks for working capital facilities and bank guarantees. As of March 31, 2021, we had total current borrowings of ₹5,449 million. The agreements with respect to our borrowings contain restrictive covenants, including, but not limited to, requirements that we obtain consent from the lenders prior to undertaking certain matters including, among others, effecting a merger, amalgamation or scheme of arrangement, change in capital structure of our Company subject to the threshold prescribed for the shareholding of certain shareholders of our Company and entering into forward contracts, swaps, options, or other liability management contracts in respect of short term facilities. For details, see “Financial Indebtedness” beginning on page 380. Further, under the terms of our borrowings, we are required to create a charge by way of hypothecation on the entire current assets of our Company, together with cash in hand, bank accounts and receivables. As these assets are hypothecated in favor of lenders, our rights in respect of transferring or disposing of these assets are restricted. There can be no assurance that we will be able to comply with the financial or other covenants prescribed under the documentation for our financing arrangements or that we will be able to obtain consents necessary to take the actions that may be required to operate and grow our business. Further, if we fail to service our debt obligations, the lenders have the right to enforce the security created in respect of our secured borrowings. If the lenders choose to enforce security and dispose our assets to recover the amounts due from us, our business, financial condition and results of operations may be adversely affected. Any failure to comply with the conditions and covenants in our financing agreements or the creation of additional encumbrances that is not waived by our lenders or guarantors or otherwise cured or occurrence of a material adverse event could lead to an event of default and consequent termination of our credit facilities could adversely affect our financial condition, cash flows and credit rating."
paytm,43,"We may not be able to obtain financing on favourable terms or at all. We may require additional cash resources due to future growth and development of our business, including any investments or acquisitions we may decide to pursue. If our cash resources are insufficient to satisfy our cash requirements, we may seek to issue additional equity or debt securities or obtain new or expanded credit facilities. Our ability to obtain external financing in the future is subject to a variety of uncertainties. Indian companies may be required to complete filings with the applicable regulatory authorities before the launch of any onshore or offshore debt issuance. These filing and approval procedures will take time, which may result in our missing the best market windows for debt or equity issuances in the future. In addition, incurring indebtedness would subject us to increased debt service obligations and could result in operating and financial covenants that would restrict our operations. Our ability to access international capital and lending markets may be restricted at a time when we would like, or need, to do so, especially during times of increased volatility and reduced liquidity in global financial markets and stock markets, including due to policy changes and regulatory restrictions, which could limit our ability to raise funds. There can be no assurance that financing will be available in a timely manner or in amounts or on terms acceptable to us, or at all. Any failure to raise needed funds on terms favourable to us, or at all, may impact our liquidity as well as have a material adverse effect on our business, cash flows, financial condition and results of operations."
paytm,44,"Certain sections of this Draft Red Herring Prospectus contain information from RedSeer which has been commissioned by us and any reliance on such information for making an investment decision in the Offer is subject to inherent risks. Pursuant to being engaged by us, RedSeer, prepared a report on our industry, “Digital Payments”, “Insurtech”, “Wealthtech” and “Digital Lending” (together “RedSeer Report”). Certain sections of this Draft Red Herring Prospectus include information based on, or derived from, the RedSeer Report or extracts of the RedSeer Report. We commissioned this report for the purpose of confirming our understanding of the industry in connection with the Offer. None of our Company (including our Directors), the Selling Shareholder, the legal counsels and the BRLMs, nor any other person connected with the Offer has verified the information covered in the RedSeer Report and cannot provide any assurance regarding the information in this Draft Red Herring Prospectus derived from, or based on, the RedSeer Report. All such information in this Draft Red Herring Prospectus indicates the RedSeer Report as its source. Accordingly, any information in this Draft Red Herring Prospectus derived from, or based on, the RedSeer Report should be read taking into consideration the foregoing. Industry sources and publications are also prepared based on information as of specific dates and may no longer be current or reflect current trends. Industry sources and publications may also base their information on estimates, projections, forecasts and assumptions that may prove to be incorrect. Industry sources do not guarantee the accuracy, adequacy or completeness of the data. Further, the RedSeer Report is not a recommendation to invest / disinvest in any company covered in the RedSeer Report. Accordingly, prospective investors should not place undue reliance on, or base their investment decision solely on this information. In view of the foregoing, you may not be able to seek legal recourse for any losses resulting from undertaking any investment in the Offer pursuant to reliance on the information in this Draft Red Herring Prospectus based on, or derived from, the RedSeer Report. You should consult your own advisors and undertake an independent assessment of information in this Draft Red Herring Prospectus based on, or derived from, the RedSeer Report before making any investment decision regarding the Offer. See “Industry Overview” on page 131. For the disclaimers associated with the RedSeer Report, see “Certain Conventions, Presentation of Financial, Industry and Market Data and Currency of Presentation – Industry and Market Data” on page 20."
paytm,45,"We track certain operational metrics with internal systems and tools. Certain of our operational metrics are subject to inherent challenges in measurement which may adversely affect our business and reputation. We track certain operational metrics, including order counts and key business and non-GAAP metrics such as GMV, MTU, Adjusted EBITDA, Adjusted EBITDA margin, and contribution profit and margin, among others, with internal systems and tools and which may differ from estimates or similar metrics published by third parties due to differences in sources, methodologies, or the assumptions on which we rely. Our internal systems and tools have a number of limitations, and our methodologies for tracking these metrics may change over time, which could result in unexpected changes to our metrics, including the metrics we publicly disclose. If the internal systems and tools we use to track these metrics undercount or over count performance or contain algorithmic or other technical errors, the data we report may not be accurate. While these numbers are based on what we believe to be reasonable estimates of our metrics for the applicable period of measurement, there are inherent challenges in measuring how our platforms are used across large populations. For example, the accuracy of our operating metrics could be impacted by fraudulent consumers of our platform, and further, we believe that there are consumers who have multiple accounts, even though this is prohibited in our Terms of Service and we implement measures to detect and prevent this behavior. Consumer usage of multiple accounts may cause us to overstate the number of consumers on our platform. In addition, limitations or errors with respect to how we measure data or with respect to the data that we measure may affect our understanding of certain details of our business, which could affect our long-term strategies. If our operating metrics are not accurate representations of our business, if investors do not perceive our operating metrics to be accurate, or if we discover material inaccuracies with respect to these figures, we expect that our business, reputation, financial condition, cash flows and results of operations would be adversely affected. See “Management’s Discussion and Analysis of our Results of Operations” on page 383 for more details."
paytm,46,"We may be unable to renew our existing leases or secure new leases for our existing offices. Our registered office, our corporate office and our other offices across the country are located on leased properties. Typically, the term of our leases ranges from three years to nine years and while we renew these lease agreements and deeds periodically in the ordinary course of business, in the event that these existing leases are terminated or they are not renewed on commercially acceptable terms, we may suffer a disruption in our operations. If alternative premises are not available at the same or similar costs, sizes or locations, our business, financial condition, cash flows and results of operations may be adversely affected. Further, any regulatory non-compliance by the landlords or adverse development relating to the landlords’ title or ownership rights to such properties, including as a result of any non-compliance by the landlords, may entail disruptions to our operations, especially if we are forced to vacate leased spaces following any such developments, and expose us to reputational risks. In addition, lease agreements are required to be duly registered and adequately stamped under Indian law and if any of our lease agreements or other agreements entered into by us, are not duly registered and adequately stamped, we may face challenges in enforcing them and they may be inadmissible as evidence in a court in India along with the requisite stamp duty prescribed under applicable Indian law being paid."
paytm,47,"Our funding requirements and the proposed deployment of Net Proceeds have not been appraised by any bank or financial institution or any other independent agency and our management will have broad discretion over the use of the Net Proceeds. We intend to utilize the Net Proceeds of the Offer as set forth in “Objects of the Offer” beginning on page 115. The funding requirements mentioned as a part of the objects of the Offer are based on internal management estimates in view of past expenditures, and have not been appraised by any bank or financial institution. This is based on current conditions and is subject to change in light of changes in external circumstances, costs, business initiatives, other financial conditions or business strategies and since we have not presently entered into any definitive agreements for the use of Net Proceeds. Further, while we will from time to time continue to seek attractive inorganic opportunities for utilization of our Net Proceeds, the amount of Net Proceeds to be used for acquisitions will be based on our management’s discretion and we have not presently entered into any definitive agreements in this regard. Various risks and uncertainties, including those set forth in this section, may limit or delay our efforts to use the Net Proceeds to achieve profitable growth in our business. For example, our plan to investment in new businesses and inorganic expansion could be delayed due to failure to receive regulatory approvals, technical difficulties, human resource, technological or other resource constraints, or for other unforeseen reasons, events or circumstances. We may also use funds for future businesses which may have risks significantly different from what we currently face or may expect. Further, we may not be able to attract personnel with sufficient skills or sufficiently train our personnel to manage our expansion plans. Accordingly, use of the Net Proceeds for other purposes identified by our management may not result in actual growth of our business, increased profitability or an increase in the value of our business and your investment."
paytm,48,"We have entered into, and will continue to enter into, related party transactions which may potentially involve conflicts of interest. In the ordinary course of our business, we enter into and will continue to enter into transactions with related parties. For details regarding our related party transactions, see “Restated Financial Statements – Annexure V – Note 26 – Related Party Transactions” on page 326. While we believe that all such related party transactions that we have entered into are conducted on an arms’ length basis in accordance with the Companies Act and other applicable regulations pertaining to the evaluation and approval of such transactions and all related party transactions that we may enter into post-listing, will be subject to board or shareholder approval, as necessary under the Companies Act and the Listing Regulations, in the interest of the Company and its minority shareholders and in compliance with the Listing Regulations, we cannot assure you these arrangements in the future, or any future related party transactions that we may enter into, individually or in the aggregate, will not have an adverse effect on our business, financial condition, results of operations, cash flows and prospects. Further, any future transactions with our related parties could potentially involve conflicts of interest which may be detrimental to our Company. There can be no assurance that our Directors and executive officers will be able to address such conflicts of interests or others in the future."
paytm,49,"Our online marketing services/listings or reviews may constitute internet advertisement, which subjects us to laws, rules and regulations applicable to advertising. Indian and international advertising laws, rules and regulations require advertisers, advertising operators and advertising distributors to ensure that the content of the advertisements they prepare or distribute is fair and accurate and is in full compliance with applicable law. Violation of these laws, rules or regulations may result in penalties, including fines, confiscation of advertising costs, orders to cease dissemination of the advertisements and orders to publish corrective information. Complying with these requirements and any penalties or fines for any failure to comply may significantly reduce the attractiveness of our platforms and increase our costs and could have a material adverse effect on our business, financial condition, cash flows and results of operations. In addition, for advertising content related to specific types of services, advertisers, advertising operators and advertising distributors must confirm that the advertisers have obtained the requisite government approvals, including the advertiser’s operating qualifications, proof of quality inspection of the advertised services, and, with respect to certain industries, government approval of the content of the advertisement and filing with the local authorities. Pursuant to the internet laws in India, we are required to take steps to moderate the content displayed on our platform, such as reviews posted by consumers. This requires considerable resources and time, and could significantly affect the operation of our business, while at the same time also exposing us to increased liability under the relevant laws, rules and regulations. The costs associated with complying with these laws, rules and regulations, including any penalties or fines for our failure to comply if required, could have a material adverse effect on our business, financial condition, cash flows and results of operations. Any further change in the classification of our online marketing services by the Indian government may also significantly disrupt our operations and materially and adversely affect our business and prospects."
paytm,50,"We have filed certain applications with the relevant authorities, including an adjudication application for non-compliance with relevant provisions of the Companies Act, 2013 in relation to grant of certain ESOPs to one of our employees, and cannot assure you that these matters will be resolved in our favour. The provisions of the Companies Act, 2013 read with the Companies (Share Capital and Debentures) Rules, 2014 prescribe certain eligibility criteria for employees who can be granted ESOPs by a company. Our Company inadvertently granted ESOPs to an employee who was not eligible for such ESOP grants under the Companies Act, 2013 and we became aware of such ineligibility only in light of certain definitions provided under SEBI (Share Based Employee Benefits) Regulations, 2014, which are not included in the Companies Act, 2013. In response, all outstanding options that were granted to such employee have been cancelled, and such employee no longer holds any ESOPs or equity shares of the Company pursuant to any such ESOP grants. Our Statutory Auditors have included an emphasis of matter in this regard in the examination report on the Restated Financial Statements. For details, see “-Our Statutory Auditors have included certain emphasis of matters in the auditors’ reports on our audited consolidated financial statements for the last three fiscal years.” above. We have suo motto filed an adjudication application before the Registrar of Companies in this regard. Additionally, our Company has also filed a suo motto application with the Ministry of Corporate Affairs (“MCA”) for condonation of delay in respect of inadvertent delay and subsequent inability to electronically file Form MGT-14 on the MCA portal due to technical reasons for the resolutions passed by our Board in its meeting held on March 11, 2020 and a special resolution passed by our Shareholders at their meeting held on March 19, 2020. We cannot assure you that these matters will be resolved in a timely manner or at all and that our Company will not be subject to any penalty or any additional payment in future."
paytm,51,"Our contingent liabilities could adversely affect our financial condition if they materialize. The following is a summary table of our contingent liabilities as of March 31, 2021: (₹ in million) S. No. Particulars As of March 31, 2021"
paytm,52,"(a) Claims against the Group* not acknowledged as debts (b) Income tax related matters Total S. No. Particulars As of March 31, 2021"
paytm,53,"The Group will continue to assess the impact of further developments relating to retrospective application of Supreme Court judgement dated February 28, 2019 clarifying the definition of 'basic wages' under Employees' Provident Fund and Miscellaneous Provisions Act 1952 and deal with it accordingly. In the assessment of the management, the aforesaid matter is not likely to have a significant impact and accordingly, no provision has been made in the Restated Financial Statements."
paytm,54,"During the year ended March 31, 2021, our Company has been made aware of certain matters/claims relating to infringement of trademarks and patents in relation to the business activities carried on by it. Our Company actively monitors such matters/claims along with appropriate legal/technology experts to assess their veracity and takes action as considered necessary. In the opinion of the management, no material liability is likely to arise on account of such matters/claims, based on assessments made to date. * “Group” shall include the Company and its subsidiaries as per the Restated Financial Statements Notes:"
paytm,55,"It is not practicable for the Group to estimate the timing of cash outflows, if any."
paytm,56,"The Group does not expect any reimbursements in respect of the above contingent liabilities. 52. We have issued equity shares during the last one year from the date of this Draft Red Herring Prospectus at a price which may not be indicative of the Offer Price(other than bonus issues). During preceding one year from the date of this Draft Red Herring Prospectus, we have issued the following Equity Shares of our Company Date of allotment Reason / nature of allotment No. of equity shares allotted Face value per equity share (₹) Issue price per equity share (₹) Nature of consideration August 28, 2020 Exercise of stock options 5,379 Cash November 20, 2020 Preferential allotment 5,000 18,768 Cash December 18, 2020 Exercise of stock options 28,968 Cash February 25, 2021 Exercise of stock options 5,642 Cash April 25, 2021 Exercise of stock options 9,081 Cash May 28, 2021 Exercise of stock options 40,042 Cash Exercise of stock options 5,000 Cash Exercise of stock options 2,000 Cash July 5, 2021 Exercise of stock options 514,570 Cash Exercise of stock options 30,300 Cash The price at which Equity Shares have been issued by our Company in the immediately preceding year is not indicative of the price at which they will be issued or traded. For further information, refer to the section “Capital Structure – Notes to Capital Structure – Share Capital History” on page 94. 53. We have not been able to obtain certain records of the educational qualifications of a Director and have relied on declarations and undertakings furnished by such Director for details of his profile included in this Draft Red Herring Prospectus. Our director, Ravi Chandra Adusumalli (Nominee Director), has been unable to trace copies of documents pertaining to his educational qualifications. Accordingly, reliance has been placed on undertakings furnished by such director to us, the JGC-BRLMs and the BRLMs to disclose details of their educational qualifications in this Draft Red Herring Prospectus. We, JGC-BRLMs and the BRLMs, have been unable to independently verify these details prior to inclusion in this Draft Red Herring Prospectus. Further, there can be no assurances that our Director will be able to trace the relevant documents pertaining to his qualifications in future, or at all. External Risks"
paytm,57,"Changing regulations in India could lead to new compliance requirements that are uncertain. The regulatory and policy environment in which we operate is evolving and is subject to change. The GoI may implement new laws or other regulations and policies that could affect the e-commerce in general, which could lead to new compliance requirements, including requiring us to obtain approvals and licenses from the Government and other regulatory bodies, or impose onerous requirements. For instance, the GoI has recently introduced (a) the Code on Wages, 2019 (“Wages Code”); (b) the Code on Social Security, 2020 (“Social Security Code”); (c) the Occupational Safety, Health and Working Conditions Code, 2020; and (d) the Industrial Relations Code, 2020 which consolidate, subsume and replace numerous existing central labour legislations. While the rules for implementation under these codes have not been notified, we are yet to determine the impact of all or some such laws on our business and operations which may restrict our ability to grow our business in the future and increase our expenses. Uncertainty in the applicability, interpretation or implementation of any amendment to, or change in, governing law, regulation or policy in the jurisdictions in which we operate, including by reason of an absence, or a limited body, of administrative or judicial precedent may be time consuming as well as costly for us to resolve and may impact the viability of our current business or restrict our ability to grow our business in the future. We may incur increased costs and other burdens relating to compliance with such new requirements, which may also require significant management time and other resources, and any failure to comply may adversely affect our business, results of operations and prospects. Uncertainty in the applicability, interpretation or implementation of any amendment to, or change in, governing law, regulation or policy, including by reason of an absence, or a limited body, of administrative or judicial precedent may be time consuming as well as costly for us to resolve and may impact the viability of our current businesses or restrict our ability to grow our businesses in the future."
paytm,58,"Changes in the taxation system in India could adversely affect our business. Our business, financial condition and results of operations could be adversely affected by any change in the extensive central and state tax regime in India applicable to us and our business. Tax and other levies imposed by the central and state governments in India that affect our tax liability, include central and state taxes and other levies, income tax, turnover tax, goods and service tax, stamp duty and other special taxes and surcharges, which are introduced on a temporary or permanent basis from time to time. This extensive central and state tax regime is subject to change from time to time. The final determination of our tax liability involves the interpretation of local tax laws and related regulations in each jurisdiction, as well as the significant use of estimates and assumptions regarding the scope of future operations and results achieved and the timing and nature of income earned and expenditures incurred. For instance, the Government of India has implemented two major reforms in Indian tax laws, namely the GST, and provisions relating to general anti-avoidance rules (“GAAR”). The indirect tax regime in India has undergone a complete overhaul. The indirect taxes on goods and services, such as central excise duty, service tax, central sales tax, state value added tax, surcharge and excise have been replaced by Goods and Service Tax with effect from July 1, 2017. The GST regime is relatively new and therefore is subject to amendments and its interpretation by the relevant regulatory authorities. GAAR became effective from April 1, 2017. The tax consequences of the GAAR provisions being applied to an arrangement may result in, among others, a denial of tax benefit to us and our business. In the absence of any precedents on the subject, the application of these provisions is subjective. If the GAAR provisions are made applicable to us, it may have an adverse tax impact on us. Further, if the tax costs associated with certain of our transactions are greater than anticipated because of a particular tax risk materializing on account of new tax regulations and policies, it could affect our profitability from such transactions. Our companies operating in India may choose not to claim any of the specified deductions or exemptions and claim the lower corporate tax, in which case, the minimum alternate tax provisions would not be applicable. Alternatively, we may choose to pay the higher of corporate tax; i.e., 30% or 25%, as the case may be, plus applicable surcharge and cess, after claiming the applicable deductions and exemptions or the minimum alternate tax at the rate of 15% plus applicable surcharge and cess. As such, there is no certainty on the impact that these amendments may have on our business and operations or on the industry in which we operate. Further, the Finance Act, 2020, has, amongst others things, notified changes and provided a number of amendments to the direct and indirect tax regime, including, without limitation, a simplified alternate direct tax regime and that dividend distribution tax (“DDT”), will not be payable in respect of dividends declared, distributed or paid by a domestic company after March 31, 2020, and accordingly, such dividends would not be exempt in the hands of the shareholders, both resident as well as non-resident and are subject to tax deduction at source. The Company may or may not grant the benefit of a tax treaty (where applicable) to a non-resident shareholder for the purposes of deducting tax at source from such dividend. Investors should consult their own tax advisors about the consequences of investing or trading in the Equity Shares. In the same Finance Act, 2020, a new provision was introduced to put an obligation on every e-commerce company to deduct tax at source on all supplies through the platform, irrespective of consideration received or otherwise, based on the tax rate determined based on the validation of PAN details of the platforms’ suppliers. These provisions were made effective from October 1, 2020 and create an additional compliance burden on the Company. Any failure in such deduction could lead to costs being incurred to correct the tax defect or non- compliance. With several proposals to introduce further regulatory compliances, additional conditions to be met to receive benefits under existing regimes being introduced, upon any such proposals being notified, we may also become subject to inter alia additional compliances and increased associated costs. For instance, under the Finance Act, 2021, with effect from July 1, 2021, higher TDS rates may become applicable in the event of failure of certain compliances, including of linking Aadhar with permanent account numbers, or other conditions being proposed including to display QR codes on B2C transactions which could pose operational and implementation challenges given the large number of orders in invoices."
paytm,59,"The ability of foreign investors to invest in our Company may be constrained by Indian law. Under foreign exchange regulations currently in force in India, transfer of shares between non-residents and residents are freely permitted (subject to certain exceptions), if they comply with the valuation and reporting requirements specified by the RBI. If a transfer of shares is not in compliance with such requirements and fall under any of the exceptions specified by the RBI, then the RBI’s prior approval is required. For details, in relation to the restrictions under the FDI Policy applicable to certain of our Subsidiaries and Paytm Payments Bank, please see “Key Regulations and Policies in India” on page 18. Additionally, shareholders who seek to convert Rupee proceeds from a sale of shares in India into foreign currency and repatriate that foreign currency from India require a no-objection or a tax clearance certificate from the Indian income tax authorities. We cannot assure you that any required approval from the RBI or any other governmental agency can be obtained on any particular terms, or at all. In terms of Press Note 3 of 2020, dated April 17, 2020, issued by the Department for Promotion of Industry and Internal Trade (“DPIIT”), as consolidated in the FDI Policy with effect from October 15, 2020, all investments under the foreign direct investment route by entities of a country which shares land border with India or where the beneficial owner of an investment into India is situated in or is a citizen of any such country will require prior approval of the GoI. Further, in the event of transfer of ownership of any existing or future foreign direct investment in an entity in India, directly or indirectly, resulting in the beneficial ownership falling within the aforesaid restriction/ purview, such subsequent change in the beneficial ownership will also require approval of the GoI. Any such approval(s) would be subject to the discretion of the regulatory authorities. This may cause uncertainty and delays in our future investment plans and initiatives. We cannot assure you that any required approval from the relevant governmental agencies can be obtained on any particular terms or at all. For further details, see “Restrictions on Foreign Ownership of Indian Securities” on page 466. Further, in terms of notification dated June 14, 2021 issued by the RBI, new investors from FATF non-compliant jurisdictions such as Mauritius, Cayman Islands and Uganda are not permitted to acquire, directly or indirectly, 20% or more of the voting power of any existing payment system operators (“PSOs”) or any entity seeking authorization as a PSO. However, existing investors may continue holding their investments in PSOs made prior to classification of their jurisdiction as FATF non-compliant and/or bring in additional investments as per the extant regulations. FNPL, a consortium entity in which we have participated along with other participant companies, for a PSO license, will accordingly be subject to the requirements of this notification, which may have an adverse effect on the ability of new foreign investors from FATF non-compliant jurisdictions to, directly or indirectly, invest in FNPL and/or our Company. Our ability to set up other regulated businesses may also be subject to the requirements of this notification, and have similar implications."
paytm,60,"A downgrade in ratings of India, may affect the trading price of the Equity Shares. Our borrowing costs and our access to the debt capital markets depend significantly on the credit ratings of India. India’s sovereign rating decreased from Baa2 with a “negative” outlook to Baa3 with a “negative” outlook by Moody’s and from BBB with a “stable” outlook to BBB with a “negative” outlook (Fitch) in June 2020; and from BBB “stable” to BBB “negative” by DBRS in May 2020. India’s sovereign ratings from S&P is BBB- with a “stable” outlook. Any further adverse revisions to India’s credit ratings for domestic and international debt by international rating agencies may adversely impact our ability to raise additional financing and the interest rates and other commercial terms at which such financing is available, including raising any overseas additional financing. A downgrading of India’s credit ratings may occur, for example, upon a change of government tax or fiscal policy, which are outside our control. This could have an adverse effect on our ability to fund our growth on favorable terms or at all, and consequently adversely affect our business, cash flows and financial performance and the price of the Equity Shares."
paytm,61,"Political, macroeconomic, demographic and other changes could adversely affect economic conditions in India. Our Company is incorporated in India and derives the majority of its revenue from operations in India and the majority of its assets are located in India. Consequently, our performance and the market price of the Equity Shares may be affected by interest rates, government policies, taxation, and other social, political and economic developments affecting India. The Indian economy differs from the economies of most developed countries in many respects, including the degree of government involvement, level of development, growth rate, control of foreign exchange and allocation of resources. While the Indian economy has experienced significant growth over the past decades, growth has been uneven, both geographically and among various sectors of the economy. The Indian government has implemented various measures to encourage economic growth and guide the allocation of resources. Some of these measures may benefit the overall Indian economy, but may have a negative effect on us. Our business results depend on a number of general macroeconomic and demographic factors in India which are beyond our control. In particular, our revenue and profitability are strongly correlated to consumer discretionary spending, which is influenced by general economic conditions, unemployment levels, the availability of discretionary income and consumer confidence. Recessionary economic cycles, a protracted economic slowdown, a worsening economy, increased unemployment, rising interest rates or other industry-wide cost pressures could also affect consumer behavior and lead to a decline in our sales and earnings. Factors that may adversely affect the Indian economy, and hence our results of operations and cash flows, may include: ● the macroeconomic climate, including any increase in Indian interest rates or inflation; ● any exchange rate fluctuations, the imposition of currency controls and restrictions on the right to convert or repatriate currency or export assets; ● any scarcity of credit or other financing in India, resulting in an adverse effect on economic conditions in India and scarcity of financing for our expansions; ● political instability, terrorism or military conflict in India or in countries in the region or globally, including in India’s various neighboring countries; ● occurrence of natural or man-made disasters; ● prevailing regional or global economic conditions, including in India’s principal export markets; ● other significant regulatory or economic developments in or affecting India or its consumption sector; ● international business practices that may conflict with other customs or legal requirements to which we are subject, including anti-bribery and anti-corruption laws; ● protectionist and other adverse public policies, including local content requirements, import/export tariffs, increased regulations or capital investment requirements; ● Inflation rates; and ● being subject to the jurisdiction of foreign courts, including uncertainty of judicial processes and difficulty enforcing contractual agreements or judgments in foreign legal systems or incurring additional costs to do so. Any slowdown or perceived slowdown in the Indian economy, or in specific sectors of the Indian economy, could adversely affect our business, results of operations, cash flows and financial condition and the price of the Equity Shares."
paytm,62,"Financial instability in other countries may cause increased volatility in Indian financial markets. The Indian market and the Indian economy are influenced by economic and market conditions in other countries, including conditions in the United States, Europe and certain emerging economies in Asia. Financial turmoil in Asia, Russia and elsewhere in the world in recent years has adversely affected the Indian economy. Any worldwide financial instability may cause increased volatility in the Indian financial markets and, directly or indirectly, adversely affect the Indian economy and financial sector and us. Although economic conditions vary across markets, loss of investor confidence in one emerging economy may cause increased volatility across other economies, including India. Financial instability in other parts of the world could have a global influence and thereby negatively affect the Indian economy. Financial disruptions could materially and adversely affect our business, prospects, financial condition, results of operations and cash flows. Furthermore, economic developments globally can have a significant impact on India. Concerns related to a trade war between large economies may lead to increased risk aversion and volatility in global capital markets and consequently have an impact on the Indian economy. Following the United Kingdom’s exit from the European Union (“Brexit”), there remains significant uncertainty around the terms of their future relationship with the European Union and, more generally, as to the impact of Brexit on the general economic conditions in the United Kingdom and the European Union and any consequential impact on global financial markets. For example, Brexit could give rise to increased volatility in foreign exchange rate movements and the value of equity and debt investments. In addition, China is one of India’s major trading partners and there are rising concerns of a possible slowdown in the Chinese economy as well as a strained relationship with India, which could have an adverse impact on the trade relations between the two countries. The sovereign rating downgrades for Brazil and Russia (and the imposition of sanctions on Russia) have also added to the growth risks for these markets. These factors may also result in a slowdown in India’s export growth. In response to such developments, legislators and financial regulators in the United States and other jurisdictions, including India, implemented a number of policy measures designed to add stability to the financial markets. However, the overall long-term effect of these and other legislative and regulatory efforts on the global financial markets is uncertain, and they may not have the intended stabilizing effects. Any significant financial disruption could have a material adverse effect on our business, financial condition, cash flows and results of operation. These developments, or the perception that any of them could occur, have had and may continue to have a material adverse effect on global economic conditions and the stability of global financial markets, and may significantly reduce global market liquidity, restrict the ability of key market participants to operate in certain financial markets or restrict our access to capital. This could have a material adverse effect on our business, financial condition, cash flows and results of operations and reduce the price of the Equity Shares."
paytm,63,"Significant differences exist between Ind AS and other accounting principles, such as IFRS and U.S. GAAP, which may be material to investors’ assessments of our financial condition, result of operations and cash flows. Our Restated Financial Statements for FY 2019, FY 2020 and FY 2021 included in this Draft Red Herring Prospectus are derived from the Audited Consolidated Financial Statements prepared under the Ind AS, in each case restated in accordance with the requirements of Section 26 of part I of the Companies Act, 2013, the SEBI ICDR Regulations and the Guidance Note on Reports in Company Prospectus (Revised 2019) issued by the ICAI. Ind AS differs from accounting principles with which prospective investors may be familiar, such as IFRS and U.S. GAAP. Accordingly, the degree to which the Restated Financial Statements included in this Draft Red Herring Prospectus will provide meaningful information is entirely dependent on the reader’s level of familiarity with Ind AS. Persons not familiar with Ind AS should limit their reliance on the financial disclosures presented in this Draft Red Herring Prospectus."
paytm,64,"We are, and after the Offer will remain, a “foreign owned and controlled” company in accordance with the Consolidated FDI Policy and FEMA Rules and accordingly, we shall be subject to Indian foreign investment laws In accordance with the provisions of the Consolidated FDI Policy and FEMA Rules, our Company is a foreign owned and controlled company. As a foreign owned and controlled company, our Company is subject to various requirements under the Consolidated FDI Policy and other Indian foreign investment laws. Such requirements include restriction on undertaking certain business activities without prior Government approval or at all, and pricing guidelines applicable to issue or transfer of our Equity Shares. While we believe that our business activities have been, and continue to remain, compliant with the requirements under the Consolidated FDI Policy and other Indian foreign investment laws, we cannot assure you that the Government, or a regulatory or judicial authority, will not take a different interpretation. A determination by the Government, or a regulatory or judicial authority, that any of our business activities are being, or have been, conducted in violation of the Consolidated FDI Policy and other applicable Indian foreign investment laws, would attract regulatory sanctions, including monetary penalties. In such an event, we may also have to cease undertaking the relevant business activities. Further, till the time we continue to be a foreign owned and controlled company, we may not be able to undertake certain commercially attractive business activities or investments without prior approval of the Government or at all."
paytm,65,"Our business and activities may be regulated by the Competition Act, 2002 and proceedings may be enforced against us. The Competition Act seeks to prevent business practices that have an appreciable adverse effect on competition in the relevant market in India. Under the Competition Act, any arrangement, understanding or action in concert between enterprises, whether formal or informal, which causes or is likely to cause an appreciable adverse effect on competition in India is void and attracts substantial monetary penalties. Further, any agreement among competitors which directly or indirectly involves the determination of purchase or sale prices, limits or controls production, supply, markets, technical development, investment or provision of services, shares the market or source of production or provision of services in any manner by way of allocation of geographical area, type of goods or services or number of consumers in the relevant market or in any other similar way or directly or indirectly results in bid-rigging or collusive bidding is presumed to have an appreciable adverse effect on competition. The Competition Act also prohibits abuse of a dominant position by any enterprise. If it is proved that the contravention committed by a company took place with the consent or connivance or is attributable to any neglect on the part of, any director, manager, secretary or other officer of such company, that person shall be also guilty of the contravention and may be punished. On March 4, 2011, the GoI notified and brought into force the combination regulation (merger control) provisions under the Competition Act with effect from June 1, 2011. These provisions require acquisitions of shares, voting rights, assets or control or mergers or amalgamations that cross the prescribed asset and turnover based thresholds to be mandatorily notified to, and pre-approved by, the Competition Commission of India, or CCI. Additionally, on May 11, 2011, the CCI issued the Competition Commission of India (Procedure in regard to the transaction of business relating to combinations) Regulations, 2011, as amended, which sets out the mechanism for implementation of the merger control regime in India. The Competition Act aims to, among other things, prohibit all agreements and transactions, including agreements between vertical trading partners i.e. entities at different stages or levels of the production chain in different markets, which may have an appreciable adverse effect on competition in India. Consequently, all agreements entered into by us could be within the purview of the Competition Act. We may also be subject to queries from the CCI pursuant to complaints by consumers or any third persons, which could be made without any or adequate basis given our market presence. Further, the CCI has extra-territorial powers and can investigate any agreements, abusive conduct or combination occurring outside of India if such agreement, conduct or combination has an appreciable adverse effect on competition in India. However, the effect of the provisions of the Competition Act on the agreements entered into by us cannot be predicted with certainty at this stage."
paytm,66,"Natural disasters, fires, epidemics, pandemics, acts of war, civil unrest and other events could materially and adversely affect our business. Natural disasters (such as typhoons, flooding and earthquakes), epidemics, pandemics such as COVID-19, acts of war, terrorist attacks and other events, many of which are beyond our control, may lead to economic instability, including in India or globally, which may in turn materially and adversely affect our business, financial condition, cash flows and results of operations. Our operations may be adversely affected by fires, natural disasters and/or severe weather, which can result in damage to our technological infrastructure and generally reduce our productivity and may require us to evacuate personnel and suspend operations. Any terrorist attacks or civil unrest as well as other adverse social, economic and political events in India could have a negative effect on us. Such incidents could also create a greater perception that investment in Indian companies involves a higher degree of risk and could have an adverse effect on our business and the price of the Equity Shares. A number of countries in Asia, including India, as well as countries in other parts of the world, are susceptible to contagious diseases and, for example, have had confirmed cases of diseases such as the highly pathogenic H7N9, H5N1 and H1N1 strains of influenza in birds and swine and more recently, the COVID-19 virus. Certain countries in Southeast Asia have reported cases of bird-to-human transmission of avian and swine influenza, resulting in numerous human deaths. A worsening of the current outbreak of COVID-19 virus or future outbreaks of COVID- 19 virus, avian or swine influenza or a similar contagious disease could adversely affect the Indian economy and economic activity in the region and in turn have a material adverse effect on our business and the trading price of the Equity Shares. Risks Related to the Offer"
paytm,67,"Our Company is a professionally managed company and does not have an identifiable promoter in terms of the SEBI ICDR Regulations and the Companies Act, 2013. Our Company is a professionally managed company and does not have an identifiable promoter in terms of the SEBI ICDR Regulations and the Companies Act 2013. Accordingly, in terms of Regulation 14(1) of the SEBI ICDR Regulations, there is no requirement of minimum promoter’s contribution in this Offer and accordingly, none of the Equity Shares will be locked in for a period of three years pursuant to the Offer. In terms of Regulations 17 of the SEBI ICDR Regulations, the entire pre-Offer equity share capital will be locked-in for a period of one year from the date of Allotment, other than (a) Equity Shares which are successfully transferred as part of the Offer for Sale; and (b) any Equity Shares allotted to employees, whether currently an employee or not, pursuant to the employee stock options schemes of our Company, prior to the Offer. Following the lock-in period of one year, the pre-Offer shareholders, may sell their shareholding in our Company, depending on market conditions and their investment horizon. Further, any perception by investors that such sales might occur could additionally affect the trading price of the Equity Shares."
paytm,68,"We cannot assure payment of dividends on the Equity Shares in the future. Our Company has a formal dividend policy as on the date of this Draft Red Herring Prospectus. Our Company has however not declared dividends on the Equity Shares during the current Fiscal Year and the last three Fiscal Years. Our ability to pay dividends in the future will depend upon our future results of operations, financial condition, cash flows, sufficient profitability, working capital requirements and capital expenditure requirements and other factors considered relevant by our directors and shareholders. Our ability to pay dividends may also be restricted under certain financing arrangements that we may enter into. We cannot assure you that we will be able to pay dividends on the Equity Shares at any point in the future. For details pertaining to dividend declared by us in the past, see “Dividend Policy” on page 255."
paytm,69,"Our Equity Shares have never been publicly traded, and after the Offer, the Equity Shares may experience price and volume fluctuations, and an active trading market for the Equity Shares may not develop. Further, the Offer Price may not be indicative of the market price of the Equity Shares after the Offer. Prior to the Offer, there has been no public market for the Equity Shares, and an active trading market on the Stock Exchanges may not develop or be sustained after the Offer. Listing and quotation does not guarantee that a market for the Equity Shares will develop, or if developed, the liquidity of such market for the Equity Shares. The Offer Price of the Equity Shares is proposed to be determined through a book-building process and may not be indicative of the market price of the Equity Shares at the time of commencement of trading of the Equity Shares or at any time thereafter. The market price of the Equity Shares may be subject to significant fluctuations in response to, among other factors, variations in our operating results of our Company, market conditions specific to the industry we operate in, developments relating to India, volatility in securities markets in jurisdictions other than India, variations in the growth rate of financial indicators, variations in revenue or earnings estimates by research publications, and changes in economic, legal and other regulatory factors. Consequently, the price of our Equity Shares may be volatile, and you may be unable to resell your Equity Shares at or above the Offer Price, or at all. There has been significant volatility in the Indian stock markets in the recent past, and our Equity Share price could fluctuate significantly because of market volatility. A decrease in the market price of our Equity Shares could cause investors to lose some or all of their investment."
paytm,70,"The determination of the Price Band is based on various factors and assumptions and the Offer Price of the Equity Shares may not be indicative of the market price of the Equity Shares after the Offer. Further, the current market price of some securities listed pursuant to certain previous issues managed by the Book Running Lead Managers is below their respective issue prices. The determination of the Price Band is based on various factors and assumptions, and will be determined by our Company and the Investor Selling Shareholders in consultation with the Managers. Furthermore, the Offer Price of the Equity Shares will be determined by our Company and the Investor Selling Shareholders in consultation with the Managers through the Book Building Process. These will be based on numerous factors, including factors as described under “Basis for Offer Price” beginning on page 124 and may not be indicative of the market price for the Equity Shares after the Offer. In addition to the above, the current market price of securities listed pursuant to certain previous initial public offerings managed by the Managers is below their respective issue price. For further details, see “Other Regulatory and Statutory Disclosures – Price information of past issues handled by the JGC-BRLMs and the BRLMs” commencing on page 432. The factors that could affect the market price of the Equity Shares include, among others, broad market trends, financial performance and results of our Company post-listing, and other factors beyond our control. We cannot assure you that an active market will develop or sustained trading will take place in the Equity Shares or provide any assurance regarding the price at which the Equity Shares will be traded after listing."
paytm,71,"Investors may be subject to Indian taxes arising out of income arising on the sale of and dividend on the Equity Shares. Under current Indian tax laws, unless specifically exempted, capital gains arising from the sale of equity shares held as investments in an Indian company are generally taxable in India. Any capital gain realized on the sale of listed equity shares on a Stock Exchange held for more than 12 months immediately preceding the date of transfer will be subject to long term capital gains in India at the specified rates depending on certain factors, such as whether the sale is undertaken on or off the Stock Exchanges, the quantum of gains and any available treaty relief. Accordingly, we may be subject to payment of long term capital gains tax in India, in addition to payment of Securities Transaction Tax (“STT”), on the sale of any Equity Shares held for more than 12 months immediately preceding the date of transfer. STT will be levied on and collected by a domestic stock exchange on which the Equity Shares are sold. Further, any capital gains realized on the sale of listed equity shares held for a period of 12 months or less immediately preceding the date of transfer will be subject to short term capital gains tax in India. Capital gains arising from the sale of the Equity Shares will not be chargeable to tax in India in cases where relief from such taxation in India is provided under a treaty between India and the country of which the seller is resident and the seller is entitled to avail benefits thereunder, subject to certain conditions. Generally, Indian tax treaties do not limit India’s ability to impose tax on capital gains. As a result, residents of other countries may be liable for tax in India as well as in their own jurisdiction on a gain upon the sale of the Equity Shares. Similarly, any business income realized from the transfer of Equity Shares held as trading assets is taxable at the applicable tax rates subject to any treaty relief, if applicable, to a non-resident seller. Additionally, in terms of the Finance Act, 2018, which has been notified on March 29, 2018 with effect from April 1, 2018, the tax payable by an assessee on the capital gains arising from transfer of long term capital asset (introduced as section 112A of the Income-Tax Act, 1961) shall be calculated on such long-term capital gains at the rate of 10%, where the long-term capital gains exceed ₹100,000, subject to certain exceptions in case of a resident individuals and HUF. Further, the Finance Act, 2019 has made various amendments in the taxation laws and has also clarified that, in the absence of a specific provision under an agreement, the liability to pay stamp duty in case of sale of securities through stock exchanges will be on the buyer, while in other cases of transfer for consideration through a depository, the onus will be on the transferor. The stamp duty for transfer of securities other than debentures, on a delivery basis is specified at 0.015% and on a non -delivery basis is specified at 0.003% of the consideration amount. These amendments have come into effect from July 1, 2020. Additionally, the Finance Act does not require DDT to be payable in respect of dividends declared, distributed or paid by a domestic company after March 31, 2020, and accordingly, such dividends would not be exempt in the hands of the shareholders, both resident as well as non-resident. The Company may or may not grant the benefit of a tax treaty (where applicable) to a non-resident shareholder for the purposes of deducting tax at source pursuant to any corporate action including dividends."
paytm,72,"QIBs and Non-Institutional Investors are not permitted to withdraw or lower their Bids (in terms of quantity of Equity Shares or the Bid Amount) at any stage after submitting a Bid, and Retail Individual Investors are not permitted to withdraw their Bids after Bid/Offer Closing Date. Pursuant to the SEBI ICDR Regulations, QIBs and Non-Institutional Investors are required to pay the Bid Amount on submission of the Bid and are not permitted to withdraw or lower their Bids (in terms of quantity of Equity Shares or the Bid Amount) at any stage after submitting a Bid. Retail Individual Investors can revise their Bids during the Bid/Offer Period and withdraw their Bids until Bid/Offer Closing Date. While our Company is required to complete all necessary formalities for listing and commencement of trading of the Equity Shares on all Stock Exchanges where such Equity Shares are proposed to be listed including Allotment pursuant to the Offer within six Working Days from the Bid/Offer Closing Date, events affecting the Bidders’ decision to invest in the Equity Shares, including material adverse changes in international or national monetary policy, financial, political or economic conditions, our business, results of operation or financial condition may arise between the date of submission of the Bid and Allotment. Our Company may complete the Allotment of the Equity Shares even if such events occur, and such events limit the Bidders’ ability to sell the Equity Shares Allotted pursuant to the Offer or cause the trading price of the Equity Shares to decline on listing."
paytm,73,"There is no guarantee that our Equity Shares will be listed on the BSE and NSE in a timely manner or at all. In accordance with Indian law and practice, permission for listing and trading of our Equity Shares will not be granted until after certain actions have been completed in relation to this Offer and until Allotment of Equity Shares pursuant to this Offer. In accordance with current regulations and circulars issued by SEBI, our Equity Shares are required to be listed on the BSE and NSE within such time as mandated under UPI Circulars, subject to any change in the prescribed timeline in this regard. However, we cannot assure you that the trading in our Equity Shares will commence in a timely manner or at all. Any failure or delay in obtaining final listing and trading approvals may restrict your ability to dispose of your Equity Shares."
paytm,74,"The Offer Price of the Equity Shares may not be indicative of the market price of the Equity Shares after the Offer. The initial public offering price will be determined by the Book Building Process and may not be indicative of prices that will prevail in the open market following the Offer. The market price of the Equity Shares may be influenced by many factors, some of which are beyond our control, including: ● the failure of security analysts to cover the Equity Shares after this Offer, or changes in the estimates of our performance by analysts; ● the activities of competitors and suppliers; ● future sales of the Equity Shares by our Company or our shareholders; ● investor perception of us and the industry in which we operate; ● our quarterly or annual earnings or those of our competitors; ● developments affecting fiscal, industrial or environmental regulations; ● the public’s reaction to our press releases and adverse media reports; and ● general economic conditions. As a result of these factors, investors may not be able to resell their Equity Shares at or above the initial public offering price. In addition, the stock market often experiences price and volume fluctuations that are unrelated or disproportionate to the operating performance of a particular company. These broad market fluctuations and industry factors may materially reduce the market price of the Equity Shares, regardless of our Company’s performance. There can be no assurance that the investor will be able to resell their Equity Shares at or above the Offer Price."
paytm,75,"Investors may have difficulty enforcing foreign judgments against our Company or our management. Our Company is incorporated under the laws of India as a company limited by shares . The majority of our directors and executive officers are residents of India. A substantial portion of our Company’s assets and the assets of our Directors and executive officers resident in India are located in India. As a result, it may be difficult for investors to effect service of process upon us or such persons outside India or to enforce judgments obtained against our Company or such parties outside India. Recognition and enforcement of foreign judgments is provided for under Section 13 of the Code of Civil Procedure, 1908 (“CPC”), on a statutory basis. Section 13 of the CPC provides that foreign judgments shall be conclusive regarding any matter directly adjudicated upon, except: (i) where the judgment has not been pronounced by a court of competent jurisdiction; (ii) where the judgment has not been given on the merits of the case; (iii) where it appears on the face of the proceedings that the judgment is founded on an incorrect view of international law or a refusal to recognize the law of India in cases to which such law is applicable; (iv) where the proceedings in which the judgment was obtained were opposed to natural justice; (v) where the judgment has been obtained by fraud; and (vi) where the judgment sustains a claim founded on a breach of any law then in force in India. Under the CPC, a court in India shall, upon the production of any document purporting to be a certified copy of a foreign judgment, presume that the judgment was pronounced by a court of competent jurisdiction, unless the contrary appears on record. However, under the CPC, such presumption may be displaced by proving that the court did not have jurisdiction. India is not a party to any international treaty in relation to the recognition or enforcement of foreign judgments. Section 44A of the CPC provides that where a foreign judgment has been rendered by a superior court, within the meaning of that Section, in any country or territory outside of India which the GoI has by notification declared to be in a reciprocating territory, it may be enforced in India by proceedings in execution as if the judgment had been rendered by the relevant court in India. However, Section 44A of the CPC is applicable only to monetary decrees not being of the same nature as amounts payable in respect of taxes, other charges of a like nature or of a fine or other penalties. Some jurisdictions including the United Kingdom, United Arab Emirates, Singapore and Hong Kong have been declared by the GoI to be reciprocating countries for the purposes of Section 44A of the CPC. The United States and India do not currently have a treaty providing for reciprocal recognition and enforcement of judgments, other than arbitration awards, in civil and commercial matters. Therefore, a final judgment for the payment of money rendered by any federal or state court in the United States on civil liability, whether or not predicated solely upon the federal securities laws of the United States, would not be enforceable in India. However, the party in whose favor such final judgment is rendered may bring a new suit in a competent court in India based on a final judgment that has been obtained in the United States. The suit must be brought in India within three years from the date of the judgment in the same manner as any other suit filed to enforce a civil liability in India. Further, there may be considerable delays in the disposal of suits by Indian courts. It is unlikely that a court in India would award damages on the same basis as a foreign court if an action were brought in India. Furthermore, it is unlikely that an Indian court would enforce a foreign judgment if that court were of the view that the amount of damages awarded was excessive or inconsistent with public policy or Indian law. It is uncertain as to whether an Indian court would enforce foreign judgments that would contravene or violate Indian law. However, a party seeking to enforce a foreign judgment in India is required to obtain approval from the RBI under the FEMA to execute such a judgment or to repatriate any amount recovered."
paytm,76,"The requirements of being a publicly listed company may strain our resources. We are not a listed company and have historically not been subjected to the compliance requirements and increased scrutiny of our affairs by shareholders, regulators and the public at large associated with being a listed company. As a listed company, we will incur significant legal, accounting, corporate governance and other expenses that we did not incur as an unlisted company. We will be subject to the SEBI Listing Regulations which will require us to file audited annual and unaudited quarterly reports with respect to our business and financial condition. If we experience any delays, we may fail to satisfy our reporting obligations and/or we may not be able to readily determine and accordingly report any changes in our results of operations or cash flows as promptly as other listed companies. Further, as a listed company, we will be required to maintain and improve the effectiveness of our disclosure controls and procedures and internal control over financial reporting, including keeping adequate records of daily transactions. In order to maintain and improve the effectiveness of our disclosure controls and procedures and internal control over financial reporting, significant resources and management attention will be required. As a result, our management’s attention may be diverted from our business concerns, which may adversely affect our business, prospects, financial condition, results of operations and cash flows. In addition, we may need to hire additional legal and accounting staff with appropriate experience and technical accounting knowledge, but we cannot assure you that we will be able to do so in a timely and efficient manner."
paytm,77,"Holders of Equity Shares could be restricted in their ability to exercise pre-emptive rights under Indian law and could thereby suffer future dilution of their ownership position. Under the Companies Act, a company having share capital and incorporated in India must offer holders of its Equity Shares pre-emptive rights to subscribe and pay for a proportionate number of Equity Shares to maintain their existing ownership percentages prior to the issuance of any new equity shares, unless the pre-emptive rights have been waived by the adoption of a special resolution by holders of three-fourths of the Equity Shares who have voted on such resolution. However, if the laws of the jurisdiction that holders are in does not permit the exercise of such pre-emptive rights without us filing an offering document or registration statement with the applicable authority in such jurisdiction, the holders will be unable to exercise such pre-emptive rights unless we make such a filing. The Company may elect not to file a registration statement in relation to pre-emptive rights otherwise available by Indian law to the holders. To the extent that the holders are unable to exercise pre-emptive rights granted in respect of the Equity Shares, they may suffer future dilution of your ownership position and their proportional interests in our Company would be reduced."
paytm,78,"Any future issuance of Equity Shares or convertible securities or other equity linked securities by our Company may dilute holders’ shareholding and sales of the Equity Shares by our major shareholders may adversely affect the trading price of the Equity Shares. Any future equity issuances by us, including a primary offering, may lead to the dilution of investors’ shareholdings in us. Any disposal of Equity Shares by our major shareholders or the perception that such issuance or sales may occur, including to comply with the minimum public shareholding norms applicable to listed companies in India may adversely affect the trading price of the Equity Shares, which may lead to other adverse consequences including difficulty in raising capital through offering of the Equity Shares or incurring additional debt. There can be no assurance that we will not issue further Equity Shares or that the shareholders will not dispose of the Equity Shares. Any future issuances could also dilute the value of your investment in the Equity Shares. In addition, any perception by investors that such issuances or sales might occur may also affect the market price of the Equity Shares."
paytm,79,"A third party could be prevented from acquiring control of our Company because of anti-takeover provisions under Indian law. There are provisions in Indian law that may delay, deter or prevent a future takeover or change in control of our Company, even if a change in control would result in the purchase of your Equity Shares at a premium to the market price or would otherwise be beneficial to you. Such provisions may discourage or prevent certain types of transactions involving actual or threatened change in control of our Company. Under the SEBI Takeover Regulations, an acquirer has been defined as any person who, directly or indirectly, acquires or agrees to acquire shares or voting rights or control over a company, whether individually or acting in concert with others. Although these provisions have been formulated to ensure that interests of investors/shareholders are protected, these provisions may also discourage a third party from attempting to take control of our Company. Consequently, even if a potential takeover of our Company would result in the purchase of the Equity Shares at a premium to their market price or would otherwise be beneficial to its stakeholders, it is possible that such a takeover would not be attempted or consummated because of the SEBI Takeover Regulations."
paytm,80,"Rights of shareholders of companies under Indian law may be more limited than under the laws of other jurisdictions. Our Articles of Association, composition of our Board, Indian laws governing our corporate affairs, the validity of corporate procedures, directors’ fiduciary duties, responsibilities and liabilities, and shareholders’ rights may differ from those that would apply to a company in another jurisdiction. Shareholders’ rights under Indian law may not be as extensive and widespread as shareholders’ rights under the laws of other countries or jurisdictions. Investors may face challenges in asserting their rights as shareholder in an Indian company than as a shareholder of an entity in another jurisdiction."
paytm,81,"Our Company is not, and does not intend to become, regulated as an investment company under the Investment Company Act and related rules. The Volcker Rule may affect the ability of certain types of entities to purchase the Equity Shares. Our Company will not be subject to the provisions of the U.S. Investment Company Act, in reliance on Section 3(c)(7) thereof, which excludes from the definition of “investment company” any issuer whose outstanding securities are owned exclusively by “qualified purchasers” (as defined in such Section 3(c)(7)), and who meet the other conditions contained therein. For purposes of the Volcker Rule, a “covered fund” includes any issuer that would be an investment company but for the exclusions contained in Section 3(c)(1) or Section 3(c)(7) under the U.S. Investment Company Act. The Volcker Rule may negatively affect the ability of certain types of entities to purchase the Equity Shares. The Volcker Rule generally prohibits “banking entities” (including certain of the Underwriters and their affiliates) from engaging in proprietary trading, or from acquiring or retaining an “ownership interest” in, sponsoring or having certain relationships with “covered funds”, subject to certain exclusions and exemptions under the Volcker Rule. A “banking entity” generally includes any U.S. insured depository institution, any company that controls an U.S. insured depository institution (as defined in Section 3 of the U.S. Federal Deposit Insurance Act (12 U.S.C § 1813)), subject to certain exclusions), any company that is treated as a bank holding company for purposes of Section 8 of the U.S. International Banking Act of 1978, or any affiliate or subsidiary of any of the foregoing entities. The Volcker Rule’s prohibition on “covered fund” investments and properitary trading activities is subject to certain limited exemptions, including for, among other things, certain underwriting and market making activitie and the activities of qualified non-U.S. banking entities which are conducted solely outside the United States. These and other exemptions under the Volcker Rule are subject to specific conditions and requirements. With respect to the market making and underwriting exemptions, recent amendments to the Volcker Rule’s implementing regulations elimintated the requirement that a “banking entity” include “ownership interests” in third-party “covered funds” or “covered funds” guaranteed by a “banking entity” that are acquired or retained under the market making or underwriting exemptions towards its per-fund and aggregate “covered fund” investment limits and for the required Tier 1 capital deduction. Any prospective investor in the Equity Shares should consult its own legal counsel regarding the potential impact of the Volcker Rule and its ability to purchase or retain the Equity Shares. None of the Company nor any or to such investor’s investment in the Equity Shares. None of the Company nor any Underwriter nor any of their respective affiliates makes any representation to any prospective investor or purchaser of the Equity Shares regarding the or to such investor’s investment in the Equity Shares on the date of issuance or at any time in the future."
lohiacorp,1,"We are heavily dependent on the performance of the woven raffia machines market. We derived 88.16%, 87.28% (based on the Restated Financial Information) and 85.68% (based on our Special Purpose Combined and Carve- out Financial Statements) of our revenue from operations in Fiscals 2026, 2025 and 2024, respectively, from woven raffia machines. The woven raffia machines market depends on the growth of end-use industries such as agro- textiles, building-textiles, geo-textiles and packing-textiles. Any slowdown in these end-use industries or any other adverse changes in the conditions affecting the woven raffia machines market can adversely impact our business, results of operations, financial condition and cash flows. We are among the leading global manufacturers of machinery and equipment for technical textiles by revenue in 2024, with a strong focus on solutions for producing PP and HDPE woven fabric and sacks (“Raffia”). (Source: F&S Report, page 193) In 2024, we ranked among the top global players by revenue, with a 15.4% share of the global woven Raffia machinery market by value. (Source: F&S Report, page 193). We derive a significant portion of our revenue from operations from the manufacture and supply of machines for woven fabric and sacks. Set forth below are revenue from operations from machines for woven fabric/ sacks and revenue from other sources in each of the corresponding periods: Particulars Restated Financial Information@ Special Purpose Combined and Carve- Out Financial Statements@ (Demerged Business) Fiscal 2026 Fiscal 2025 Fiscal 2024 Fiscal 2024 Consolidated Consolidated Standalone Amount (₹ million) Percentage of revenue from operations (%) Amount (₹ million) Percentage of revenue from operations (%) Amount (₹ million) Percentage of revenue from operations (%) Amount (₹ million) Percentag e of revenue from operation s (%) Revenue from woven raffia machines 15,136.95 88.16% 12,017.05 87.28% - - 9,989.17 85.68% Others* 2,033.00 11.84% 1,751.67 12.72% - - 1,668.91 14.32% Total 17,169.95 100.00% 13,768.72 100.00% - - 11,658.08 100.00% * Includes revenue from sale of raw materials to vendors, scrap sale, sale of services, sale of flexible intermediate bulk containers and yarn, and sale of machines for plastic processing other than raffia. @ The Restated Financial Information pertains to our Company for the years ended March 31, 2026, March 31, 2025 and March 31, 2024, while the Special Purpose Combined and Carve-Out Financial Statements pertain to the Demerged Business for the year ended March 31, 2024. Our business and financial condition is heavily dependent on the performance of the machines market for woven fabric and sacks globally and in India and we are exposed to fluctuations in the performance of these markets. The demand for the machinery and equipment we manufacture is dependent on the demand for the end-use products, which have packaging and non-packaging applications such as agriculture, horticulture, fisheries, and forestry textiles, architectural and constructional textiles, clothing textiles and geotextiles. A woven Raffia machine consists of a range of processing and weaving machines and equipment, which mainly use PP or HDPE as raw materials to produce different types of packaging and non-packaging materials. (Source: F&S Report, page 188) The production and sales of technical textiles may be affected by general economic or industry conditions, including seasonal trends in the agriculture sector, recessionary trends in the global and domestic economies, volatility in the construction sector, as well as evolving regulatory requirements, government initiatives, trade agreements and other factors including volatile raw material prices, rising employee expenses and challenges in maintaining amicable labour relations. The cyclical nature of the agriculture, textiles and construction industries, both globally and in India, means that the demand for machinery and equipment for manufacturing technical textile may vary. (Source: F&S Report, page 188) Our sales volumes, profitability and liquidity are closely tied to the level of agricultural, construction and textiles activity worldwide, as the end-users for our products primarily operate in the agriculture, constructions and textiles sectors and are, therefore, affected by factors that affect these sectors, including the levels of investment and production in these specific sectors of the global and domestic economies. In particular, the agricultural sector is inherently seasonal and is further impacted by factors including agricultural commodity prices, costs of fertilizers and adverse weather conditions. (Source: F&S Report, page 188) Similarly, the construction sector is prone to seasonality owing to factors such as the inconsistent real estate market, economic downturns that cease construction activity, among others. (Source: F&S Report, page 188) These segments are also affected by macro-economic conditions. (Source: F&S Report, page 188) We may not be able to stay abreast of global trends concerning the end-use industries in which products from our machineries are used. The woven raffia machines market may be affected by, among others, changes in government policies such as amendments to the Jute Packaging Material (Compulsory Use in Packaging Commodities) Act, 1987, government initiatives, economic conditions, income levels and interest rates. For instance, such regulations may impose conditions on the quality of products our machines manufacture, which may require us to modify our product offerings, or provide mandatory requirement for usage of certain materials in packaging materials, and which may negatively affect the demand for and the valuation of our products. For instance, in December 2023 and October 2024, the Ministry of Textiles, GoI ordered at least 20% of the total produced sugar to be mandatorily packaged in jute-based material. Any changes in government policy on the use of plastic for packaging, particularly in sectors in which our customers operate, may lead to variation in demand for our products. In the event of a decrease in demand for woven fabric/ sacks machines in India or abroad, we will experience adverse effects on our business, results of operations, financial condition and cash flows."
lohiacorp,2,"Significant increases or fluctuations in prices of, or shortages of, or delay or disruption in supply of primary raw materials could affect our estimated costs, expenditures and timelines which may have an adverse effect on our business, results of operations, financial condition and cash flows. Our operations are dependent upon the efficient supply chain management of raw materials, parts and components made to drawings and standard bought-out parts that are required for manufacturing of machines for the technical textile industry. Cost of material consumed and stock-in-trade includes metals, standard bought-outs, parts or components that are ‘made to drawings’, electricals, cables and wires, other consumables, packing material, among others. Some of the key components that we source externally are extrusion die, pump and screw, gear-box, bearings, electric motors and drives. We design and manufacture inverters, customized machine controllers and motors along with other products for our circular weaving machine and winders, and purchase other raw materials, parts and components externally. Set forth below are details of cost of materials consumed, purchases of stock-in-trade and changes in inventories of finished goods, work in progress and stock-in-trade, in each of the corresponding years: Particulars Restated Financial Information@ Fiscal 2026 Fiscal 2025 Fiscal 2024 Consolidated Consolidated Standalone Amount (₹ million) Percenta ge of revenue from operation s (%) Percenta ge of total expenses (%) Amount (₹ million) Percenta ge of revenue from operation s (%) Percenta ge of total expenses (%) Amount (₹ million) Percenta ge of revenue from operation s (%) Percenta ge of total expenses (%) Cost of materials consumed 9,140.13 53.23% 62.46% 6,582.74 47.81% 53.78% - - - Purchases of stock- in-trade 1,072.20 6.24% 7.33% 996.16 7.23% 8.14% - - - Changes in inventories of finished goods, work in progress and stock-in-trade (550.48) (3.21%) (3.76%) 84.90 0.62% 0.69% - - - Total 9,661.85 56.27% 66.02% 7,663.80 55.66% 62.61% - - - Particulars Special Purpose Combined and Carve-Out Financial Statements (Demerged Business)@ Fiscal 2024 Amount (₹ million) Percentage of revenue from operations (%) Percentage of total expenses (%) Cost of materials consumed 5,952.56 51.06% 52.49% Purchases of stock-in-trade 465.62 3.99% 4.11% Changes in inventories of finished goods, work in progress and stock-in-trade 278.98 2.39% 2.46% Total 6,697.16 57.44% 59.06% @ The Restated Financial Information pertains to our Company for the years ended March 31, 2026, March 31, 2025 and March 31, 2024 while the Special Purpose Combined and Carve-Out Financial Statements pertain to the Demerged Business for the year ended March 31, 2024. We have in the past experienced cost fluctuations for these raw materials due to various reasons, including volatility in the commodity markets and disruptions in supply chain on account of geopolitical and other factors. We cannot assure you that we will be successful in passing on cost increases to customers through price revisions. If we are unable to pass on the cost increases to our customers or are unsuccessful in managing the effects of raw material price fluctuations, our business, results of operations, financial condition and cash flows could be adversely affected. For further details, see “Management’s Discussion and Analysis of Financial Condition and Results of Operations – Managing our supply chain and operating expenses” and “Management’s Discussion and Analysis of Financial Condition and Results of Operations – Global operations and foreign exchange” on pages 393 and 395, respectively. In addition, we source most of these raw materials, parts and components from our suppliers on a purchase order basis, which are usually valid for one and two years, and do not enter into formal long-term agreements with our suppliers for the same. Consequently, we are dependent on maintaining good relationships with our suppliers, as procurement on a purchase order basis exposes us to risks such as price volatility caused by market fluctuations, currency fluctuations, environmental conditions, changes in government policies, and regulatory and trade sanctions. For instance, the terms of some of our purchase orders require us to obtain insurance on the materials supplied to us, bear freight costs and make 100% upfront payments prior to shipment. We also remain susceptible to the risks arising out of unforeseen or unexpected price fluctuations as well as the imposition of import duties, which could result in a decline in our operating margins. The prices and supply of these raw materials and stock-in-trade are also affected by, among others, general economic conditions, competition, production costs and levels of production based on which such costs can be negotiated, inventory, and transportation costs. Further, as we source certain of our raw materials from third parties, our supply chain for raw materials and components may be interrupted by circumstances beyond our control. Poor quality roads and other transportation-related infrastructure and logistics problems, inclement weather and road accidents may disrupt the transportation of raw materials. Supply chain disruptions, whether due to geopolitical tensions, natural disasters, or other unforeseen events, could affect our ability to procure our raw materials, leading to potential disruption in our manufacturing process. While there have been no instances wherein we faced a significant disruption to the supply and availability of raw materials in the last three Fiscals which had a material impact on our business, results of operations and financial condition, we cannot assure you that such instances will not occur in the future. Further, if our suppliers are unable to supply adequate quantities of the raw materials we require for our operations or if our suppliers are otherwise unable to meet their delivery obligations to us, we may not be able to find adequate replacements for such materials or suppliers, or receive compensation or rebates in lieu of such delay from the suppliers in a timely manner, or at all. During such periods of shortages, we may not be able to manufacture and assemble our products according to our pre-determined time frames, at our previously estimated product costs, or at all, which may adversely affect our business, reputation, results of operations, financial condition and cash flows. While there have been no such instances in the last three Fiscals which had a material impact on our business, results of operations and financial condition, any delay or default in procuring raw materials may consequently impact our delivery schedules and commitments to customers."
lohiacorp,3,"We source a significant portion of our raw materials, parts and components, from overseas suppliers. Events such as restrictions on import of raw materials, or changes in tariffs and tax rates, may adversely affect our business, results of operations, financial condition and cash flows. Machines manufactured by us have multiple parts and components, sourced indigenously as well as imported. The following table sets forth raw material costs attributable to imports in the corresponding years: Particulars Restated Financial Information@ Special Purpose Combined and Carve- Out Financial Statements@ (Demerged Business) Fiscal 2026 Fiscal 2025 Fiscal 2024 Fiscal 2024 Consolidated Consolidated Standalone Amount (₹ million) Percentag e of raw material costs (%) Amount (₹ million) Percentag e of raw material costs (%) Amount (₹ million) Percentag e of raw material costs (%) Amount (₹ million) Percentage of raw material costs (%) Expenditure on consumption of imported raw material* 1,551.35 16.06% 1,137.12 14.84% - - 1,010.61 15.09% * Raw material costs represents cost of materials consumed, purchases of stock-in-trade and changes in inventories of finished goods, work in progress and stock in trade. @ The Restated Financial Information pertains to our Company for the years ended March 31, 2026, March 31, 2025 and March 31, 2024 while the Special Purpose Combined and Carve-Out Financial Statements pertain to the Demerged Business for the year ended March 31, 2024. The tables below sets forth details of raw material imports from the top 5 jurisdictions for the corresponding periods indicated: Restated Financial Information Fiscal 2026 Consolidated Amount (₹ million) Percentage of consumption of imported raw material (%) Switzerland 313.61 20.22% USA 268.78 17.33% Singapore 245.94 15.85% China 208.08 13.41% Germany 141.29 9.11% Restated Financial Information Fiscal 2025 Consolidated Amount (₹ million) Percentage of consumption of imported raw material (%) Switzerland 183.93 16.18% USA 152.46 13.41% Singapore 142.36 12.52% Germany 107.22 9.43% China 101.11 8.89% Note: Our Company had no operations in Fiscal 2024, and the Restated Financial Information for Fiscal 2024 consequently includes no raw material imports. Special Purpose Combined and Carve-Out Financial Statements (Demerged Business) Fiscal 2024 Amount (₹ million) Percentage of consumption of imported raw material (%) Singapore 146.44 14.49% USA 136.87 13.54% Switzerland 129.84 12.85% China 86.18 8.53% Germany 74.32 7.35% The laws governing the import of raw materials may become more stringent in future, which could restrict our ability to import raw materials from other jurisdictions. Further, adverse changes in indirect taxes and import duties, tariffs and currency exchange rate may affect our ability to source, or increase costs associated with sourcing, raw materials from overseas suppliers. While there have been no instances in the last three Fiscals of material import restrictions, changes in tariffs, or adjustments in indirect taxes which have impacted our sourcing of raw materials and components, there can be no assurance that we will not face such instances in future which may impact our ability to source raw materials and components. We may face onerous conditions in connection with our imports and may not be able to find alternative or domestic suppliers as replacements in a timely manner or at all. If the countries from which we receive our raw materials implement policies that are hostile to our ability to import raw materials from such jurisdictions, our manufacturing process will be impacted, which may adversely affect our business, results of operations, financial condition and cash flows."
lohiacorp,4,"Our Special Purpose Combined and Carve-Out Financial Statements and other combined and carve out operational data may not be representative of our results as an independent company. Our Company was incorporated on June 5, 2023. Lohia Trade Services Limited (formerly known as Lohia Corp Limited) had filed the Scheme among our Company, the Demerged Company, and their respective shareholders and creditors, pursuant to which the Demerged Business, namely the Demerged Company’s technical textile machinery business undertaking, including its investment in five subsidiaries, was demerged and vested into our Company. The Scheme was approved by the NCLT through its order dated April 16, 2024, with the appointed date of the Scheme being April 1, 2024. The NCLT order sanctioning the Scheme was filed with the Registrar of Companies, Uttar Pradesh at Kanpur on May 1, 2024, being the effective date of the Scheme. For further information, see “History and Certain Corporate Matters – Details regarding material acquisitions or divestments of business/ undertakings, mergers, amalgamation, any revaluation of assets, etc. in the last 10 years.” on page 246. For comparative purposes, we have voluntarily prepared Special Purpose Combined and Carve-Out Financial Statements for Fiscal 2024. The Special Purpose Combined and Carve-Out Financial Statements for Fiscal 2024 include the combined and carve-out financial statements in respect of the Demerged Business for the year ended March 31, 2024. Similarly, certain operating data and performance metrics for Fiscals 2024 are presented on a combined and carved- out basis. The Special Purpose Combined and Carve-Out Financial Statements and combined and carve-out operating data and performance metrics are not of our Company as it stands today and its consolidated subsidiaries. Further, we have made estimates, assumptions and allocations in our Special Purpose Combined and Carve-Out Financial Statements, combined and carve-out operating data and key performance indicators as the Demerged Business did not account for us, and we did not operate, as a separate entity in any period prior to April 1, 2024, being the Appointed Date of the Scheme. The use of such assumptions and estimates means that the Special Purpose Combined and Carve- Out Financial Statements, combined and carve out operating data and performance metrics for Fiscal 2024 presented in this Red Herring Prospectus may not be representative of what our financial condition, results of operations, cash flow or operating performance would have been had we been a separate entity along with the Demerged Business during the periods presented. Further, neither the Restated Financial Information nor the Special Purpose Combined and Carve-Out Financial Statements should be used to forecast or accurately predict our future performance with any degree of certainty."
lohiacorp,5,"We rely on the continued operations of our manufacturing facilities and any slowdown, shutdown or disruption in our manufacturing facilities may be caused by natural and other disasters causing unforeseen damages which may lead to disruptions in our business and operations, which in turn could have an adverse effect on our business, results of operations, financial condition and cash flows. We own and operate six machine manufacturing facilities, with four in India and one each in USA and Italy, along with one live experience centre in India. Of our Indian manufacturing facilities, two are located in Kanpur, Uttar Pradesh along with the live experience centre (where we manufacture flexible intermediate bulk containers (“FIBC”)), and two are located in Bengaluru, Karnataka. Our manufacturing facility in USA is located in Burlington, North Carolina and our manufacturing facility in Italy is located in Como, Italy. We also have warehouses in India, UAE and USA, where we store inventory of spares for after-sales services. Any significant social, political or economic disruption or natural calamities or civil disruptions in these states or countries or changes in the policies of the states or local governments could require us to incur significant capital expenditure, change our business strategy and may have an effect on our business, results of operations, financial condition and cash flows. We provide details of our installed capacity to the Secretariat for Industrial Assistance, Ministry of Commerce & Industry. We utilise specific facilities depending on factors such as proximity to the customer, specifications of the ordered machinery, among others. For further information, see “Our Business – Installed Capacity, Actual Production and Capacity Utilization” on page 224. Our business is dependent upon our ability to manage our manufacturing facilities since almost all of our revenue is generated from these facilities, which are subject to various operating risks, including political instability, productivity of our workforce, the possibility of strikes, lock-outs and other labour disruptions, compliance with regulatory requirements, difficulties with production costs and yields, product quality, scheduled downtimes for maintenance activities, and those beyond our control, such as the breakdown and failure of equipment or industrial accidents, disruption in electrical power or water resources, severe weather conditions, natural disasters and an outbreak of infectious diseases such as COVID-19. In addition, we depend on our suppliers, vendors and other partners to provide the necessary equipment and services that we will need for our continuing operations. Our inability to continue to obtain equipment and raise purchase orders with our suppliers in a timely manner, or at all, could adversely affect our results of operations, financial condition and cash flows. Any significant malfunction or breakdown of our machinery may entail significant repair and maintenance costs and cause delays in our operations. While there have been no instances of slowdown, shutdown or disruption of our manufacturing facilities in the last three Fiscals that had a material impact on our results of operations, financial condition and cash flows, our inability to effectively respond to any shutdown or slowdown and to rectify any disruption, in a timely manner and at an acceptable cost, could lead to delays in the entire production cycle including assembly, an inability to comply with our customers’ requirements and loss of revenue to us and our customers."
lohiacorp,6,"The Indian and global woven raffia machines market faces challenges such as environmental regulations, high capital costs for advanced machinery and competition. We cannot assure you that the demand for our products will continue to grow in the face of these challenges, or that we will be able to successfully navigate such challenges. The global market for woven raffia machines faces threats and challenges, including the following: (Source: F&S Report, page 190) • Environmental regulations and anti-plastic sentiment - Despite being reusable, woven bags are still grouped under broader plastic ban or negative perceptions in many regions. This may limit market growth, particularly in the food grains and consumer packaging sectors, indirectly affecting machinery demand; • High capital costs for advanced machinery - Automation-enabled and energy-efficient machines come at a premium. For many small and mid-sized manufacturers in Asia, Africa, and Latin America, the upfront investment is a barrier without adequate financing or subsidies; • Competition from alternative materials - The growing adoption of biodegradable, paper-based, and jute-based packaging in eco-sensitive markets poses a long-term substitution threat to woven bags, reducing the demand for related machinery; • Raw material and component price volatility - Fluctuating prices of raw materials, electronic components, and motion systems directly impact machine pricing and profitability for both OEMs and buyers, especially during global supply chain disruptions; and • Skilled labour shortages for machine operation - Modern weaving and conversion machines require technical expertise; however, many regions face a shortage of trained operators and maintenance staff, which limits the productive use of advanced machinery. Within India, specific threats and challenges include the following: (Source: F&S Report, page 199) • Stringent environmental regulations - India’s growing focus on sustainability and plastic waste reduction is prompting tighter rules on plastic usage, emissions, and recycling. Machine manufacturers now face the challenge of aligning their equipment with eco-compliance norms, including those that support recyclability, effluent management, and energy efficiency; • Rising competition from low-cost importers: Indian machinery manufacturers have started facing competition from Chinese and other Asian suppliers offering cheaper machines. These foreign players often bundle modern features at competitive prices, pressuring Indian manufacturers to strike a balance between quality, cost, and innovation effectively; • Technology obsolescence and modernization gap: A significant portion of India's existing machinery is outdated, lacking automation, digital controls, or IoT readiness. Upgrading involves high capital expenditure and skilled labour, which many SMEs find difficult to afford or implement without external support or incentives; • Volatility in raw material costs: The woven fabric industry is heavily reliant on petroleum-based polymers, such as polypropylene. Fluctuations in global crude prices directly impact machine utilization and profitability, creating uncertainty for machinery demand cycles; and • Shortage of skilled workforce for digital transition: As machinery becomes more advanced, with the integration of programmable logic controllers, sensors, and AI-based control, there is a growing skills gap in the operator workforce. The lack of trained technicians to manage and maintain modern equipment limits the pace of automation adoption across the industry. We cannot assure you that these factors will not lead to a reduction in demand for our products, or that we will be able to effectively overcome these threats and challenges. A sustained reduction in demand for our products as a result of any or a combination of these factors within the domestic and international markets may adversely affect our results of operations, financial condition and cash flows."
lohiacorp,7,"We have experienced negative cash flows from operating activities in the past. Any negative cash flows from operating activities in the future could adversely affect the results of operations and financial condition. We may in the future experience negative cash flows from operating activities. The details of cash flows from operating activities in the last three Fiscals are as follows: Particulars Restated Financial Information@ Special Purpose Combined and Carve- Out Financial Statements@ (Demerged Business) Fiscal 2026 Fiscal 2025 Fiscal 2024 Fiscal 2024 Consolidated Consolidated Standalone (₹ million) (₹ million) Net cash flows generated from/ (used in) operating activities 3,251.61 1,412.84 (0.10) 1,115.14 @ The Restated Financial Information pertains to our Company for the years ended March 31, 2026, March 31, 2025 and March 31, 2024 while the Special Purpose Combined and Carve-Out Financial Statements pertain to the Demerged Business for the year ended March 31, 2024. Owing to factors such as liabilities, we may have negative cash flows from operating activities. For further details, see the section titled “Management’s Discussion and Analysis of Financial Condition and Results of Operations” beginning on page 392. Any negative operating cash flows over extended periods, or significant negative cash flows in the short term, could adversely affect our results of operations and financial condition."
lohiacorp,8,"Certain companies, which became our Subsidiaries pursuant to the Scheme, have incurred losses in the three preceding Fiscals. Further, our Company incurred loss amounting to ₹ 0.09 million in Fiscal 2024, when it did not have any income, on account of legal and professional charges and miscellaneous expenses. Our Company and our Subsidiaries may incur losses in future. Certain companies which are our Subsidiaries as of March 31, 2026 have incurred losses in last three Fiscals. These companies were not our subsidiaries prior to Fiscal 2025 and only became our subsidiaries pursuant to the transfer of the Demerged Business through the Scheme. The profit/(losses) incurred by each such company in Fiscals 2024, 2025 and 2026 have been set forth in the table below: Subsidiary Fiscal 2026 Fiscal 2025 Fiscal 2024 (₹ million) Sundarlam Industries Private Limited (4.12) 47.20 12.96 Lohia Global Solutions, FZE 13.84 (20.08) (71.26) Leesona Corp. (243.41) (102.12) 38.26 Leesona Machinery Private Limited (0.06) (0.03) -# LDB Importacao Exportacao Ltda (9.24) (11.55) 1.28 OMGM Extrusiontechnik S.R.L^ 4.27 (1.73) -^ ^ Incorporated on February 14, 2024. # Incorporated on December 3, 2024. In addition, our Company did not have any operations prior to the Scheme, pursuant to which the Demerged Business was vested in us and we commenced operations. As a result, our Company did not earn any revenue in Fiscal 2024, but incurred expenses owing to legal and professional charges and miscellaneous expenses in connection with its existence. Consequently, our Company incurred loss of ₹ 0.09 million in Fiscal 2024. There can be no assurance that our Company or our Subsidiaries will not incur losses in the future, which may have an adverse effect on our reputation and business. For further details, see “History and Certain Corporate Matters” on page 242."
lohiacorp,9,"We have in the past entered into related party transactions and may continue to do so in the future. We have entered into transactions with related parties in the past and from, time to time, we may enter into related party transactions in the future. For further details, see “Summary of Related Party Transactions” and “Financial Information –Restated Financial Information - Note 40. Disclosure in respect of related parties pursuant to IndAS 24” on pages 80 and 330, respectively. These transactions include, among others, purchase and sale of goods, other operating revenues and miscellaneous income, sale of manufacturing goods, and financing or investment activities. Certain related party transactions include borrowings taken from Sarjna Capfin Private Limited amounting to ₹ 1,277.20 million and repayment of borrowings to Sarjna Capfin Private Limited in Fiscal 2025 amounting to ₹ 1,284.32 million. Additionally, trade and other receivables amounted to ₹ 343.40 million in Fiscal 2026. All related party transactions have been conducted on an arm’s length basis, in accordance with the Companies Act and other applicable regulations pertaining to the evaluation and approval of such transactions. However, there is no guarantee that we could not have secured more favourable terms with unrelated third parties. Additionally, future related party transactions may arise, potentially leading to conflicts of interest. The table below provides details of related party transactions as a percentage of revenue from operations in the periods indicated: Particulars Restated Financial Information@ Special Purpose Combined and Carve- Out Financial Statements@ (Demerged Business) Fiscal 2026 Fiscal 2025 Fiscal 2024 Fiscal 2024 Consolidated Consolidated Standalone Absolute sum of all related party transactions (₹ million)* 2,063.63 4,593.39 - 2,070.21 Revenue from operations (₹ million) 17,169.95 13,768.72 - 11,658.08 Absolute sum of all related party transactions as a percentage of revenue from operations (%) 12.02% 33.36% - 17.76% * The related party transactions have been included from the standalone financial statements of our Company for Fiscal 2026 and Fiscal 2025. For transactions entered into between subsidiaries inter se, the Restated Financial Information has also been considered. @ The Restated Financial Information pertains to our Company for the years ended March 31, 2026, March 31, 2025, and March 31, 2024 while the Special Purpose Combined and Carve-Out Financial Statements pertain to the Demerged Business for the year ended March 31, 2024. Our Company may provide loans, advances and guarantees to related parties. For instance, our Company has issued a corporate guarantee of ₹ 413.00 million on behalf of Leesona Corp, as of March 31, 2026. Our Company may also provide loans to its Subsidiaries. We cannot assure you that such parties will not default in repayment of such loans, advances or that such guarantees will not be invoked. In the event of any delays in repayment or other defaults, our business, financial condition and results of operations may be adversely affected. All related party transactions that we may enter into post-listing, will be subject to an approval by our Audit Committee, Board, or Shareholders, and other disclosure requirements as required under the Companies Act and the SEBI Listing Regulations. Any such related party transactions in the future may potentially involve conflicts of interest which may be detrimental to the interest of our Company and we cannot assure you that such transactions, individually or in the aggregate, will always be in the best interests of our minority shareholders and will not have an adverse effect on our business, results of operations, financial condition and cash flows."
lohiacorp,10,"We are exposed to foreign currency fluctuation risks, particularly in relation to import of raw materials and export of products, which may adversely affect our results of operations, financial condition and cash flows. We face foreign exchange rate risk to the extent that our revenue, expenses, assets or liabilities are denominated in a currency other than the Indian Rupee. Our financial statements are presented in Indian Rupees. To a large extent, our revenue and expenses are influenced by the currencies in which we invoice our exports or import our raw materials. Set forth below are details of (i) revenue from operations from overseas operations, and (ii) expenditure on consumption of imported raw material, in each of the corresponding periods: Particulars Restated Financial Information@ Special Purpose Combined and Carve- Out Financial Statements@ (Demerged Business) Fiscal 2026 Fiscal 2025 Fiscal 2024 Fiscal 2024 Consolidated Consolidated Standalone Amount (₹ million) Percentag e of revenue from operation s (%) Amount (₹ million) Percentag e of revenue from operation s (%) Amount (₹ million) Percentag e of revenue from operation s (%) Amount (₹ million) Percentage of revenue from operations (%) Revenue from operations (overseas) 7,242.56 42.18% 8,010.54 58.18% - - 5,770.47 49.50% Expenditure on consumption of imported raw material* 1,551.35 16.06% 1,137.12 8.26% - - 1,010.61 8.67% * Represents cost of materials consumed, purchases of stock-in-trade and changes in inventory. @ The Restated Financial Information pertains to our Company for the years ended March 31, 2026, March 31, 2025 and March 31, 2024 while the Special Purpose Combined and Carve-Out Financial Statements pertain to the Demerged Business for the year ended March 31, 2024. For details on the exchange rates between the Indian Rupee and the currencies we transact in, see “Management’s Discussion and Analysis of Financial Condition and Results of Operations – Global Operations and Foreign Exchange” beginning on page 395. Set forth below are the amounts of revenue earned in different currencies in the corresponding periods: Particulars Restated Financial Information@ Special Purpose Combined and Carve- Out Financial Statements@ (Demerged Business) Fiscal 2026 Fiscal 2025 Fiscal 2024 Fiscal 2024 Consolidated Consolidated Standalone Amount (₹ million) Percentag e of revenue from operation s (%) Amount (₹ million) Percentag e of revenue from operation s (%) Amount (₹ million) Percentag e of revenue from operation s (%) Amount (₹ million) Percentage of revenue from operations (%) U.S. dollar 5,696.78 33.18% 6,031.31 43.80% - - 4,165.72 35.73% Euro 1,058.93 6.17% 1,381.38 10.03% - - 1,070.33 9.18% AED 3.02 0.02% 0.46 0.01% - - 53.40 0.46% JPY 3.92 0.02% 3.20 0.02% - - 0.87 0.01% CNY - - - - - - 9.73 0.08% INR 10,392.83 60.53% 6,351.63 46.13% - - 6,356.18 54.52% BRL 14.47 0.08% 0.74 0.01% - - 1.85 0.02% Total 17,169.95 100.00% 13,768.72 100.00% - - 11,658.08 100.00% @ The Restated Financial Information pertains to our Company for the years ended March 31, 2026, March 31, 2025 and March 31, 2024 while the Special Purpose Combined and Carve-Out Financial Statements pertain to the Demerged Business for the year ended March 31, 2024. We have borrowings denominated in foreign currencies that may witness adverse fluctuation as a result of variation in the exchange rate. Further, while we seek to hedge our foreign currency risk by entering into foreign exchange forward contracts and derivative instruments, any steps undertaken to hedge the risks due to fluctuations in currencies may not adequately hedge against any losses that we incur due to such fluctuations. Set forth below are details of our unhedged foreign currency exposure (net outflow) as of each of the corresponding dates: Particulars Restated Financial Information@ Special Purpose Combined and Carve- Out Financial Statements@ (Demerged Business) Fiscal 2026 Fiscal 2025 Fiscal 2024 Fiscal 2024 Consolidated Consolidated Standalone Unhedged foreign currency exposure (net outflow) (₹ million) (117.00) (492.00) - (780.00) @ The Restated Financial Information pertains to our Company for the years ended March 31, 2026, March 31, 2025 and March 31, 2024 while the Special Purpose Combined and Carve-Out Financial Statements pertain to the Demerged Business for the year ended March 31, 2024. For details, see “Management’s Discussion and Analysis of Financial Condition and Results of Operations – Global Operations and Foreign Exchange” beginning on page 395."
lohiacorp,11,"Our inability to handle risks associated with our export sales and our international operations, including the imposition of tariffs or other anti-outsourcing legislation, could negatively affect our sales to customers in foreign countries, as well as our operations and assets in such countries. We derive a portion of our revenues from operations and conduct business outside India. Set forth below are details of overseas revenues from operations, including from the top five countries, in each of the corresponding periods: Particulars Restated Financial Information@ Special Purpose Combined and Carve- Out Financial Statements@ (Demerged Business) Fiscal 2026 Fiscal 2025 Fiscal 2024 Fiscal 2024 Consolidated Consolidated Standalone Amount (₹ million) Percentag e of revenue from operation s (%) Amount (₹ million) Percentag e of revenue from operation s (%) Amount (₹ million) Percentag e of revenue from operation s (%) Amount (₹ million) Percentage of revenue from operations (%) Revenue from operations (overseas) 7,242.56 42.18% 8,010.54 58.18% - - 5,770.47 49.50% Revenues from sales outside India (top countries)* 1,902.32 11.08% 2,476.14 17.98% - - 1,927.99 16.54% * Top 5 countries to which products were exported differ for each year. @ The Restated Financial Information pertains to our Company for the years ended March 31, 2026, March 31, 2025 and March 31, 2024 while the Special Purpose Combined and Carve-Out Financial Statements pertain to the Demerged Business for the year ended March 31, 2024. The tables below set forth details of revenue generated from exports to the top 5 jurisdictions for the corresponding periods: Restated Financial Information Fiscal 2026 Consolidated Amount (₹ million) Percentage of revenue from operations (%) Saudi Arabia 467.37 2.72% USA 385.29 2.24% Bangladesh 372.95 2.17% Brazil 356.36 2.08% Thailand 320.35 1.87% Restated Financial Information* Fiscal 2025 Consolidated Amount (₹ million) Percentage of revenue from operations (%) Egypt 603.80 4.39% Iraq 579.31 4.21% USA 549.82 3.99% Sri Lanka 387.59 2.82% Indonesia 355.62 2.58% * Note: Our Company had no operations in Fiscal 2024, and the Restated Financial Information for Fiscal 2024 consequently includes no revenue from exports. Special Purpose Combined and Carve-Out Financial Statements (Demerged Business) Fiscal 2024 Amount (₹ million) Percentage of revenue from operations (%) Algeria 466.64 4.00% Indonesia 435.35 3.73% Russian Federation 411.90 3.53% Brazil 309.88 2.66% Bangladesh 304.22 2.61% Further, we have manufacturing operations across India, USA and Italy, as well as sales offices and international offices in India, Brazil, Russia, Thailand, and UAE. In addition, we have warehouses in India, UAE and USA. For details, see “Our Business – Business Development and Sales” on page 228. The markets in which we operate are diverse and fragmented, with varying levels of economic and infrastructure development and distinct legal and regulatory systems, and may not operate seamlessly across borders as a single or common market. Our international operations are subject to, among other risks and uncertainties, the following: • Efforts to introduce or expand tariffs on import of manufactured goods and incentives for domestic companies to set up manufacturing facilities within the respective countries. For instance, the US has imposed significant tariffs on Indian imports, which may affect our sales in the US. Policy changes and proposals such as the imposition of higher tariffs on imports into the United States of America may lead to greater restrictions and economic disincentives on international trade, while new tariffs and other changes in the trade policy may trigger retaliatory actions; • Changes in foreign laws, regulations and policies, including restrictions on trade, import and export license requirements, taxes, repatriation of revenues or profits from foreign jurisdictions into India, intellectual property enforcement issues and changes in foreign trade and investment policies; • Demand for our products by our customers located outside India; • Pricing pressures and competition in each jurisdiction of our operations; • Social, economic, political, geopolitical conditions and adverse weather conditions, such as natural disasters, civil disturbance, terrorist attacks, war or other military action would affect our business and operations. For example, such a disruption may prevent us from production or delivery of our products to our customers; • Compliance with local laws, including legal constraints on ownership and corporate structure, environmental, health, safety, labour and accounting laws, may impose onerous and expensive obligations on our foreign subsidiaries; • Challenges caused by distance, language and cultural differences; • Potential damage to our brand and reputation due to compliance with local laws, including requirements to provide information to local authorities; • Imposition of international sanctions on one or more of the countries in which we operate; and • Fluctuations in foreign currency exchange rates against the Indian Rupee, may affect our results of operations, the value of our foreign assets, such as export receivables and various investments, the relative prices at which we and our competitors sell products in the same markets and the cost of certain inventory and non-inventory items required for our operations. For instance, fluctuation of the Euro and U.S. dollar would have an impact on the export revenues and profits of our operations. Managing operations across multiple jurisdictions requires significant resources and coordination, as differences in business practices, cultural norms, and regulatory environments can complicate our management processes and decision-making. In addition, we continue to benefit from certain export incentives provided by the GoI, such as duty drawbacks and the Remission of Duties and Taxes on Export Products scheme or the Export Promotion Capital Goods scheme. In Fiscals 2026 and 2025, such export incentives amounted to ₹ 200.69 million and ₹ 193.88 million, respectively, as per the Restated Financial Information. In Fiscal 2024, such export incentives amounted to ₹ 155.29 million, as per the Special Purpose Combined and Carve-Out Financial Statements. Any revocation of such incentives, or our ineligibility to avail of them, may lead us to incur additional expense in our exports process. Any of these risks could have an adverse effect on our business, results of operations, financial condition and cash flows."
lohiacorp,12,"Under-utilization of our manufacturing capacity and an inability to effectively utilize our manufacturing, developmental and support services infrastructure could have an adverse effect on our business, results of operations, financial condition and cash flows. The success of any machine manufacturing business is dependent upon regular technological upgradation, hiring and retention of qualified and experienced personnel, and their satisfactory performance; and the ability to absorb additional infrastructure costs and develop new expertise. Our capacity utilization is also affected by the capital goods procurement plan of our customers, which is dependent upon business cyclicality and seasonality of end-user industries, although our business itself is not inherently seasonal in nature. In recent times, we have made investments for modernisation of our manufacturing capacities and are continuing to undertake additional investments to optimise our existing capacity. Our expected return on capital invested is subject to, among other factors, the ability to ensure satisfactory performance of personnel to further grow our business, our ability to absorb additional infrastructure costs and utilize the capacities as anticipated. In case of oversupply in the industry or lack of demand we may not be able to utilise our expanded capacity efficiently. For information on our product-wise installed capacity, actual production and capacity utilization, see “Our Business – Installed Capacity, Actual Production and Capacity Utilization” on page 224. Under-utilization of our manufacturing capacity over extended periods, or significant under-utilization in the short term, could materially and adversely impact our business, growth prospects and future financial performance. Further, we may make investments towards improving specific processes to increase our manufacturing capacity, but such investments may not be successful in increasing our capacity or yield the desired returns. In addition, we have leased warehouses and sales offices in different jurisdictions which are similarly subject to the risk of under-utilization. Our capacity utilization is affected by the availability of industry or market conditions as well as by the requirements of, and procurement practice followed by, our customers. Further, if our customers have lower demand than anticipated, including due to our machines’ extended useful life or durability, or cancel existing orders or change their policies, resulting in reduced quantities being supplied by us, it could result in the under-utilization of our production capacities. While there have been no such instances in the last three Fiscals which had a material impact on our business, results of operations and financial condition, changes in demand could reduce our ability to estimate accurately future customer requirements, make it difficult to schedule production and lead to over production or utilization of our production capacity, which could adversely affect our business, results of operations, financial condition and cash flows."
lohiacorp,13,"We face significant competitive pressures in our industry. Our inability to compete effectively would be detrimental to our business and prospects for future growth. We face significant competition in our business from other woven raffia machine manufacturers. For details, see “Industry Overview” beginning on page 150. Key players in the global market include Starlinger & Co. GmbH, Yongming Machinery, Hengli Machinery, Tianfeng Plastic Machinery, Polystar, and JP Extrusiontech, among others. (Source: F&S Report, page 192) We are a market leader in the domestic woven Raffia machines market, with a dominant market share of 40.7% by value, in Fiscal 2025 and 52.8% in Fiscal 2024. (Source: F&S Report, page 200) Our sales and business face risks relating to rapid technological change, the development of new machinery and their rapid obsolescence, evolving industry standards and significant price erosion or depreciation over the life of our machinery. We primarily compete based on the following: • product functionality, quality and reliability; • design, technical skill; • research and development; • production capabilities; • ability to meet customers’ order requirements and delivery schedules; • customer relationships and after-sales-services; and • product price. There can be no assurance that we will maintain our competitiveness in any of these areas with respect to any of our products. While we work to offset pricing pressures, introduce new products, advance our technological capability, improve our services and enhance our production efficiency to reduce costs, such efforts may not be successful. Also, as we plan to expand our offerings to launch new products, we may face strong competition from other players in the same markets. Many of our existing and potential competitors may seek to be at par with us or exceed us in terms of their financial, production, sales, marketing and other resources. If we fail to compete effectively in the future, our results of operations, financial condition and cash flows could be adversely affected."
lohiacorp,14,"Information relating to our production capacities and the historical capacity utilization of our manufacturing facilities included in this Red Herring Prospectus is based on various assumptions and estimates and future production and capacity utilization may vary. Information relating to our production capacities and the capacity utilization of our manufacturing facilities included in this Red Herring Prospectus is based on various assumptions and estimates of our management that have been taken into account by the chartered engineer in the calculation and verification of our capacity, as well as assembling capacities of different machines, availability of covered surface area, capacity of handling equipment and adjusting it for a wide range of actual processes and batch sizes. The calculation of installed capacity is based on certain assumptions such as assembling capacities of different machines, availability of covered surface area, capacity of handling equipment and adjusting it for a wide range of actual processes and batch sizes. Manufacturing facilities at different plants are common for products being manufactured in those plants, therefore, the installed capacity for different products is interchangeable to a large extent. While we register details of our installed capacity with the Secretariat for Industrial Assistance, Ministry of Commerce & Industry, such capacities are registered on the basis of key product lines and may not account for products in which we provide purely assembly functions or which involve modifications to our existing product lines. Accordingly, our installed capacity included in this Red Herring Prospectus may not be comparable with the registered capacity as provided to the Secretariat for Industrial Assistance, Ministry of Commerce & Industry. Actual production levels and utilization rates may differ significantly from the estimated production capacities or historical estimated capacity utilization information of our facilities."
lohiacorp,15,"We are expected to comply with quality requirements imposed by our customers and any product defect issues or failure by us or our raw material suppliers to comply with quality standards may lead to the cancellation of existing and future orders, recalls or warranty and exposure to potential product liability and other customer claims which in turn could adversely affect our business, results of operations, financial condition and cash flows. We face an inherent business risk of exposure to product defects, quality complaints and subsequent liability claims if the use of any of our products results in personal injury or property damage. We and our suppliers may not be able to meet quality standards imposed by our customers and applicable to our manufacturing processes, which could have a material adverse effect on our business, results of operations, financial condition and cash flows. We are subject to product liability and other claims from customers or third parties, in connection with (i) the non- compliance of these products or services with the customer’s specifications, due to faults in design or production, (ii) the delay or failed supply of the products or the services indicated in the contract or purchase order, or (iii) defaults and/or delays in delivery, rendering of after-sale services and maintenance and revision of products. These liabilities might arise from causes that are directly attributable to us or causes that are attributable to third parties which act as our suppliers or sub-contractors. If any of our products do not meet quality standards or are defective, we may be, inter alia, (i) responsible for damages, refunds or credits relating to any defective products, (ii) required to replace, recall or redesign such products or (iii) incur significant costs to defend any such claims. We usually provide warranty against manufacturing defects on our products. For example, warranty for manufacturing defects is typically provided for 12 months from the date of commissioning or 15 months from the date of shipment of machines, whichever is earlier, over components other than electrical/ electronic items. Any defect in our finished products, based on quality of other specifications, may result in customers making a warranty claim. Set forth below are details of warranty claims in the ordinary course of business, as well as the provisions made for such warranties, in each of the corresponding years: Particulars Restated Financial Information@ Special Purpose Combined and Carve-Out Financial Statements@ (Demerged Business) As of/ For the year ended March 31, As of/ For the year ended March 31, 2026 2025 2024 2024 Consolidated Consolidated Standalone (₹ million) Percenta ge of revenue from operation s (%) (₹ million) Percenta ge of revenue from operation s (%) (₹ million) Percenta ge of revenue from operation s (%) (₹ million) Percentage of revenue from operations (%) Warranty claims made against our products in the ordinary course of our business 63.36 0.37% 69.39 0.50% - - 87.02 0.75% Provision for warranties 104.63 0.61% 89.63 0.65% - - 80.00 0.69% @ The Restated Financial Information pertains to our Company for the years ended March 31, 2026, March 31, 2025 and March 31, 2024 while the Special Purpose Combined and Carve-Out Financial Statements pertain to the Demerged Business for the year ended March 31, 2024. Although we typically make provisions for customer warranty claims, insurance for product liability is typically not available due to the nature of the sector in which we operate. There may be events such as supplier defects that could significantly impact our operations, or expose us to third-party liabilities, which could adversely affect our business, results of operation and financial condition. Furthermore, material breaches by us in the performance of our obligations may lead to customers choosing to discontinue their relationship with us in future. In addition, any accident, failure, incident or liability could negatively affect our reputation among our customers and the public, thereby making it more difficult for us to compete effectively, and could significantly impact our costs. We cannot assure you that we or our component suppliers comply or can continue to comply with all regulatory requirements or the quality requirement standards of our customers. The long useful life of some our products makes it possible that latent defects might not appear for several years. While there have been no such instances in the last three Fiscals which had a material impact on our business, results of operations and financial condition, we cannot assure you that any future non-compliance with quality expectations and specifications set out by our customers will not have an adverse effect on our business, results of operations, financial condition and cash flows. Further, in connection with certain products that we export, we may be required to provide performance bank guarantees as a percentage of the value of machines. While we have not had any instances where a performance bank guarantee has been invoked by a customer owing to unsatisfactory performance of machines supplied by us in the last three Fiscals, we cannot assure you that we will not be subject to invocation of such bank guarantees in future. We also have service engineers stationed at various locations in India and overseas, who provide support in erection and commissioning of machinery and provide after-sales services in their respective regions. If these service engineers fail to maintain quality standards or provide satisfactory after-sales services, our reputation may be adversely affected. The failure by us or any of our suppliers to achieve or maintain quality standards may disrupt our ability to supply products sufficient to meet demand until compliance is achieved or until a new supplier has been identified and evaluated. The quality of raw materials and the goods we trade in will have an impact on the quality of the finished products and in turn affect our brand image, business and revenue. There is no assurance that our products will always meet the satisfaction of our customers’ quality standards. Our or our component supplier’s failure to comply with applicable regulations could cause adverse consequences to be imposed on us, including warning letters, fines, injunctions, civil penalties, the refusal of regulatory authorities to grant approvals, delays, suspensions or withdrawal of approvals, license revocation, seizures or recalls of products, operating restrictions and criminal prosecutions, all of which could harm our business. There can be no assurance that if we need to engage new suppliers to satisfy our business requirement, we will be able locate new suppliers in compliance with regulatory requirements in a timely manner, or at all. While there have been no such instances in the last three Fiscals which had a material impact on our business, results of operations and financial condition, failure to comply with quality standards could lead to the cancellation of existing and future orders and have an adverse effect on our business, results of operations, financial condition and cash flows."
lohiacorp,16,"Failure to maintain or improve our product offerings and technology infrastructure could harm our business, results of operations, financial condition and cash flows. As a technology and innovation driven company with a focus on R&D, we possess technical knowledge about our products which has been built up through our own experiences and investment in our in-house R&D capabilities. As at March 31, 2026, we had 251 on-roll employees engaged in R&D activities, representing 12.49% of our total on-roll manpower. Set forth below are details of R&D expenditure in each of the corresponding periods: Particulars Restated Financial Information@ Special Purpose Combined and Carve-Out Financial Statements@ (Demerged Business) Fiscal 2026 Fiscal 2025 Fiscal 2024 Fiscal 2024 Consolidated Consolidated Standalone (₹ million) Percentag e of revenue from operation s (%) (₹ million) Percentag e of revenue from operation s (%) (₹ million) Percentag e of revenue from operation s (%) (₹ million) Percentage of revenue from operations (%) Expenditure on R&D 518.33 3.02% 371.13 2.70% - - 367.97 3.16% @ The Restated Financial Information pertains to our Company for the years ended March 31, 2026, March 31, 2025 and March 31, 2024 while the Special Purpose Combined and Carve-Out Financial Statements pertain to the Demerged Business for the year ended March 31, 2024. Our future success may depend in part on our ability to respond to technological advances and emerging standards and practices on a cost effective and timely basis. The development and commercialization of new products is complex, time-consuming and costly, and its outcome is inherently uncertain. Due to the long lead times associated with development for many of the machinery and equipment, as well as the competitive advantage that can come from being the initial developer of a new product, it is important that we maintain a sufficiently large portfolio of machinery and equipment and a product pipeline and manage their development processes so as to bring our systems and components to market on a timely basis. We cannot assure you that we will be able to successfully make timely and cost-effective enhancements and additions to the technology underpinning our operational platform, keep up with technological improvements in order to meet our customers’ needs or that the technology developed by others will not render our services less competitive or attractive. In addition, rapid and frequent technology and market demand changes can often render existing technologies and equipment obsolete, requiring substantial new capital expenditures or write-down of assets. Our failure to anticipate and adequately respond to evolving technical and technological specifications and market trends may adversely affect our business, financial condition, results of operations and prospects. Planned product upgrades may be subject to unanticipated delays or our competitors’ products may be more effective or innovative and/or less expensive or may garner larger market share due to other reasons beyond our present knowledge or control, thus yielding lower sales and profits relative to our expectations. Our failure to successfully adopt such technologies in a cost effective and a timely manner could increase our costs (in comparison to our competitors who are able to successfully implement such technologies) and lead to us being less competitive in terms of our prices or quality of services we provide. Further, implementation of new or upgraded technology may not be cost effective, which may adversely affect our profitability. Any of the above events may adversely affect our results of operations, financial condition and cash flows."
lohiacorp,17,"Activities involving our manufacturing and assembly process can be dangerous and can cause injury to people or property in certain circumstances. Further, we may be required to work with hazardous materials and such activities in our operation can be dangerous, which could cause injuries to people or property. A significant disruption at any of our manufacturing facilities may adversely affect our production schedules, costs, sales and ability to meet customer demand. Our business involves complex manufacturing processes that can be dangerous to our employees. Although we provide necessary training and employ safety procedures, including providing safety equipment on the shop floor, in the operation of our facilities and maintain what we believe to be adequate insurance, there is a risk that an accident or death may occur in any of our facilities. An accident may result in loss of life or injury, destruction of property or equipment, environmental damage, manufacturing or delivery delays, or may lead to suspension of our operations and/or imposition of liabilities. Any such accident may result in litigation, the outcome of which is difficult to assess or quantify, and the cost to defend such litigation can be significant. As a result, the costs to defend any action or the potential liability resulting from any such accident or death or arising out of any other litigation, and any negative publicity associated therewith, may have a negative effect on our business, results of operations, financial condition and cash flows. While we maintain legally mandated insurance policies such as group personal accident and medical insurance policies for our permanent and contractual employees, we cannot assure you that the coverage under such policies will be sufficient to cover loss sustained or that an affected employee or third party will not additionally seek legal recourse against us. For details, see “- Our insurance coverage may not be adequate to protect us against all potential losses, which may have a adverse effect on our business, results of operations, financial condition and cash flows” on page 44. While we have not experienced any such instances in the last three Fiscals which had a material impact on our business, results of operations and financial condition, if operations at our manufacturing facilities were to be disrupted as a result of any significant workplace accident, equipment failure, natural disaster, power outage, fire, explosion, terrorism, adverse weather conditions, labour dispute, obsolescence or other reasons, our financial performance may be adversely affected as a result of our inability to meet customer demand or committed delivery schedules for our products. Nevertheless, events such as the COVID-19 pandemic may lead to temporary closure of our manufacturing facilities and lead to disruption in our production schedules, costs, sales, or ability to meet customer demand. Interruptions in production may also increase our costs and reduce our sales and may require us to make substantial capital expenditures to remedy the situation or to defend litigation that we may become involved in as a result, which may negatively affect our results of operations, financial condition and cash flows. Our operations are also subject to operating risks associated with machinery manufacturing, including related to handling and storage of raw materials used in our manufacturing processes. Our operations involve handling hazardous materials such as chromium for chromium plating of parts/ components, which can cause accidents resulting in serious injuries or death of employees or other persons, if improperly handled, and cause damage to our properties and the properties of others. Despite compliance with requisite safety requirements and standards, our operations are subject to significant hazards, including: • explosions; • fires; • mechanical failures and other operational problems; • inclement weather and natural disasters; and • other environmental risks. The occurrence of any of these hazards could result in a suspension of operations and the imposition of civil or criminal liabilities. While we maintain insurance policies such standard fire and special perils insurance covering our buildings and manufacturing facilities, we cannot assure you that the coverage under such policies will be sufficient to cover any losses sustained. The loss or shutting down of our facilities could disrupt our business operations and adversely affect our results of operations, financial condition and reputation. While there have been no such instances in the last three Fiscals which had a material impact on our business, results of operations and financial condition, we cannot assure you that such instances will not take place in the future. We may also face claims and litigation, in India or overseas, filed on behalf of persons alleging injury predominantly as a result of occupational exposure to hazards at our facilities. If these claims and lawsuits, individually or in the aggregate, are resolved against us, our business, results of operations, financial condition and cash flows could be adversely affected."
lohiacorp,18,"We have incurred indebtedness and are required to comply with certain restrictive covenants under our financing agreements. Any non-compliance may lead to, amongst others, accelerated repayment schedule, enforcement of security and suspension of further drawdowns, which may adversely affect our business, results of operations, financial condition and cash flows. Some of the financing arrangements entered into by us include conditions that require our Company to obtain respective lenders’ consent prior to carrying out certain activities and entering into certain transactions. As of May 31, 2026, we had total borrowings of ₹ 1,391.09 million. Failure to meet these conditions or obtain these consents could have significant consequences on our business and operations. These covenants vary depending on the requirements of the financial institution extending such loan and the conditions negotiated under each financing agreement. Some of the corporate actions that require prior consents from certain lenders include, amongst others, (a) any change in the ownership, shareholding pattern, promoter and promoter group shareholding, management control, or any change in the majority shareholding of our Company, (b) amendment in the constitutional documents of the Company including the memorandum of association and articles of association of the Company, (c) implementing any scheme of expansion, modernisation, diversification, other than incurring routine capital expenditure, (d) entering into any scheme for merger, de-merger, consolidation, re-organization, arrangement, takeover, reconstruction and/or undertaking a buyback; (e) diversification into non-core business areas; (f) undertaking additional capex (except maintenance capex being funded by our internal accruals); (g) further investments into other entities; (h) providing guarantee obligations for third parties; (i) extending loans to group companies, subsidiaries or third parties; and (j) selling or assigning any fixed assets provided as security for loans availed. While we have received all relevant consents required for the purposes of this Offer and have complied with these covenants, a failure to comply with such covenants in the future may restrict or delay certain actions or initiatives that we may propose to take from time to time. While we have not defaulted on any covenants in financing agreements in the last three Fiscals, we cannot assure you that this will continue to be the case in the future. A failure to observe the covenants under our financing arrangements or to obtain necessary consents/ waivers, constitute defaults under the relevant financing agreements and will entitle the respective lenders to declare a default against us and enforce remedies under the terms of the financing agreements, that include, among others, acceleration of amounts due under such facilities, enforcement of any security interest created under the financing agreements and taking possession of the assets given as security in respect of the financing agreements. If the obligations under any of our financing documents are accelerated, we may have to dedicate a portion of our cash flow from operations to make payments under such financing documents, thereby reducing the availability of cash for our working capital requirements and other general corporate purposes. In addition, during any period in which we are in default, we may be unable to raise, or face difficulties raising, further financing. A default by us under the terms of any financing agreement may also trigger a cross-default under some of our other financing agreements, or any other agreements or instruments of our containing cross-default provisions, which may individually or in aggregate, have an adverse effect on our operations, financial position and credit rating. For further details of our borrowings, including restrictive covenants in our loan documentation, see “Financial Indebtedness” on page 434. In addition, our net debt to equity ratio as at March 31, 2026 was 0.23 times and as at March 31, 2025 was 0.47 times, as per the Restated Financial Information. As at March 31, 2024, the net debt to equity ratio was 1.06 times as per the Special Purpose Combined and Carve-Out Financial Statements of the Demerged Business. Any material increase in our debt to equity ratio in the future could reduce our financial flexibility and affect our ability to negotiate favourable terms in our financing agreements. Further, the cost and availability of our capital also depends on our credit ratings. Credit ratings reflects the opinion of the rating agency on our management, track record, diversified clientele, increase in scale and operations and margins, medium term revenue visibility and operating cycle. For more information, see “- Our ability to access capital depends on our credit ratings. The non-availability or downgrade of our credit ratings could restrict our access to capital and adversely affect our business, results of operations, financial condition and cash flows” on page 43."
lohiacorp,19,"Orders in our order book may be delayed, truncated, modified, or cancelled, and may not translate into confirmed orders, which may have an adverse effect on our business, results of operation, financial condition and cash flows. We have, in this Red Herring Prospectus, included information regarding our order book. For further information, see “Basis for Offer Price – Key Performance Indicators” on page 131. Order book means the value of the outstanding order book as of the respective dates, which is calculated as the total value of purchase orders and commitments received by our Company from its customers during the financial year/ period (excluding cancelled purchase orders and commitments), net of the sale of finished goods during the same period as increased by the outstanding purchase orders and commitments as at the previous reporting date. The value of orders and commitments received in foreign currencies has been translated into Indian Rupees at the closing exchange rates prevailing as at the respective reporting dates. As of March 31, 2026 and March 31, 2025, our order book stood at ₹ 13,585.17 million and ₹ 8,284.57 million and as of March 31, 2024, the Demerged Company’s order book stood at ₹ 7,692.40 million. Our order book information included in this Red Herring Prospectus is not audited and only indicates our future revenue but the same may not be actualised. Our order book should not be considered in isolation or as a substitute for performance measures. Delays or deferrals of orders, modifications in the scope including truncation of order size, changes in customer requirements or cancellations of orders may occur from time to time. Accordingly, the realization of our order book and the effect on our results of operations may vary significantly between reporting periods depending on the nature of such contracts, actual performance of such contracts, as well as the stage of completion of such contracts as of the relevant reporting date. We may incur expenses due to delays and our counterparties may refuse to grant extensions, seek liquidated damages due to our failure to perform our orders within required timelines and even terminate our contracts. The costs incurred in such instances will not be reimbursable, which could have an adverse impact on our business, results of operations and cash flows. Due to the possibility of cancellations or changes in scope and schedule of the orders we are required to perform, we cannot predict with certainty when, if or to what extent, orders in our order book will actually be performed. Any delay, cancellation or payment default could have an adverse effect on our business, results of operations, financial condition and cash flows."
lohiacorp,20,"Certain of our manufacturing facilities, service centre, offices are located on leased premises. Certain of our facilities are substantially located on leased properties from third parties. Typically, the term of our leases ranges from 11 months to 90 years and are subject to lock-in for a certain duration over the respective term of such lease. The underlying lease agreement for one of our warehouses located in Morbi, Gujarat, expired on April 30, 2026, and we are in the process of renewing the same. While deliberations are underway, we cannot guarantee that the lease agreement will be renewed for another term. We are required to pay a security deposit, specified monthly rentals and common area maintenance charges for the duration of our lease agreements, subject to periodic escalations at agreed rates. These lease agreements may be terminated in accordance with their respective terms, and any termination or non-renewal of such leases could adversely affect our operations. Further, our properties in Panki Industrial Estate, Kanpur, Uttar Pradesh have been obtained on long-term lease from the Uttar Pradesh State Industrial Development Authority (“UPSIDA”), and remain subject to any decision by UPSIDA to revoke such lease, or not renew the lease at the end of its expiry. In addition, we do not have a separate lease agreement for use of the premises on which our manufacturing facility in Como, Italy is situated. The minority shareholder of OMGM, which operates the manufacturing facility, has agreed to provide a designated space free of charge to OMGM until it starts generating revenue. Further, some of our lease agreements may not have been duly stamped as per applicable law or registered with the registering authority of the appropriate jurisdiction. An instrument not duly stamped, or insufficiently stamped, is not admissible as evidence in an India court and we may be subject to penalties under applicable law which could adversely affect our business. For further details, see “Our Business – Properties” on page 232. While there are no instances of non-compliance of the terms of our lease agreements in the last three Fiscals which had a material impact on our business, results of operations and financial condition, there can be no assurance that there will be no such non-compliance leading to termination of such leases in the future. Any change in the terms and conditions of the lease agreements and any premature termination of such lease agreements may have an adverse impact on our business operations. Any adverse impact on the title and ownership rights of the owners from whose premises we operate, breach of the contractual terms of any lease deeds, or any inability to renew such agreements on acceptable terms may also affect our business operations. In addition, the terms of certain of our leases require us to obtain the lessor’s prior consent for certain actions, including making structural alterations to the leased premises, which may be required if we were to undertake an expansion in the future. For instance, for the purpose of the Offer and the consequent amendments to our AOA, we require prior consent from UPSIDA, the lessor of our properties in Panki Industrial Area, Kanpur. We have applied to the UPSIDA for such consent and sent a reminder letter, which have been delivered to and received by the UPSIDA, although the UPSIDA has not formally responded to these letters. There can be no assurance that we will be able to obtain such consents or retain or renew such leases on same or similar terms, or that we will find alternate locations for the existing offices on terms favorable to us, or at all. In the event we intend to expand the capacity of our facilities, and require additional land for such purposes, we cannot assure you that we will be able to identify or acquire adequate land either on a freehold or leasehold basis, or that land acquisitions will be completed in a timely manner, at acceptable costs and/or on commercially reasonable terms, without opposition or relocation and resettlement costs, or at all. The cost of acquiring land on a leasehold basis for our facilities may be higher than we estimated and is subject to a number of factors, including the type of land being acquired, market prices, the level of economic development in the area where the land is located and government regulations pertaining to the price of land, among others. In addition, we may face significant opposition to the construction of our facilities from local communities, non-government organizations and other parties. Such opposition or circumstances may be beyond our control. If we are unable to acquire the required amount of land for our facilities, the viability and efficiency of such projects may be affected. In addition, any inability to complete the acquisition of the necessary land in a timely manner may cause construction delays. The occurrence of any such event could have an adverse effect on our business, results of operations, financial condition and cash flows."
lohiacorp,21,"Our past performance may not be indicative of our future growth. If we are unable to sustain or manage our growth or implement our strategies, our business, results of operations, financial condition and cash flows may be adversely affected. The Scheme has enabled us to grow our operations since it became effective in May 2024 (from April 1, 2024 onwards), and in Fiscals 2026 and 2025, our revenue from operations on a consolidated basis stood at ₹ 17,169.95 million and ₹ 13,768.72 million, respectively, while our EBITDA (calculated as profit/(loss) before exceptional items and finance cost, depreciation and amortisation expenses and total tax expenses) was ₹ 3,394.51 million and ₹ 2,286.02 million, respectively. We may not be able to grow our operations due to a variety of reasons including a decline in the demand for machines for manufacturing woven fabric/ sacks, increased price competition, the lack of availability of raw materials, lack of management availability or a general slowdown in the economy. A failure to sustain our growth may have an adverse effect on our business, results of operations and financial condition. We are embarking on a growth strategy that involves increasing the market share of our products, strengthening our position in the conversions and processing machineries segment in India, improving our operational efficiencies through process improvements and augmenting our scale of operations through selective strategic acquisitions and technical alliances. For details, see “Our Business – Business Strategies” beginning on page 212. Our growth strategy will place significant demands on our management as well as our financial, accounting and operating systems. Further, as we scale-up and diversify our products, we may not be able to execute our operations efficiently, which may result in delays, increased costs and lower quality products. We cannot provide assurances that our future performance or growth strategy will be successful. Our failure to manage our growth effectively may have an adverse effect on our business, results of operations, financial condition and cash flows."
lohiacorp,22,"Our business is manpower intensive. Our business may be adversely affected by work stoppages, increased wage demands by our employees, or increase in minimum wages across various states, inability to attract or train skilled personnel and if we are unable to engage new employees at commercially attractive terms. The success of our operations depends on availability of labour and maintaining a good relationship with our workforce. Our success also depends on our ability to attract, hire, train and retain skilled workers. As of March 31, 2026, our Company had 2,010 permanent employees on our payroll and 1,099 contract labourers. Set forth below are details of employee benefits expense in each of the corresponding periods: Particulars Restated Financial Information@ Special Purpose Combined and Carve- Out Financial Statements@ (Demerged Business) Fiscal 2026 Fiscal 2025 Fiscal 2024 Fiscal 2024 Consolidated Consolidated Standalone (₹ million) Percenta ge of revenue from operatio ns (%) (₹ million) Percenta ge of revenue from operatio ns (%) (₹ million) Percenta ge of revenue from operatio ns (%) (₹ million) Percentage of revenue from operations (%) Employee benefits expense 1,917.84 11.17% 1,800.46 13.08% - - 1,836.22 15.75% @ The Restated Financial Information pertains to our Company for the years ended March 31, 2026, March 31, 2025 and March 31, 2024 while the Special Purpose Combined and Carve-Out Financial Statements pertain to the Demerged Business for the year ended March 31, 2024. For information on the attrition rates of our permanent employees, see “- We are dependent on a number of key personnel, including our Promoters, Board of Directors, Key Managerial Personnel and members of Senior Management, and the loss of, or our inability to hire, retain, train, and motivate qualified personnel could adversely affect our business, results of operations, financial condition and cash flows” on page 49. India has stringent labour legislations that protect the interests of workers, including legislation that sets forth detailed procedures for the establishment of unions, dispute resolution and employee removal, and legislation that imposes certain financial obligations on employers upon retrenchment. It may become difficult for us to maintain flexible labour policies and labour costs within control, which may increase our costs and adversely affect our business. Any labour unrest directed against us, could directly or indirectly prevent or hinder our normal operating activities, and, if not resolved in a timely manner, could lead to disruptions in our operations. Although we have not experienced any interruption to our operations as a result of labour disputes in the last three Fiscals which had a material impact on our business, results of operations and financial condition, we cannot assure you that we will not experience any such disruption in the future as a result of disputes or disagreements with our work force, which may adversely affect our ability to continue our business operations. In addition, our business requires skilled personnel for the operation of machinery. While we train individuals at our manufacturing technology training centre in Kanpur, Uttar Pradesh to cater to our internal manpower requirements, in the event we are unable to attract or adequately train skilled labour, our operations may be adversely affected. Further, a significant increase in our employee attrition rate could also result in decreased operational efficiencies and productivity, loss of market knowledge and customer relationships, and an increase in recruitment and training costs, thereby adversely affecting our business, results of operations, financial condition and cash flows. In addition, we have service engineers stationed in 12 cities in India, as well as in 13 countries overseas, including countries such as Brazil, Mexico, UAE, Russia, Turkey, Mexico, Kenya and Indonesia. These local engineers provide support in erection and commissioning of machinery and provide after-sales services in their respective regions. If we are unable to attract or retain qualified service engineers who are able to support the installation and operation of our products at our customers’ locations, our reputation and business may be adversely affected. Further, the minimum wage laws in India may be amended leading to upward revisions in the minimum wages payable in one or more states in which we currently operate or may expand to. In addition, our employees in different jurisdictions globally are subject to differing legislation, which we need to comply with. As of the date of this Red Herring Prospectus, we are also party to a collective bargaining arrangement with our employees that provides for periodic increases in certain allowances to our employees. We may need to increase compensation and other benefits in order to attract and retain key personnel in the future and that may materially affect our costs and profitability. We cannot assure you that as we continue to grow our business in the future, our employee costs coupled with operating expenses will not significantly increase."
lohiacorp,23,"We appoint contract labour for carrying out certain of our ancillary operations and we may be held responsible for paying the wages of such workers, if the independent contractors through whom such workers are hired default on their obligations, and such obligations could have an adverse effect on our results of operations, cash flows and financial condition. In order to retain flexibility and control costs, we appoint independent contractors who in turn engage on-site contract labour for performing certain of our ancillary operations, including, assisting in loading/ unloading works and housekeeping activities. The numbers of contract labourers vary from time to time based on the nature and extent of work contracted to independent contractors. As of March 31, 2026, March 31, 2025 and March 31, 2024, we engaged 1,099, 873 and 735 contract labourers, respectively, as part of our operations. Such contract labourers amounted to 35.35%, 33.38% and 29.85%, respectively, of our total employees, as of such dates. Although we do not engage these labourers directly, we may be held responsible for any wage payments to be made to such labourers in the event of default by independent contractors. All contract labourers engaged at our facilities are assured minimum wages that are fixed by the state government from time to time. Any requirement for us to offer them permanent employment or upward revision of wages that may be required by the state government to be paid to such contract labourers may increase our costs in connection with such contract labourers. Further, while there have been no such instances in the last three Fiscals, the unavailability of the required number of contract labourers may adversely affect our results of our operations, financial condition and cash flows."
lohiacorp,24,"Failure to provide adequate spare parts and services for machinery may adversely affect customer goodwill, our results of operations, financial condition and cash flows. As part of our operations, we supply parts and accessories to global manufacturers of woven raffia. In order to service this business effectively, we are required to maintain a supply of spare parts and accessories to cater to customers’ requirements as they arise. As we cannot accurately anticipate the requirements of customers for spare parts before such requests are made to us, we may not have adequate products to offer customers in a timely manner. Failure to maintain an adequate inventory of spare parts and accessories, particularly in different locations, may prevent us from fulfilling customer requirements swiftly and efficiently. Set forth below are revenues from sale of spare parts for machines for woven fabric/ sacks in the corresponding years: Particulars Restated Financial Information@ Special Purpose Combined and Carve-Out Financial Statements@ (Demerged Business) Fiscal 2026 Fiscal 2025 Fiscal 2024 Fiscal 2024 Consolidated Consolidated Standalone (₹ million) Percenta ge of revenue from operatio ns (%) (₹ million) Percenta ge of revenue from operatio ns (%) (₹ million) Percenta ge of revenue from operatio ns (%) (₹ million) Percentage of revenue from operations (%) Revenue from spare parts for woven raffia machines 1,947.30 11.34% 1,737.81 12.62% - - 1,393.57 11.95% @ The Restated Financial Information pertains to our Company for the years ended March 31, 2026, March 31, 2025 and March 31, 2024 while the Special Purpose Combined and Carve-Out Financial Statements pertain to the Demerged Business for the year ended March 31, 2024. While there have been no instances in the last three Fiscals that materially affected our business and results of operations, any failure to cater to customers in our spare parts and accessories business may lead to lower demand and loss of goodwill, thereby adversely affecting our results of operations, financial condition and cash flows."
lohiacorp,25,"Our Promoters, Directors and Group Companies may have interests in certain companies, which could be in businesses similar to ours or our Subsidiaries’ and this may result in potential conflict of interest with us or our Subsidiaries. A potential conflict of interest may occur between our Promoters, Directors and Group Companies if they have interest in companies in the similar line of business as our Company or our Subsidiaries. Our Promoters, Directors, their related entities and our Group Companies may compete with us or our Subsidiaries and have no obligation to direct any opportunities to us or our Subsidiaries. In addition, under the memorandum of family settlement dated September 21, 2022 (“Family Settlement Agreement”) executed by various members of the Lohia family who had ownership interests of various Lohia Group (as defined in the Family Settlement Agreement) companies, the signatories had agreed that for a period of 10 years from the effective date (i.e., 30 days after execution of the Family Settlement Deed) (“Non-Compete Period”), no entity owned or controlled by the Lohia family members other than the Demerged Company, its subsidiaries, joint ventures and permitted assigns (which includes our Company pursuant to the Scheme) would be engaged in the business and supply of plant and machinery for manufacture of woven fabrics. Upon the expiry of the Non-Compete Period, the signatories to the Family Settlement Agreement, which include certain of our Promoters and members of the Promoter Group, may commence, acquire or invest in competing businesses to ours, which could adversely affect our business, results of operations, financial condition and cash flows. For further details of the Family Settlement Agreement, see “History and Other Corporate Matters – Agreements required under Clause 5A of paragraph A of part A of Schedule III of the SEBI Listing Regulations” on page 253. While no other conflict exists as of the date of this Red Herring Prospectus, necessary procedures and practices may be adopted as permitted by law to address any instances of conflict of interest, such as ethical walls, if and when they may arise. We cannot assure you that any conflicts of interest in future will be resolved in an impartial manner."
lohiacorp,26,"Our Joint Statutory Auditors have referred to an emphasis of matters in their examination report on the restated financial information as at and for the year ended March 31, 2025. The emphasis of matter is set forth below: “We draw attention to note 47 to the accompanying consolidated financial statements which describes that pursuant to the scheme of arrangement (the “Scheme”) between the Company and Lohia Trade Services Limited (formerly known as Lohia Corp Limited) (“LTSL”), technical textile machinery business (“Demerged Undertaking”) of LTSL and the related investments by LTSL in its five subsidiaries along with the Demerged Undertaking has been transferred to and merged with the Company with the appointed date of 01 April 2024 as per the accounting treatment prescribed in the Scheme which has been approved by National Company Law Tribunal, Allahabad Bench at Prayagraj (“NCLT”) vide their order dated 16 April 2024.” The opinion of our Joint Statutory Auditors is not modified in respect of this matter. We cannot assure you that any similar emphasis of matters will not form part of our financial statements for future fiscal periods, which could subject us to additional liabilities due to which our reputation and financial condition may be adversely affected."
lohiacorp,27,"Our Joint Auditors have included other audit qualification in the annexure to the auditor’s reports issued under the Companies (Auditor’s Report) Order, 2020 (“CARO”) on the consolidated financial statements for the year ended March 31, 2026 and March 31, 2025. Our Joint Statutory Auditors have included other audit qualification in the annexure to the auditors’ reports issued under CARO, on the consolidated financial statements for the years ended March 31, 2026 and March 31, 2025, which does not require any corrective adjustment in the Restated Financial Information, as set forth below: Year ended March 31, 2026 Clause (ix)(d) of Companies (Auditor’s Report) Order, 2020 “Sundarlam Industries Private Limited According to the information and explanations given to us, and the procedures performed by us and on an overall examination of the financial statements of the Company we report that in the current year funds amounting to ₹ 16.39 millions raised on short term basis have been used for long term purposes by the Company, whereas in the previous year no funds raised on short term basis have been used for long term purposes.” Year ended March 31, 2025 Clause (ix)(d) of Companies (Auditor’s Report) Order, 2020 “Sundarlam Industries Private Limited According to the information and explanations given to us, and the procedures performed by us and on an overall examination of the financial statements of the Company we report that in the current year no funds raised on short term basis have been used for long term purposes, whereas in the previous year funds raised on short term basis amounting to ₹ 28.47 millions have been used for long term purposes by the Company.” For further information, see “Financial Information – Restated Financial Information” on page 277. We cannot assure you that other audit qualifications under CARO or the Companies (Auditor’s Report) Order, 2020 will not be included in our consolidated financial statements in the future. Any future inclusions of such other audit qualifications may adversely affect our reputations, results of operations, financial condition and cash flows."
lohiacorp,28,"Our failure to keep our technical knowledge confidential could erode our competitive advantage. We possess extensive technical knowledge about our products. Our technical knowledge is a significant independent asset, which may not be adequately protected by intellectual property rights. Some of our technical knowledge is protected only by secrecy. As a result, we cannot be certain that our technical knowledge will remain confidential in the long run. Certain proprietary knowledge may be leaked, either inadvertently or willfully, at various stages of the production process. A significant number of our employees have access to confidential design and product information and there can be no assurance that this information will remain confidential. Moreover, certain of our employees may leave us and join our various competitors. While we may enter into non-disclosure agreements with our suppliers, there can be no assurance that such agreements will be successful in protecting our technical knowledge. The potential damage from such disclosure is increased as certain of our designs and products are not patented, and thus we may have no recourse against copies of our products and designs that enter the market subsequent to such leakages. If the confidential technical information in respect of our products or business becomes available to third parties or to the public, any competitive advantage we may have over our competitors could be harmed. While there have not been any instances of leakage of technical knowledge or confidential information in the last three Fiscals which had a material impact on our business, results of operations and financial condition, we cannot assure you that such instances will not occur in future. If a competitor is able to reproduce or otherwise capitalize on our technology, it may be difficult, expensive or impossible for us to obtain necessary legal protection. Consequently, any leakage of confidential technical information could have an adverse effect on our results of operations, financial condition and cash flows."
lohiacorp,29,"We are subject to various laws, regulations, approvals and licenses required in the ordinary course of business, including environmental, health and safety laws and other regulations. Any failure to obtain or retain them in a timely manner may adversely affect our operations. Our business and operations are subject to a number of approvals, licenses, registrations and permissions for operating our manufacturing and other facilities, branch offices and regional offices, in addition to extensive government regulations for the protection of the environment and occupational health and safety. We also have certain warehouses, where we store inventory of spares for after-sales services. We have either made or are in the process of making an application or renewal for obtaining necessary approvals that are not in place or have expired. We may also need to apply for additional approvals including the renewal of approvals which may expire from time to time, in the ordinary course of business. We are required to obtain various regulatory approvals and registrations for our operations, including consents from the local pollution control boards in India to establish and operate our manufacturing facilities in India, and registrations with the relevant tax and labour authorities in India and abroad, some of which may expire in the ordinary course and for which we would be required to make applications for renewal from time to time. We are required to obtain and are in the process of applying for the permission for withdrawal of ground water in relation to facility located at D-3/A, Panki Industrial Estate, Kanpur, Uttar Pradesh. In addition, our operations also require us to obtain other approvals and permits including for use of utilities. Failure to obtain and maintain any required approvals and registrations may have an adverse effect on our business, results of operations, financial condition and cash flows. Further, our approvals and registrations are subject to numerous conditions (for instance, including periodic reporting or audit requirements), some of which may require us to undertake substantial compliance-related expenditure. Breach or non-compliance with specified conditions may result in the suspension, withdrawal or termination of our approvals and registrations or the imposition of penalties by the relevant authorities. In addition, in relation to certain business premises that are located in buildings that have been leased by us from third parties (including our manufacturing facilities in Panki Industrial Estate, Kanpur, Uttar Pradesh; Nadakerappa Industrial Estate, Bengaluru, Karnataka; and Peenya Industrial Estate, Bengaluru, Karnataka), certain licenses and approvals are required to be obtained and maintained by the owners of such buildings. Any failure on the part of the owners to obtain and renew these approvals may impact our operations at such premises. For instance, the owner of the building in which our Bengaluru manufacturing facility is located has not obtained an occupancy certificate (“OC”) as per the byelaws of the local planning authority, having jurisdiction over the building. Any adverse regulatory proceedings initiated against the owner for such failure to receive the OC may disrupt our operations or compel us to relocate our Bengaluru manufacturing facility to an alternate location. A suspension, cancellation or refusal to extend our approvals and registrations may require us to cease production at some or all of our manufacturing facilities (or may affect other aspects of our operations), which may have an adverse effect on our business, results of operations, financial condition and cash flows. If we fail to apply, retain, renew or receive any of such approvals, licenses, registrations, permissions or renewals, in a timely manner or at all, our business, results of operations, financial condition and cash flows may be adversely affected. Certain approvals may be pending for application or may have lapsed in their normal course, and we have either made applications to the appropriate authorities in relation to such licenses and/or approvals or is in the process of making such applications. For further information in relation to such approvals, see “Government and Other Approvals” on page 443. Further, our government approvals and licenses are subject to certain conditions, some of which are onerous and require us to make substantial compliance-related expenditure. If we fail to comply or a regulator claims that we have not complied with such conditions, our business, results of operations, financial condition and cash flows may be adversely affected. For details, see “Outstanding Litigation and Material Developments” beginning on page 437."
lohiacorp,30,"We export our products to various countries, on account of which we may be subject to significant import duties or restrictions. Further, unavailability of fiscal benefits enjoyed by us or our inability to comply with related requirements may have an adverse effect on our business, results of operations, financial condition and cash flows. Our key overseas markets include Africa, Middle East, SAARC, ASEAN, Latin America and the Commonwealth of Independent States. The table below sets forth the breakdown of our export sales of our key product categories, and as a percentage of our total export sales for the years indicated: Particulars Restated Financial Information@ Special Purpose Combined and Carve-Out Financial Statements@ (Demerged Business) Fiscal 2026 Fiscal 2025 Fiscal 2024 Fiscal 2024 Consolidated Consolidated Standalone Amount (₹ million) Percenta ge of revenue from operatio ns (%) Amount (₹ million) Percenta ge of revenue from operatio ns (%) Amount (₹ million) Percenta ge of revenue from operatio ns (%) Amount (₹ million) Percentage of revenue from operations (%) Circular looms 2,050.03 28.92% 2,608.88 33.46% - - 1,712.16 30.29% Tape Extrusion Lines 1,490.57 21.03% 1,345.69 17.26% - - 1,008.68 17.85% Tape Winders 743.00 10.48% 730.09 9.36% - - 509.08 9.01% Other Sales 265.22 3.74% 266.53 3.42% - - 115.69 2.05% Other machines and equipment 1,796.73 25.34% 2,171.28 27.85% - - 1,758.90 31.12% Spare parts for machines 743.95 10.49% 674.54 8.65% - - 547.57 9.68% Total 7,089.50 100.00% 7,797.01 100.00% - - 5,652.08 100.00% @ The Restated Financial Information pertains to our Company for the years ended March 31, 2026, March 31, 2025 and March 31, 2024 while the Special Purpose Combined and Carve-Out Financial Statements pertain to the Demerged Business for the year ended March 31, 2024. Further, the table below sets forth details of the region-wise revenue generated from sale of manufacturing goods and traded goods for key regions in the years indicated: Particulars Restated Financial Information@ Special Purpose Combined and Carve-Out Financial Statements@ (Demerged Business) Fiscal 2026 Fiscal 2025 Fiscal 2024 Fiscal 2024 Consolidated Consolidated Standalone Revenue (₹ million) Percenta ge of revenue from operatio ns (%) Revenue (₹ million) Percenta ge of revenue from operatio ns (%) Revenue (₹ million) Percent age of revenue from operati ons (%) Revenue (₹ million) Percentage of revenue from operations (%) Africa 1,361.47 7.93% 1,073.56 7.80% - - 817.19 7.01% Asia Pacific (excluding India) 1,780.94 10.37% 1,884.30 13.69% - - 1,663.64 14.27% Commonwealth of Independent States* 416.33 2.42% 648.70 4.71% - - 685.20 5.88% Europe 298.87 1.74% 195.89 1.42% - - 86.53 0.74% MENA 2,097.55 12.22% 2,287.84 16.62% - - 1,172.89 10.06% North and South America 1,134.34 6.61% 1,706.72 12.40% - - 1,226.63 10.52% Total 7,089.50 41.29% 7,797.01 56.64% - - 5,652.08 48.48% @ The Restated Financial Information pertains to our Company for the years ended March 31, 2026, March 31, 2025 and March 31, 2024 while the Special Purpose Combined and Carve-Out Financial Statements pertain to the Demerged Business for the year ended March 31, 2024. * Includes countries such as Russia, Belarus, Kazakhstan, Kyrgyzstan, Uzbekistan and Azerbaijan. The countries in these regions impose varying import duties on our products. There can be no assurance that the import duties will not increase or that new restrictions will not be imposed by such countries. Any substantial increase in such duties or imposition of new restrictions may adversely affect our business, results of operations, financial condition and cash flows. Export destination countries may also enter into free trade agreements or regional trade agreements with countries other than India. Such agreements and alteration of existing tax treaties may lead to increased competition or may even place us at a competitive disadvantage compared to manufacturers in other countries. India is also a party to, and is currently negotiating, free trade agreements with several countries and if we export our products to such countries, any revocation or alteration of those bilateral agreements may also adversely affect our ability to export. Further, changes in import policies or an economic slowdown in countries to which we export our products may have a significant adverse impact on our business, financial condition and results of operations. Further, the GoI notifies policies providing fiscal benefits on exports and imports from time to time and any discontinuance or non-availability of such fiscal benefits enjoyed by us or our inability to comply with related requirements may have an adverse effect on our results of operations, financial condition and cash flows."
lohiacorp,31,"If we fail to manage mergers, acquisitions, divestitures, and other transactions successfully, our financial results, business, and future prospects could be harmed. In pursuing our business strategy, we routinely conduct discussions, evaluate targets, and enter into agreements regarding possible joint ventures, equity investments and divestitures. For example, in 2019, the Demerged Company acquired the business and assets of Leesona Corp. in the United States. In 2021, the Demerged Company acquired the lamination / coating machines business for woven fabric of a company in Bengaluru and incorporated Sundarlam Industries Private Limited. In 2024, through our Subsidiary, Leesona Corp., we acquired the business of a supplier of extruder equipment, godet-roll out draw strands, hot air ovens water quenching equipment and other systems relevant to the synthetic fiber, film fiber and monofilament industries in the United States, and we have entered into a shareholders’ agreement with OMGM SAS to form Omgm Extrusiontechnik S.R.L (“OMGM”). Further, we have implemented the Scheme and we cannot assure you that our operations will continue to grow pursuant to the Scheme or that its intended benefits will be achieved. In addition, our ability to successfully grow through our acquisitions may be constrained by the rights that our collaborators, joint venture partners or minority shareholders may have in our acquired entities. For instance, the shareholders’ agreement entered into in respect of our Subsidiary, OMGM, grants certain rights to another party (40% quota-holder of OMGM), including the right to nominate two out of the five directors on the board (including the managing director); the right to approve certain super-majority matters in shareholders meetings of OMGM, including amendments to bye-laws, mergers and corporate restructurings, increase/ reduction in quota-capital, substantial changes to its business, appointment of its auditors; and affirmative voting rights on certain decisions taken by the board of OMGM, including set-up, relocation or shutdown of plants, creation of subsidiaries and joint ventures, compensation to director (including modifications thereto), leasing and disposal of a substantial portion of OMGM’s assets, and execution of agreements with profit or turnover participation. For further information, see “History and Certain Corporate Matters – Other Material Agreements” on page 250. Any deadlock or disagreement with the counterparty to the shareholders’ agreement in connection with decisions on OMGM, if not successfully resolved in accordance with the shareholders’ agreement may adversely impact our ability to operate and grow the business of OMGM. Further, our stake in OMGM could be diluted if we do not participate in further equity issuances by OMGM, and we may not be able to make decisions regarding OMGM that are in our best interest. The counterparty to the shareholders’ agreement may also transfer its shares upon expiry of the contractual lock-in period and we may not be able to engage collaboratively with the transferee regarding OMGM’s business and future growth. Further, our partners or minority shareholders in acquired entities may also engage in competing businesses. For instance, under the shareholders agreement dated October 22, 2021 (as amended) (“SIPL SHA”) between Raj Kumar Lohia (one of our individual promoters) and Sundaram S in respect of the management of Sundarlam Industries Private Limited (“SIPL”), Sundaram S (the 20% minority shareholder of SIPL) is prohibited from competing, directly, or indirectly, with the business of SIPL for the later of (a) 10 years from the execution of the SIPL SHA, plus an additional cooling off period of two years, or (b) the date until which he (including legal heirs) remain shareholders in SIPL, plus an additional cooling-off period of two years. After completion of the non-compete period, Sundaram S may set up businesses that compete with SIPL, which could adversely affect our operations. As part of our business strategy, we seek to identify acquisition or joint venture opportunities that will expand or complement our existing products and services, or customer base, at appropriate valuations. We often compete with others for the same opportunities. To be successful, we must conduct due diligence to identify valuation issues and potential loss contingencies, negotiate transaction terms, complete and close complex transactions, and manage post- closing matters (e.g., integrate acquired companies and employees, realise anticipated operating synergies, and improve margins) efficiently and effectively. Joint ventures, investment transactions and divestiture often require substantial management resources and have the potential to divert our attention from our existing business. Unidentified pre-closing liabilities could affect our future financial results. Inability to manage the completion and closing of such transactions can lead to operating synergies not being realised and thereby affect our financial performance. Further, disputes or differences could arise in connection with our implementation of past or future acquisitions or mergers. Joint ventures or equity investments operate under shared control with other parties. Our operating results may be affected by the performance of businesses over which we do not exercise control. If we fail to manage acquisitions, divestitures, and other transactions successfully, our results of operations, financial condition and cash flows could be harmed. For more information, please see “Our Business –Business Strategies” on page 212."
lohiacorp,32,"Our ability to access capital depends on our credit ratings. The non-availability or downgrade of our credit ratings could restrict our access to capital and adversely affect our business, results of operations, financial condition and cash flows. Our ability to access capital on favourable terms depends on our credit ratings. The table below sets forth details of our credit ratings as of the date of this Red Herring Prospectus: Instrument Rating As of this Red Herring Prospectus Cash Credit CRISIL AA-/Stable Foreign Exchange Forward CRISIL A1+ Letter of Credit & Bank Guarantee CRISIL A1+ Instrument Rating As of this Red Herring Prospectus Term Loan CRISIL AA-/Stable Loan Equivalent Risk CRISIL A1+ These ratings assess our overall financial capacity to pay our obligations and are reflective of our ability to meet financial commitments as they become due. In January 2024, the Demerged Company’s credit outlook was revised from ‘Positive’ to ‘Stable’ by CRISIL. We cannot assure you that our credit ratings will not be revised or changed by the above rating agencies due to various factors. Any downgrade in our credit ratings or our inability to obtain such credit rating in a timely manner or any non-availability of credit ratings, or poor ratings, could increase borrowing costs, will give the right to our lenders to review the facilities availed by us under our financing arrangements and adversely affect our access to capital and debt markets, which could in turn adversely affect our interest margins, our business, results of operations, financial condition and cash flows."
lohiacorp,33,"Our insurance coverage may not be adequate to protect us against all potential losses, which may have an adverse effect on our business, results of operations, financial condition and cash flows. We maintain appropriate insurance coverage which commensurate with industry standards in India, in relation to property, stock and money for our warehouses, transit insurance and product liability insurance. Our insurance coverage includes marine insurance for our shipments, group personal accident insurance policies (covering our permanent and contractual employees), group mediclaim policies, all-risk insurance for our portable equipment, burglary, standard fires and special perils insurance for our manufacturing facilities and other premises, and export- credit multi-buyer insurance policies covering specified jurisdictions. However, we may not have identified every risk, and further may not be insured against every risk, including operational risks that may occur, and the occurrence of an event that causes losses more than the limits specified in our policies, or losses arising from events or risks not covered by insurance policies or due to the same being inadequate. Any of the above could materially harm our financial condition and future results of operations. We apply for the renewal of our insurance coverage in the normal course of our business, but we cannot assure you that such renewals will be granted in a timely manner, at acceptable cost or at all. There can be no assurance that such policies will be renewed in a timely manner, on acceptable terms, or at all, and any gap in insurance coverage during such period could expose us to uninsured losses. The table below provides details of insurance coverage as a percentage of total assets as of the dates indicated: Particulars Restated Financial Information@ Special Purpose Combined and Carve-Out Financial Statements@ (Demerged Business) As of March 31, 2026 As of March 31, 2025 As of March 31, 2024^ As of March 31, 2024 Consolidated Consolidated Standalone Insurance coverage (₹ million) 12,704.01 12,460.06 - 12,816.81 Net value of assets (₹ million)* 8,456.06* 7,356.31* - 7,284.03# Percentage of insurance coverage to net value of assets (%) 150.24% 169.38% - 175.96% * Net value of assets includes property, plant & equipment (excluding land freehold), inventories and debtors. ^ We did not avail any insurance coverage in the absence of any insurable asset during the period. # Does not include value of free hold land and intangible assets. @ The Restated Financial Information pertains to our Company for the years ended March 31, 2026, March 31, 2025 and March 31, 2024 while the Special Purpose Combined and Carve-Out Financial Statements pertain to the Demerged Business for the year ended March 31, 2024. There can be no assurance that any claims filed will be honoured fully or in a timely fashion under our insurance policies. If we were to incur a serious uninsured loss or a loss that significantly exceed the limits of our insurance policies, it could have a material adverse effect on our business, financial condition, results of operations and cash flows. While we have not faced any such instances in the last three Fiscals which had a material impact on our business, results of operations and financial condition, we cannot assure you that such instances will not occur in the future. If our arrangements for insurance are not adequate to cover claims, we may be required to make substantial payments and our results of operations, financial condition and cash flows may therefore be adversely affected."
lohiacorp,34,"If we fail to protect, or incur significant costs in defending, our intellectual property and other proprietary rights, our business, results of operations, financial condition and cash flows could be adversely affected. Our future success depends, in part, on our ability to protect our intellectual property and other proprietary rights that we may develop. We rely primarily on patents, trademarks and laws regarding unfair competition, as well as licence agreements and other contractual provisions, to protect our intellectual property and other proprietary rights. However, patent applications may be rejected and in any event patent protection does not prevent competitors from developing equivalent or superior products without violating our intellectual property rights. Moreover, our intellectual property rights may be challenged or objected by third parties and, should we not prevail, we may be required to give or obtain licences, cease the production of a product, transfer the intellectual property rights or be liable for significant damages. Accordingly, despite our efforts, we may be unable to prevent third parties from infringing upon or misappropriating our intellectual property or otherwise gaining access to our technology. Litigation may be necessary to protect our brand and to enforce our intellectual property rights, or to defend against claims by third parties that our business operations or use of our intellectual property infringe their intellectual property rights. While we have not been subject to any material intellectual property claims in the last three Fiscals, there were instances of unauthorised usage of our intellectual property by third parties in the past. For instance, we have instituted legal proceedings against certain entities for unauthorised usage of ‘Lohia Group’ brand name, which is currently licensed to our Company pursuant to a licensing agreement dated July 25, 2024, entered into between Lohia Trade Services Limited and our Company. All such unauthorised usage of our intellectual property by third parties have been followed up with necessary notices and three ongoing matters in relation to trademarks are pending at various forums. Protecting our intellectual property rights across multiple jurisdictions is challenging and costly, and increases the risk of infringement and unauthorized use of our proprietary technologies and products. If we fail to protect our intellectual property and other proprietary rights, then our business, results of operations, financial condition and cash flows could be adversely affected. In addition, any litigation or claims, with or without merit, could be time consuming and expensive, and could divert our management’s attention away from the execution of our business plan. As of the date of this Red Herring Prospectus, our Company along with its Subsidiaries and the Demerged Company have registered 54 trademarks. Further, as on date of this Red Herring Prospectus, our Company along with its Subsidiaries and the Demerged Company have made applications for 24 trademark registrations, which are currently pending of which, five trademark applications have been objected and seven trademark applications have been opposed. Additionally, we have been granted 71 patents and have applied for 19 patents in India that are currently at various stages of approval. Further, against these Indian patents granted or applications made, we have also been granted 56 patents globally. Our Company also has 8 registered designs, all granted in India. There can be no assurance that the applications made for registration of trademark and patents will be granted in a timely manner, or at all. We have also obtained the right to use the ‘Lohia Group’ trademarks and related designs and logos, including any new registrations of the trade name ‘Lohia Group’ pursuant to a license agreement dated July 25, 2024, which grants us a revocable, non-exclusive right to such trademark. However, we can apply for or register any marks similar to the ‘Lohia Group’ trademarks only after prior consent from the Demerged Company. This agreement may be terminated by the Demerged Company in case of a significant breach by us, or in case of a substantial change in the ownership of our Company. For further information, see “Our Business – Intellectual Property” and “History and Certain Corporate Matters-Other Material Agreements- Trademark license agreement dated July 25, 2024 between Demerged Company and our Company” on pages 232 and 252, respectively."
lohiacorp,35,"If we are unable to accurately forecast customer demand for our products, we may not be able to maintain optimum inventory levels resulting in additional strain on our resources. While we manufacture a significant portion of our products for sale based on confirmed orders under direct purchase orders, we determine the quantities manufactured for sales on the basis of orders received and management estimates based on historic trends and demand data and our forecasts provided to us by our marketing and sales network, which is used to extrapolate expected future sales pattern. Our future earnings through the sale of our products may not be realized as forecasted, due to cancellations or modifications of firm orders or our failure to accurately prepare demand forecasts. If we are unable to appropriately estimate the demand for our products for any reason, it could result in excess inventory levels or unavailability of our products during increased demand, resulting in below potential sales. Set forth below are details of inventory and inventory turnover ratio as of each of the corresponding periods: Particulars Restated Financial Information@ Special Purpose Combined and Carve- Out Financial Statements@ (Demerged Business) As of March 31, 2026 As of March 31, 2025 As of March 31, 2024 As of March 31, 2024 Consolidated Consolidated Standalone Inventories (₹ million) 3,964.79 2,962.12 - 2,951.41 Inventory turnover ratio (times)* 2.44 2.59 - 2.27 * Inventory turnover ratio is calculated as raw material cost divided by closing inventory as at the end of year. Raw material costs represents cost of materials consumed, purchases of stock-in-trade and changes in inventories of finished goods, work in progress and stock in trade. @ The Restated Financial Information pertains to our Company for the years ended March 31, 2026, March 31, 2025 and March 31, 2024 while the Special Purpose Combined and Carve-Out Financial Statements pertain to the Demerged Business for the year ended March 31, 2024. Our ability to accurately forecast customer demand for our products is affected by various factors, including: • a substantial increase or decrease in the demand for our products or for similar offerings of our competitors; • changes in customer requirements; • aggressive pricing strategies employed by our competitors; • failure to accurately forecast or changes in customer acceptance of our products; • limited historical demand and sales data for our products in newer markets; • change in financing cost for our customers; • fluctuations in foreign currency; and • weakening of general economic conditions or customer confidence that could reduce the sale of our offerings. Inventory levels of parts and components that exceed requirement for manufacturing of machines as per customer demand may result in inventory write-downs or write-offs or we may be required to sell our excess inventory at discounted prices, which will adversely affect our margins and negatively impact our reputation and brand exclusivity. On the other hand, if we face demand in excess of our ability to manage our supply chain efficiently, we may not be able to adequately respond to the demand for our products. This could result in delays in delivery of our products to our customers and we may suffer damage to our reputation and customer relationships. In addition, our customers may be driven to purchase products offered by our competitors, thereby affecting our market share. There can be no assurance that we will be able to manage our inventories at optimum levels to successfully respond to customer demand."
lohiacorp,36,"Improper storage, processing and handling of materials and products may cause damage to our inventory leading to an adverse effect on our business, results of operations, financial condition and cash flows. Our inventory primarily consists of materials, parts and components used in our manufacturing operations, and work- in-process or machines under assembling stage. Our materials, manufacturing processes and finished products are susceptible to damage if not appropriately stored, handled and processed, which may affect the quality of the finished product. In the event such damage is detected at the manufacturing facility during quality checks, we may have to suspend manufacturing activities, and lower capacity utilizations, which could materially and adversely affect our business prospects and financial performance. In Fiscals 2026 and 2025, there was a write-down in the value of inventory amounting to ₹ 125.67 million and ₹ 143.77 million, respectively, on account of provision for slow and non- moving inventory. While there have been no such instances in the last three Fiscals which had a material impact on our business, results of operations and financial condition, improper storage may also result in higher than usual damage to our inventory due to adverse weather conditions or longer than usual storage periods, which may also require us to incur additional expenses in replacing that portion of the inventory and/ or incur additional expenses in maintenance and improvement of our storage infrastructure, which may adversely affect our profit margin."
lohiacorp,37,"We may be exposed to counterparty credit risk in certain cases and any delay in receiving payments or non-receipt of payments may adversely impact our results of operations. Our machines and equipment are generally sold against advance payment or secured by letters of credit or bank guarantees. Other than these, in some instances, our operations involve extending credit to some of our customers in respect of sale of our products and consequently, we face the risk of the uncertainty regarding the receipt of these outstanding amounts. Consequently, we face the risk of the uncertainty regarding the receipt of these outstanding amounts. Set forth below are details regarding trade receivables and receivables categorized as doubtful debt: Particulars Restated Financial Information@ Special Purpose Combined and Carve-Out Financial Statements@ (Demerged Business) As of/ For the year ended March 31, As of/ For the year ended March 31, 2026 2025 2024 2024 Consolidated Consolidated Standalone Trade receivables (₹ million) 1,384.08 1,199.73 - 870.90 Receivables categorized as doubtful debt (₹ million) 37.97 31.74 - 29.78 Receivables categorized as doubtful debt, as a percentage of trade receivables (%) 2.74% 2.65% - 3.42% @ The Restated Financial Information pertains to our Company for the years ended March 31, 2026, March 31, 2025 and March 31, 2024 while the Special Purpose Combined and Carve-Out Financial Statements pertain to the Demerged Business for the year ended March 31, 2024. There is no assurance that we will accurately assess the creditworthiness of our customers. Further, macro-economic conditions which are beyond our control, such as a potential credit crisis in the global financial system, could also result in financial difficulties for our customers, including limited access to the credit markets, insolvency or bankruptcy. Such conditions could cause our customers to delay payment, request modifications of their payment terms, or default on their payment obligations to us, all of which could increase our receivables. Timely collection of dues from customers also depends on our ability to complete our contractual commitments and subsequently bill for and collect from our clients. If we are unable to meet our contractual obligations, we may experience delays in the collection of, or be unable to collect, our customer balances, which could adversely affect our results of operations and cash flows and our existing export credit insurance may not be able to cover the full extent of such losses."
lohiacorp,38,"Our business could be negatively affected by cyber or other security threats or other disruptions. As a technology-driven manufacturing company, we face cyber threats, threats to the physical security of our facilities and employees, and terrorist acts, as well as the potential for business disruptions associated with information technology failures, natural disasters, or public health crises. While we have not experienced any cyber-attacks or security threats in the last three Fiscals which had a material impact on our business, results of operations and financial condition, if we are unable to protect sensitive information, including those of our customers, our customers or governmental authorities could question the adequacy of our threat mitigation and detection processes and procedures. Although we work cooperatively with our customers, suppliers, joint venture partners, and acquired entities to seek to minimise the impact of cyber threats, other security threats or business disruptions, we must rely on the safeguards put in place by these entities, which may affect the security of our information. These entities have varying levels of cyber security expertise and safeguards. The costs related to cyber or other security threats or disruptions may not be fully insured or indemnified by other means. Occurrence of any of these events could adversely affect our internal operations, the services we provide to our customers, loss of competitive advantages derived from our research, design and development efforts or other intellectual property, early obsolescence of our products and services, our future financial results, our reputation or our stock price."
lohiacorp,39,"If we are unable to maintain and enhance our brand, the sales of our products will suffer, which would have an adverse effect on our results of operations, financial condition and cash flows. We believe that our brand plays a significant role in the success of our business and sustaining customer loyalty. The ability to differentiate our brand and products from that of our competitors through our promotional, marketing and advertising initiatives is an important factor in attracting customers. Set forth below are advertisement and marketing expenses in each of the corresponding periods: Restated Financial Information@ Special Purpose Combined and Carve-Out Financial Statements@ (Demerged Business) Fiscal 2026 Fiscal 2025 Fiscal 2024 Fiscal 2024 Consolidated Consolidated Standalone (₹ million) Percenta ge of revenue from operatio ns (%) (₹ million) Percenta ge of revenue from operatio ns (%) (₹ million) Percenta ge of revenue from operatio ns (%) (₹ million) Percentage of revenue from operations (%) Advertisement and marketing expenses 276.69 1.61% 74.16 0.54% - - 125.16 1.07% @ The Restated Financial Information pertains to our Company for the years ended March 31, 2026, March 31, 2025 and March 31, 2024 while the Special Purpose Combined and Carve-Out Financial Statements pertain to the Demerged Business for the year ended March 31, 2024. We, our suppliers, our customers or any of our or their affiliates may be subject to negative publicity in relation to our or their business or staff, including publicity covering issues such as anti-corruption, safety and environmental protection. Such negative publicity, however, even if later proven to be false or misleading, and even where the entities or individuals implicated are members or employees of our suppliers, customers or our or their affiliates and not of us, could lead to a temporary or prolonged negative perception against our brand by virtue of our affiliation with such joint venture partners, suppliers, customers or affiliates. Any damage to our brand name, if not immediately and sufficiently remedied, could have an adverse effect on our reputation, competitive position in India and abroad, business, results of operations, financial condition and cash flows. Maintaining and enhancing our brand image may also require us to undertake significant expenditures and make investments in areas such as research and development, advertising and marketing, through media and other channels of publicity, and towards employee development and training. If our initiatives in any of these areas are not effectively implemented or our products fail to find acceptance with our existing and potential customers resulting in loss of customer confidence in our brand for any reason, our ability to attract and retain customers could be adversely affected."
lohiacorp,40,"Our Company, Promoters, Directors, Key Managerial Personnel and Senior Management are involved in certain legal and regulatory proceedings. Any adverse decision in such proceedings may have an adverse effect on our business, results of operations, financial condition and cash flows. There are outstanding legal and regulatory proceedings involving our Company, our Promoters and Directors, which are pending at different levels of adjudication before various courts, tribunals and other authorities. Such proceedings could divert the management’s time and attention and consume financial resources in their defence or prosecution. The amounts claimed in these proceedings have been disclosed to the extent that such amounts are ascertainable and quantifiable and include amounts claimed jointly and severally, as applicable. Any unfavourable decision in connection with such proceedings, individually or in the aggregate, could adversely affect our reputation, continuity of our management, business, results of operations, financial condition and cash flows. The table below sets forth a summary of outstanding litigation proceedings involving our Company, our Subsidiaries, Promoters, Directors, Key Managerial Personnel and Senior Management as of the date of this Red Herring Prospectus: Category of individuals/ entities Criminal proceedings Tax proceedings Statutory or regulatory proceedings Disciplinary actions by the SEBI or Stock Exchanges against our Promoters in the last five years, including outstanding action Material civil litigations Aggregate amount involved (in ₹ million)1 Company By our Company 3@ Nil Not applicable Not applicable Nil 0.62@ Against our Company Nil* Not applicable Nil 29.14 Subsidiaries By our Subsidiaries Nil Nil Not applicable Not applicable Nil Nil Against our Subsidiaries Nil Nil Nil Not applicable Nil Nil Directors# By our Directors Nil Nil Not applicable Not applicable Nil Nil Against our Directors Nil Nil 1** Not applicable Nil Nil Promoters By our Promoters Nil Nil Not applicable Not applicable Nil Nil Against our Promoters Nil Nil Nil Nil 1.34 KMPs and SMPs By the KMPs and SMPs Nil Not applicable Not applicable Not applicable Not applicable Nil Against the KMPs and SMPs Nil Not applicable Nil Not applicable Not applicable Nil # Other than Promoters (1) To the extent quantifiable @ Includes 2 cases filed by our Company for alleged violation of Section 138 of the Negotiable Instruments Act, 1881. * This does not include certain proceedings alleging violations (of criminal nature) of certain provisions of the Motor Vehicle Act, 1988, including for traffic violations and over-speeding by vehicles registered in the name of our Company, based on information available with our Company (including from the public domain and external sources). While no formal notices of these proceedings have been received, our Company is in the process of depositing the relevant fines (received through challans). ** For further details in relation to the show cause notice issued to one of our Independent Directors, Dinesh Kumar Mittal, including for violation of certain provisions of the SCRA, SEBI Act and SEBI Listing Regulations, see “Outstanding litigation and Material Developments – Litigation involving our Directors – Actions taken by Regulatory or Statutory authorities” on page 439. The Demerged Company has also received a notice from the Central Bureau of Investigation for production of certain documents for the purposes of an investigation. For further details see “Outstanding Litigation and Material Developments –Notice to produce documents” on page 439. Further, there are no pending litigation proceedings involving our Group Companies which will have a material impact on our Company. We cannot assure you that any of these matters will be settled in favour of our Company, Promoters, Directors, Key Managerial Personnel or Senior Management respectively, or that no additional liability will arise out of these proceedings. An adverse outcome in any of these proceedings may have an adverse effect on our business, results of operations, financial condition, cash flows and our reputation. For further information, see “Outstanding Litigation and Material Developments” on page 437. If any new developments arise, such as a change in Indian law or rulings against us by appellate courts or tribunals, we may need to make provisions in our financial statements that could increase our expenses and current liabilities. Any adverse decision in any of these proceedings may have an adverse effect on our business, results of operations, financial condition and cash flows."
lohiacorp,41,"We are dependent on a number of key personnel, including our Promoters, Board of Directors, Key Managerial Personnel and members of Senior Management, and the loss of, or our inability to hire, retain, train, and motivate qualified personnel could adversely affect our business, results of operations, financial condition and cash flows. Our ability to compete in the highly competitive industry for manufacturing machinery for technical textiles depends upon our ability to attract, motivate, and retain qualified personnel. We are dependent on the continued contributions of our chairman and managing director, Raj Kumar Lohia, our whole-time director and chief operating officer, Gaurav Lohia, our Directors, Key Managerial Personnel and members of Senior Management who are involved in the business operations of our Company, and who have been instrumental in managing our expanding operations, implementing marketing and business initiatives, and focusing on financial performance. We believe that their inputs and experience are valuable for the growth and development of business and operations and the strategic directions taken by our Company. The continued operations and growth of our business is dependent upon our ability to attract and retain qualified personnel. Competition for qualified personnel with relevant industry expertise in India is intense. An inability to retain any Key Managerial Personnel or member of Senior Management with technical expertise or the loss of any of the Key Managerial Personnel or the members of our Senior Management team, or Whole-time Directors or other key personnel or an inability on our part to manage the attrition levels, may adversely affect our business, results of operations, financial condition and growth prospects. While we have not faced any such instances in the last three Fiscals which had a material impact on our business, results of operations and financial condition, we cannot assure you that such instances will not occur in the future. For details in relation to changes in our Board of Directors, Key Managerial Personnel and members of Senior Management in the last three years, see “Our Management” on page 254. Our business has a continuing need to attract large numbers of skilled personnel to support the growth of our business. However, there can be no assurance that these executives will stay on beyond the period of their contract. To the extent that the demand for experienced personnel exceeds supply, we could experience higher labour, recruiting, or training costs in order to attract and retain such employees, or could experience difficulties in performing our obligations under our contracts, if our needs are not met. To the extent we lose our experienced employees, in-particular engineers, through attrition, we will need to find ways to successfully manage the transfer of critical knowledge from individuals leaving us to their replacements. As of March 31, 2026, our Company had 2,010 permanent employees. The table below sets forth the details of the attrition rate of our permanent employees: Particulars Fiscal 2026 2025 2024^ Number of permanent employees at the beginning# 1,742 1,727 2,120 Number of employees who joined Number of permanent employees who exited Attrition rate of permanent employees* 9.58% 11.39% 22.83% # These include Key Managerial Personnel and members of Senior Management. * Attrition rate is calculated as (number of employees who exited during the year) / (the sum of the number of employees at the beginning of the year and the number of employees who joined during the year). ^ The Scheme was effective from May 1, 2024. The number of employees prior to such period refers to the employees of the Demerged Company. The table below sets forth details of the attrition rate of our Key Managerial Personnel and members of Senior Management: Particulars Fiscal 2026 2025 2024^ Number of Key Managerial Personnel at the beginning 6# Number of Key Managerial Personnel who joined Nil Nil Number of Key Managerial Personnel who exited 1** Nil Attrition rate of Key Managerial Personnel* 14.29% Nil Nil Number of Senior Management at the beginning 7# Number of Senior Management who joined Nil Nil Nil Number of Senior Management who exited Nil Nil Nil Attrition rate of Senior Management* Nil Nil Nil * Attrition rate is calculated as (number of employees who exited during the year) / (the sum of the number of employees at the beginning of the year and the number of employees who joined during the year). ^ The Scheme was effective from May 1, 2024. The number of employees prior to such period refers to the employees of the Demerged Company. # In Fiscal 2024, the members of Senior Management disclosed in this Red Herring Prospectus were categorized as key managerial personnel of our Company. ** This represents redesignation of one of our Whole Time Directors as Non- executive Director We may be required to increase our levels of employee compensation and benefits more rapidly than in the past to remain competitive in attracting skilled personnel. Such skilled personnel may also not be easily available in the market. Moreover, we may be unable to manage knowledge developed internally, which may be lost in the event of our inability to retain employees. In addition, as some of our key personnel approach retirement age, we need to have appropriate succession plans in place and to successfully implement such plans. If we cannot attract and retain qualified personnel or effectively implement appropriate succession plans, it could have an adverse effect on our business, results of operations, financial condition and cash flows."
lohiacorp,42,"Our reliance on third parties for certain aspects of our business, including raw material suppliers, transporters of our raw materials and products and logistic / warehouse service providers, exposes us to certain risks. We rely on third parties for the supply of raw materials, stock-in-trade, components for our machinery, contract labour and power required for the manufacture of our products, as well as for performance of certain processes and services carried out at our manufacturing, assembly, warehousing and office premises including waste management and facility management functions, as well as for licensing of certain technologies for our operations. Our ability to identify and build relationships with reliable vendors worldwide contributes to our growth and our successful management of our inventory as well as other aspects of our operations. Although we have an in-house vendor rating process through which we keep track of the suitability of vendors based on different criteria, we cannot assure you that this process entirely eliminates the risk of unreliable vendors. Our raw material and component suppliers may fail to consistently deliver products of acceptable quality and within stipulated schedules, or the contractors to whom we have outsourced certain processes and services at our manufacturing, warehousing or office premises may not fulfil specified performance standards, which may adversely affect our operations. We may be required to replace a vendor if its products or services do not meet our safety, quality or performance standards or if a vendor should unexpectedly discontinue operations due to reasons beyond its or our control (including financing constraints caused by credit market conditions). While there have been no such instances in the last three Fiscals which had a material impact on our business, results of operations and financial condition, we cannot assure you that such instances will not take place in the future. Factors such as the financial instability of suppliers, vendors’ non-compliance with applicable laws, trade restrictions, labour disputes, currency fluctuations, changes in tariff or import policies, severe weather, political uncertainty, terrorist attacks and transport capacity and cost may disrupt our supply chains, which may result in increased costs or delivery delays. Further, increase in competition and/or our competitors having established operations and long-term relationships with suppliers may see us facing challenges to secure adequate supply of raw materials or may increase our overall cost of raw materials. Therefore, there is no assurance that third party suppliers will be able to meet their contractual commitments to us, or that we will not be required to incur additional costs to remedy any deficiencies in their services or to obtain alternative sources of supply in the event that our contracted suppliers should default or be delayed in their performance. A significant disruption in supply of raw material, contract labour, power or third party services for our warehousing operations may, in turn, disrupt our operations and adversely affect our inventory management, business and financial condition, at least until alternative sources of supply of goods and services are arranged. We also use, and intend to continue to use, third party transporters for transporting our personnel to the manufacturing units, for the supply of our raw materials and for deliveries of our products to our customers. Set forth below are details regarding freight and forwarding expenses in the corresponding years: Particulars Restated Financial Information@ Special Purpose Combined and Carve-Out Financial Statements@ (Demerged Business) Fiscal 2026 Fiscal 2025 Fiscal 2024 Fiscal 2024 Consolidated Consolidated Standalone Amount (₹ million) Percentag e of revenue from operation s (%) Amount (₹ million) Percentag e of revenue from operation s (%) Amount (₹ million) Percentag e of revenue from operation s (%) Amount (₹ million) Percentage of revenue from operations (%) Freight and forwarding expenses 239.09 1.39% 330.18 2.40% - - 208.72 1.79% @ The Restated Financial Information pertains to our Company for the years ended March 31, 2026, March 31, 2025 and March 31, 2024 while the Special Purpose Combined and Carve-Out Financial Statements pertain to the Demerged Business for the year ended March 31, 2024. Increased transportation costs as well as interruptions due to strikes by members of truckers’ unions or shipping delays or adverse weather conditions or inadequate transport infrastructure may, to the extent that our losses are not covered by insurance, adversely affect the timely receipt of our raw materials as well as products, resulting in an adverse impact on our business, results of operations, financial condition and cash flows."
lohiacorp,43,"Pricing pressure from customers may affect our margins, profitability and ability to increase our prices, which in turn may materially adversely affect our business, results of operations, financial condition and cash flows. Pursuing cost-cutting measures while maintaining rigorous quality standards may lead to an erosion of our margins, which may have a material adverse effect on our business, results of operations and financial condition. In addition, estimating amounts of such price reductions is subject to risk and uncertainties, as any price reduction is the result of negotiations and other factors. Accordingly, machinery manufacturing companies like us must be able to reduce their operating costs in order to maintain profitability. Such price reductions may affect our sales and profit margins. If we are unable to offset customer price reductions in the future through improved operating efficiencies, new manufacturing processes, sourcing alternatives and other cost reduction initiatives, our business, results of operations, financial condition and cash flows may be adversely affected. Our customers also negotiate for larger discounts in price as the volume of their orders increases. To maintain our profit margins, we seek price reductions from our suppliers, improved production processes to increase manufacturing efficiency and streamlined product designs to reduce costs. There can be no assurance that we will be able to avoid future customer price reductions or offset the impact of any such price reductions through continued technology improvements, improved operational efficiencies, cost-effective sourcing alternatives, new manufacturing processes, cost reductions or other productivity initiatives, which may adversely affect our results of operations, financial condition and cash flows."
lohiacorp,44,"Our operating and financial performance may be harmed as a consequence of breaches of our contractual commitments. The timely and satisfactory execution of our contractual commitments depends upon numerous factors, including our ability to develop the technologies necessary to provide, directly or through third parties, the products and services required by our customers. The failure by us to deliver, in a timely manner or at all, the products and services we are obliged to deliver, or any fault in contract execution (including as a result of delays or breaches by our suppliers), may lead to higher costs or penalties or the calling of performance bonds. This may negatively affect our operating and financial performance. While we have not experienced any such instances in the last three Fiscals which had a material impact on our business, results of operations and financial condition, there can be no assurance that we would not face any situations in the future, and any future breach of our contractual commitments could result in an adverse effect on our operations, financial conditions and result of operations"
lohiacorp,45,"Our information and reporting systems need to be monitored and updated periodically. Failure to utilize our information and reporting systems or undertake periodic checks and upgrades may adversely affect our results of operations, financial condition and cash flows. Effective information and reporting systems are critical to our operations. Among other things, we rely on timely access to reliable information in order to provide services to our customers and prudently manage our assets and liabilities, liquidity and overall financial condition. In addition, our ability to manage our operational risk depends on access to such information. We are implementing certain software and reporting initiatives, and upgrading our enterprise resource planning system, but we cannot assure you that this will be completed successfully. In addition, we cannot assure you of the adequacy of our reporting systems, that our new information technology system will not become quickly out-dated or that our employees will be adequately trained in how to operate or comply with such systems. Further upgrades of our information and reporting systems take time and may entail significant technical and implementation risks. We cannot assure you that our systems will be adequate to address our information and reporting inadequacies, or that we will be able to respond to technological advances and changing industry standards and practices on a cost effective and timely basis. If our systems are inadequate or quickly become out-dated or our employees are not adequately trained in how to operate and comply with such systems, our financial condition, liquidity and results of operations could be adversely affected."
lohiacorp,46,"Our manufacturing facilities are dependent on adequate and uninterrupted supplies of electricity, water and fuel; shortage or disruption in electricity, water or fuel supplies may lead to disruption in operations, higher operating cost and consequent decline in operating margins. Adequate and cost effective supply of electrical power, water and fuel is critical to our manufacturing facilities. Set forth below are details of power and fuel costs in each of the corresponding periods: Particulars Restated Financial Information@ Special Purpose Combined and Carve-Out Financial Statements@ (Demerged Business) Fiscal 2026 Fiscal 2025 Fiscal 2024 Fiscal 2024 Consolidated Consolidated Standalone (₹ million) Percenta ge of revenue from operatio ns (%) (₹ million) Percenta ge of revenue from operatio ns (%) (₹ million) Percenta ge of revenue from operatio ns (%) (₹ million) Percentage of revenue from operations (%) Power and fuel 222.32 1.29% 214.02 1.55% - - 218.53 1.87% @ The Restated Financial Information pertains to our Company for the years ended March 31, 2026, March 31, 2025 and March 31, 2024 while the Special Purpose Combined and Carve-Out Financial Statements pertain to the Demerged Business for the year ended March 31, 2024. We source most of our electricity requirements for our manufacturing facilities from state electricity boards. We cannot assure you that the cost of electricity from state electricity boards will continue to be lower than if we were to generate power in-house. If for any reason such electricity is not available, we may need to shut down our plants until an adequate supply of electricity is restored. Interruptions of electricity supply can also result in production shutdowns, increased costs associated with restarting production and the loss of production in progress. There may be power cuts in the supply provided by the respective state electricity boards from time to time. While we have stand-by captive generator sets and UPS system for our operations, these may not be adequate to support all our operations. If the per unit cost of electricity is increased by the state electricity boards our power costs will increase. It may not be possible to pass on any increase in our power costs to our customers and an interruption in or limited supply of electricity may result in suspension of our manufacturing operations. A prolonged suspension in production could materially and adversely affect our business, results of operations, financial condition and cash flows. In addition to the production losses that we would incur during production shutdowns in the absence of supply of electrical power, we would not be able to immediately return to full production volumes following power interruptions, however brief. Any interruption of power, even if short, could give rise to inefficiencies when we resume production."
lohiacorp,47,"We have received certain benefits under government schemes in the past. We may not be able to fulfil our obligations under such schemes, and there can be no assurance that such schemes will be recurring in future, which in turn may increase our expenses and impact our profitability. We have availed of the Export Promotion Capital Goods (“EPCG”) scheme of the GoI in the past, and such duty saved in respect of procurement of capital goods have been recognised as ‘income from government grants’ in our financials. In Fiscals 2026 and 2025, such government grants amounted to ₹ 72.51 million and ₹ 57.58 million, respectively, as per the Restated Financial Information. In Fiscal 2024, such government grants amounted to ₹ 33.19 million, as per the Special Purpose Combined and Carve-Out Financial Statements of the Demerged Business. The EPCG scheme helps facilitate the import of capital goods that are used in pre-production, production, and post-production without the payment of customs duty. There can be no assurance that we will be able to fulfil our obligations under the EPCG scheme, or any similar schemes that we may benefit from, which may result in us losing such benefits. Any revocation of such schemes by the GoI, or us not being eligible to avail of such benefits, may increase our expenses and adversely affect our results of operations, financial condition and cash flows."
lohiacorp,48,"We have limited experience in certain of the businesses we propose to enter into, such as our entry into recycling machines for plastic waste and the market for machines for post-consumer recycling for non-food grades. This makes it difficult to assess our future growth prospects. Failure to grow these businesses successfully may adversely affect our business, results of operations, financial condition and cash flows. As part of our growth strategies, we intend to expand new lines of business, such as recycling machines for plastic waste. We intend to develop new machines to enter into the market for post-consumer recycling for non-food grades. We aim to enhance our global market share and our strategy lies in bridging the gap between quality and affordability with globally competitive, India-manufactured machines. We also intend to continue our innovation efforts, particularly in the aspect of developing and digitisation of our machinery and equipment. Our key initiatives include our recycling machine, the ‘ReclaMax’ shredder for Raffia waste and our pipeline includes the ‘ReclaPro’ cutter- compactor for film and post-consumer recycling, modular washing systems with wastewater treatment and AI-driven sorting technologies. We cannot assure you that our proposed new lines of business will be successful or that we will enjoy the same customer recognition as in our other more established offerings. Further, these operations may be accompanied by operating and marketing challenges that may be different from those we currently encounter. Assessing the future prospects of our new lines of business is challenging in light of both known and unknown risks and difficulties we may encounter, and could place significant demands on the management team and our other resources. If we fail to successfully develop and operate these new services in an increasingly competitive market, we may not be able to capture the growth opportunities associated with these new services or recover our costs, which could adversely affect our results of operations, financial condition and cash flows."
lohiacorp,49,"We have commissioned an industry report from Frost & Sullivan (India) Private Limited, which has been used for industry related data in this Red Herring Prospectus. We have availed the services of an independent third-party research agency, Frost & Sullivan (India) Private Limited, appointed by our Company on February 24, 2025, to prepare an industry report titled “Market Assessment of Machinery for Technical Textiles with Emphasis on Woven Fabric and Sack Production” dated June 17, 2026 for the purpose of inclusion of such information in this Red Herring Prospectus to understand the industry in which we operate. Our Company, our Subsidiaries, the Selling Shareholders, our Promoters, our Key Managerial Personnel, our Senior Management, our Directors and the Book Running Lead Managers, are not related to Frost & Sullivan (India) Private Limited. This report is based upon certain assumptions that are subjective in nature. Further the commissioned report is not a recommendation to invest or divest in our Company. Prospective investors are advised not to unduly rely on the commissioned report or extracts thereof as included in this Red Herring Prospectus, when making their investment decisions. See “Industry Overview” on page 150."
lohiacorp,50,"Some of our Directors are not on the boards of listed companies. Such directors may not have adequate experience to address complexities associated with listed companies, which could have an adverse effect on our business, results of operations, financial condition and cash flows. Other than our Independent Directors, Dinesh Kumar Mittal, Basant Seth and Naresh Kumar Gupta and our Chairman and Managing Director, Raj Kumar Lohia, none of our other Directors are currently, or have been in the past, directors on the board of any listed companies. For further information, see “Our Management – Board of Directors” on page 254. We cannot assure you that the lack of experience of being on the board of listed companies will affect not their ability to effectively address the specific complexities associated with being a listed company. Our Directors’ failure to address the demands of being a listed company may adversely effect on our business, results of operations, financial condition and cash flows."
lohiacorp,51,"If we experience insufficient cash flows to fund our working capital requirements or if we are not able to provide collateral to obtain letters of credit and bank guarantees in sufficient quantities, there may be an adverse effect on our business, results of operations, financial condition and cash flows. Our business requires working capital including in connection with our manufacturing operations and our development of new products. The actual amount of our future capital requirements may differ from estimates as a result of, among other factors, variation in the scale of our business, unforeseen delays or cost overruns, unanticipated expenses, change in working capital norms owing to evolving business requirements, regulatory changes, economic conditions, technological changes and additional market developments. Set forth below are Net Working Capital Days in each of the corresponding periods: Particulars Restated Financial Information@ Special Purpose Combined and Carve-Out Financial Statements@ (Demerged Business) Fiscal 2026 Fiscal 2025 Fiscal 2024 Fiscal 2024 Consolidated Consolidated Standalone (₹ million) As number of days of revenue from operation s* (₹ million) As number of days of revenue from operation s* (₹ million) As number of days of revenue from operation s* (₹ million) As number of days of revenue from operations* Inventories 3,964.79 2,962.12 - - 2,951.41 Trade Receivables 1,384.08 1,199.73 - - 870.90 Trade Payables 1,412.44 1,054.87 0.01 - 942.94 Net Working Capital** 3,936.43 3,106.98 (0.01) - 2,879.37 * Computed as the respective particulars divided by revenue from operations for the relevant year multiplied by the number of days in the relevant year. The number of days considered for Fiscals 2026, 2025 and 2024 were 365 days. ** Net Working Capital is calculated as inventories add trade receivables less trade payables. @ The Restated Financial Information pertains to our Company for the years ended March 31, 2026, March 31, 2025 and March 31, 2024 while the Special Purpose Combined and Carve-Out Financial Statements pertain to the Demerged Business for the year ended March 31, 2024. Our sources of additional financing, where required to meet our working capital needs, may include the incurrence of debt, the issue of equity or debt securities or a combination of both. If we decide to raise additional funds through the incurrence of debt and increase in rate of interest for any reason whatsoever, our interest and debt repayment obligations will increase, which may have a significant effect on our profitability and cash flows. We may also become subject to additional covenants, which could limit our ability to access cash flows from operations and undertake certain types of transactions. Any issuance of equity, on the other hand, would result in a dilution of the shareholding of existing shareholders. In many cases, a significant amount of our working capital is required to finance the purchase of raw materials and the development and manufacturing of products before payment is received from customers. Our working capital requirements may increase if the payment terms in our agreements with our customers include reduced advance payments or longer payment schedules. These factors may result in increases in the amount of our receivables and may result in increases in any future short-term borrowings. Continued increases in our working capital requirements may have an adverse effect on our results of operations, cash flows and financial condition."
lohiacorp,52,"We will continue to be controlled by our Promoters and certain members of the Promoter Group after the completion of the Offer. As of the date of this Red Herring Prospectus, our Promoters and certain members of the Promoter Group hold 95.61 % of the issued, subscribed and paid-up Equity Share capital of our Company. Upon completion of the Offer, our Promoters and certain members of the Promoter Group together will continue to hold majority of our equity share capital, which will allow them to continue to control the outcome of matters submitted to our Shareholders for approval. After this Offer, our Promoters will continue to exercise significant control or exert significant influence over our business and major policy decisions, including but not limited to control the composition of our Board, delay, defer or cause a change of our control or a change in our capital structure, delay, defer or cause a merger, consolidation, takeover or other business combination involving us. The interests of our Promoters and certain members of the Promoter Group may conflict with your interests and the interests of our other shareholders, and our Promoters and certain members of the Promoter Group could make decisions that may adversely affect our business operations, and hence the value of your investment in the Equity Shares."
lohiacorp,53,"Our Company will not receive any proceeds from the Offer. The Offer comprises an Offer for Sale aggregating up to 25,931,407 Equity Shares by the Selling Shareholders. Certain of the Selling Shareholders are our Promoters and Directors, who may accordingly receive certain proceeds from the Offer. Our Company will not receive any proceeds from the Offer for Sale. All the expenses relating to the Offer shall be paid by our Company in the first instance. Upon commencement of listing and trading of the Equity Shares on the Stock Exchanges pursuant to the Offer, each Selling Shareholder shall reimburse our Company for any expenses in relation to the Offer paid by our Company on behalf of the Selling Shareholders directly from the Public Offer Account except as may be prescribed by the SEBI or any other regulatory authority, in proportion to the Equity Shares offered in the Offer by each Selling Shareholder."
lohiacorp,54,"Our Promoters, certain of our Directors and Key Managerial Personnel may have interests other than reimbursement of expenses incurred and normal remuneration or benefits. Our Promoters, certain of our Directors and Key Managerial Personnel are interested in our Company, in addition to regular remuneration or benefits and reimbursement of expenses and such interests are to the extent of their, their relatives and their company’s shareholding in our Company and our Subsidiaries, payment of dividend or distributions thereon. For the payments that are made by our Company to related parties including remuneration to our Directors and our Key Managerial Personnel, see “Summary of Related Party Transactions” on page 80 and “Our Promoter and Promoter Group – Interests of Promoters and Related Party Transactions” on page 272. Our Promoters Raj Kumar Lohia and Gaurav Lohia may also be interested in our Company on account of certain inventions (in respect of the woven fabrics industry) that have been assigned by them for use by our Company to develop, manufacture and sell machines. If these inventions are used by us for purposes other than development and manufacture of machines, Raj Kumar Lohia and Gaurav Lohia may be entitled to a mutually agreed share of profits from such commercialization of said inventions. Further, a loan of ₹ 1.00 million and ₹ 0.36 million was provided to Anupam Agarwal, the Chief Financial Officer of our Company and Shikha Srivastava, the Company Secretary and Compliance Officer of our Company, respectively in Fiscal 2026 by our Company. We cannot assure you that our Promoters, Directors and Key Managerial Personnel will exercise their rights to the benefit and best interest of our Company. As Shareholders of our Company, our Promoters, Directors or Key Managerial Personnel, may take or block actions with respect to our business which may conflict with the interests of the minority shareholders of our Company."
lohiacorp,55,"Fraud, theft, employee negligence or similar incidents may adversely affect our results of operations and financial condition. Our operations may be subject to incidents of theft or damage to inventory. The business may also encounter some inventory loss on account of employee theft, vendor fraud and general administrative error. While we have not experienced any such instance in the last three Fiscals which had a material impact on our business, results of operations and financial condition, there can be no assurance that we will not experience any fraud, theft, employee negligence, security lapse or similar incidents in the future, which could adversely affect our results of operations and financial condition. Additionally, losses due to theft, fire, breakage or damage caused by other casualties, could adversely affect our results of operations, financial condition and cash flows."
lohiacorp,56,"If we fail to maintain an effective system of internal controls, we may not be able to successfully manage, or accurately report our financial risks. Effective internal controls are necessary for us to prepare reliable financial reports and effectively avoid fraud. Moreover, any internal controls that we may implement, or our level of compliance with such controls, may deteriorate over time, due to evolving business conditions. Our Joint Statutory Auditors have, in their examination report to the financial statements for Fiscal 2026 and 2025, noted an ‘other matter’ pertaining to operating effectiveness of internal financial controls for the years ended March 31, 2026 and March 31, 2025. The Joint Statutory Auditors have stated that “the adequacy and operating effectiveness of the internal financial controls with reference to consolidated financial statements in so far as it relates to two subsidiary companies, which are companies incorporated in India, is based on the corresponding reports of the auditors of such companies incorporated in India.” While their opinion is not modified in respect of this matter, we cannot assure you that deficiencies in our internal controls will not arise in the future, or that we will be able to implement, and continue to maintain, adequate measures to rectify or mitigate any such deficiencies in our internal controls. Any inability on our part to adequately detect, rectify or mitigate any such deficiencies in our internal controls may adversely impact our ability to accurately report, or successfully manage, our financial risks, and to avoid fraud, each of which may have an adverse effect on our business, results of operations, financial condition and cash flows."
lohiacorp,57,"As of March 31, 2026, we had contingent liabilities which have not been provided for in our financial statements and could adversely affect our financial condition. As of March 31, 2026, we had contingent liabilities not provided for. The following sets forth our contingent liabilities and commitments as disclosed in the notes to our Restated Financial Information, as of March 31, 2026: Particulars Amount (₹ million) Contingent liabilities, contingent assets and commitments^ a. Claims against the Group not acknowledged as debts 46.94 Our Company is contesting certain claims filed against our Company by past employees and external parties in various forums. Based on the available documentation and expert views, our Company has created provisions wherever required and for balance matters, it believes that more likely than not, these disputes would not result in additional outflow of resources. ^ Includes cases which was transferred to our Company pursuant to Hon'ble NCLT order dated April 16, 2024. b. Contingent liability of direct and indirect tax (i) GST matters (refer (a) and (b) below) 27.41 (ii) Income tax (refer (c) below) - (a) Our Company has received show cause cum demand notice received from DGGI (Directorate General of GST Intelligence) – Mumbai Zonal Unit on March 31, 2023, against which our Company has filed reply on April 28, 2023. The order dated January 31, 2025 has confirmed the penalty of ₹17.12 million, our Company is contesting the case and has filed an appeal with the appellate authority. Based on the available documentation and tax experts view, our Company believes that more likely than not, these disputes would not result in additional outflow of resources. (b) Our Company has received assessment order from the Joint Commissioner, State Taxes, Corporate Circle, Kanpur I, Range – Kanpur A on December 29, 2025. The assessing officer has imposed a liability of ₹ 10.29 million. Our Company is contesting the order and has filed an appeal with the appellate authority on January 6, 2026. Based on the available documentation and tax experts view, our Company believes that more likely than not, these disputes would not result in additional outflow of resources. (c) Our Company has received order under section 144C(1) of the Income Tax Act, 1961 amounting to ₹ 0.67 million, against which our Company has filed an objection before Hon’ble Dispute Resolution Panel on January 19, 2024. The dispute has been settled during the current period and the associated liability has been paid. ^ Includes cases which was transferred to our Company pursuant to Hon'ble NCLT order dated April 16, 2024. c. Capital and other commitments Estimated amount of contracts remaining to be executed on capital account (net of capital advances) and not provided for 33.44 d. Corporate guarantees given^ Our Company has issued corporate guarantee aggregating to ₹413.00 million on behalf of its subsidiary company Leesona Corp, USA to HSBC bank for the purpose of credit facility taken by the subsidiary. ^ Includes guarantee which was transferred to our Company pursuant to Hon'ble NCLT order dated April 16, 2024. 413.00 If any of the claims in the contingent liabilities materialise, fully or partly, our financial condition could be materially and adversely affected. For further information, see “Restated Financial Information – Note 36. Contingent liabilities, contingent assets and commitments” on page 327."
lohiacorp,58,"We have had instances of delays in payments of of statutory dues by our Company and its Subsidiaries. Any delays in payment of statutory dues may attract financial penalties from the respective government authorities and in turn may have an adverse impact on our financial condition and cash flows. We are subject to ongoing reporting and compliance requirements and are required to make payments of periodic statutory dues, which we may not be able to undertake at all times. The table below sets forth the details of the statutory dues paid by our Company and its Subsidiaries in relation to the employees of our Company and its Subsidiaries for the period/Fiscals indicated below: Particulars Fiscal 2026 Fiscal 2025 Fiscal 2024* Number of employees as of March 31, 2026 Statutory dues paid (in ₹ million) Number of employee s as of Statutory dues paid (in ₹ million) Number of employees as of March 31, 2024 Statutory dues paid (in ₹ million) March 31, 2025 The Employee Provident Fund (₹ million) 2,010 135.90 1,742 125.78 - - ESIC (₹ million) 2,010 4.29 1,742 4.67 - - Professional tax (₹ million) 2,010 0.44 1,742 0.40 - - TDS on salaries (₹ million) 2,010 131.10 1,742 150.25 - - TDS on other than salaries (₹ million) NA 100.39 NA 65.52 NA - GST (₹ million) NA 2,415.65 NA 1,610.10 NA - *In the financial year ended March 31, 2024, the Restated Standalone Financial Information is with respect to the period from the date of incorporation of the Company (i.e., June 5, 2023) until March 31, 2024. Note: (1) Number of employees include the employees of foreign subsidiaries as well (2) Statutory dues paid only pertain to our Company and its Indian Subsidiaries (3) Information with respect to the Company is based on the Restated Financial Information While there have been no instances of default or non-payment in payment of statutory dues by our Company and its Subsidiaries for the period/Fiscals in the Fiscals 2026, 2025 and 2024, we cannot assure you that we will not be subject to any penalties, fines or other regulatory actions in the future that could have a material adverse effect on our business, financial condition, results of operations and cash flows. There has been no delay in the payment of statutory dues/liabilities under the said acts, except as follows: Particulars Fiscal 2026 Fiscal 2025 Fiscal 2024** Number of instances Amount delayed (in ₹ million) Number of instances Amount delayed (in ₹ million) Number of instances Amount delayed (in ₹ million) ESIC (₹ million) - - 1* 0.22 - - Professional tax (₹ million) 3# 0.03 7$ 0.06 - - *The delay in payment of ESIC in the FY 24-25 is of 2 days $The delay in payment of professional tax in the FY 24-25 ranges from 2-33 days #The delay in payment of professional tax in the FY 25-26 ranges from 3-9 days ** In the financial year ended March 31, 2024, the Restated Standalone Financial Information is with respect to the period from the date of incorporation of the Company (i.e., June 5, 2023) until March 31, 2024. We cannot assure you that we will not face delays in payments of statutory dues in the future and may subsequently be subject to penalties and fines, which may have a material adverse effect on our financial condition and cash flows."
lohiacorp,59,"Our ability to pay dividends in the future will depend on our future cash flows, working capital requirements, capital expenditures and financial condition. Any dividends to be declared and paid in the future are required to be recommended by our Company’s Board of Directors and approved by its Shareholders, at their discretion, subject to the provisions of the Articles of Association and applicable law, including the Companies Act. While we have declared and paid dividends in the past, our Company’s ability to pay dividends in the future will depend upon our future results of operations, financial condition, cash flows, sufficient profitability, working capital requirements and capital expenditure requirements. We cannot assure you that we will generate sufficient revenues to cover our operating expenses and, as such, have profits to pay dividends to our Company’s shareholders in future. For details pertaining to dividend declared by our Company in the past, see “Dividend Policy” on page 276."
lohiacorp,60,"We have in this Red Herring Prospectus included certain non-GAAP financial measures and certain other industry measures related to our operations and financial performance. These non-GAAP measures and industry measures may vary from any standard methodology that is applicable across the industry in which we operate, and therefore may not be comparable with financial or industry related statistical information of similar nomenclature computed and presented by other companies. Certain non-GAAP financial measures and certain other industry measures relating to our operations and financial performance have been included in this Red Herring Prospectus. We compute and disclose such non-GAAP financial measures and such other industry related statistical information relating to our operations and financial performance as we consider such information to be useful measures of our business and financial performance, and because such measures are frequently used by securities analysts, investors and others to evaluate the operational performance of the industry in which we operate, many of which provide such non-GAAP financial measures and other industry related statistical and operational information. Such supplemental financial and operational information is therefore of limited utility as an analytical tool, and investors are cautioned against considering such information either in isolation or as a substitute for an analysis of our audited financial statements as reported under applicable accounting standards disclosed elsewhere in this Red Herring Prospectus. These non-GAAP financial measures and such other industry related statistical and other information relating to our operations and financial performance may not be computed on the basis of any standard methodology that is applicable across the industry and therefore may not be comparable to financial measures and industry related statistical information of similar nomenclature that may be computed and presented by other companies. For further information, see “Management’s Discussion and Analysis of Financial Condition and Results of Operations – Non-GAAP Measures” on page 411. External Risk Factors"
lohiacorp,61,"The determination of the Price Band is based on various factors and assumptions and the Offer Price, price to earnings ratio and market capitalization to revenue multiple based on the Offer Price of our Company, may not be indicative of the market price of our Company on listing or thereafter. Our revenue from operations for Fiscal 2026 was ₹ 17,169.95 million and profit for the year attributable to owners of Lohia Corp Limited for Fiscal 2026 was ₹ 1,933.63 million, as per the Restated Financial Information. The table below provides details of our price to earnings ratio and market capitalization to revenue from operations at the upper end of the Price Band: Particulars Price to Earnings Ratio Market Capitalization to Revenue Fiscal 2026 [●] [●] * To be populated at Prospectus stage. The determination of the Price Band is based on various factors and assumptions and will be determined by our Company in consultation with the BRLMs. The relevant financial parameters based on which the Price Band will be determined shall be disclosed in the advertisement that will be issued for the publication of the Price Band. Further, the Offer Price of the Equity Shares is proposed to be determined on the basis of assessment of market demand for the Equity Shares offered through the book-building process prescribed under the SEBI ICDR Regulations, and certain quantitative and qualitative factors as set out in the section “Basis for the Offer Price” on page 129 and the Offer Price, multiples and ratios may not be indicative of the market price of our Company on listing or thereafter. We cannot assure you that you will be able to sell your Equity Shares at or above the Offer Price."
lohiacorp,62,"Recent global economic conditions have been challenging and continue to affect the Indian market, which may adversely affect our business, results of operations, financial condition and cash flows. The Indian economy and its securities markets are influenced by economic developments and volatility in securities markets in other countries. Investors’ reactions to developments in one country may have adverse effects on the market price of securities of companies located in other countries, including India. Negative economic developments, such as rising fiscal or trade deficits, or a default on national debt, in other emerging market countries or an onset of recession, may also affect investor confidence and cause increased volatility in Indian securities markets and indirectly affect the Indian economy in general. Any worldwide financial instability could also have a negative impact on the Indian economy, including the movement of exchange rates and interest rates in India and could then adversely affect our business, financial performance and the price of our Equity Shares. Further, the generalized system of preferences, a US trade preference program, situation in the United Sates is also subject to changes and modification without notice and which could impact the duty structure applicable to certain of our products exported to the United States. We cannot assure that our products will not be subject adverse duty levy in any of our export markets. Any other global economic developments or the perception that any of them could occur may continue to have an adverse effect on global economic conditions and the stability of global financial markets, and may significantly reduce global market liquidity and restrict the ability of key market participants to operate in certain financial markets. Any of these factors could depress economic activity and restrict our access to capital, which could have an adverse effect on our business, results of operations, financial condition and cash flows and reduce the price of our equity shares. Any financial disruption could have an adverse effect on our future financial performance, shareholders’ equity and the price of our Equity Shares."
lohiacorp,63,"Natural or man-made disasters, fires, epidemics, pandemics, acts of war, terrorist attacks, civil unrest and other events could adversely affect our business, results of operations, financial condition and cash flows. Natural disasters (such as typhoons, flooding and earthquakes), epidemics, pandemics such as COVID-19 and man- made disasters, including acts of war, terrorist attacks and other events, many of which are beyond our control, may lead to economic instability, including in India or globally, which may in turn materially and adversely affect our business, financial condition and results of operations. Our operations may be adversely affected by fires, natural disasters and/or severe weather, which can result in damage to our property or inventory and generally reduce our productivity and may require us to evacuate personnel and suspend operations. Any terrorist attacks or civil unrest as well as other adverse social, economic and political events in India or countries to who we sell our products could have a negative effect on us. For instance, present relations between India and Pakistan continue to be fragile on the issues of terrorism, armaments and Kashmir. Further, there have been continuing border disputes between India and China. Military activity or terrorist attacks in the future could influence the Indian economy by disrupting communications and making travel more difficult. Such political tensions also could create a greater perception that investments in Indian companies involve higher degrees of risk. Events of this nature in the future, as well as social and civil unrest within other countries in Asia and the Middle East, could influence the Indian economy and could have a material adverse effect on the market for securities of Indian companies. A number of countries in Asia, including India, as well as countries in other parts of the world, are susceptible to contagious diseases and, for example, have had confirmed cases of diseases such as the highly pathogenic H7N9, H5N1 and H1N1 strains of influenza in birds and swine. In addition, the COVID-19 pandemic had caused a worldwide health crisis and economic downturn. Any present or future outbreak of a contagious disease could have a material adverse effect on our business and the trading price of the Equity Shares. Such events may lead to the disruption of information systems and telecommunication services for sustained periods. They also may make it difficult or impossible for employees to reach our business locations. Damage or destruction that interrupts our provision of services could adversely affect our reputation, our relationships with our customers, our senior management team’s ability to administer and supervise our business or it may cause us to incur substantial additional expenditure to repair or replace damaged equipment or rebuild parts of our facility. While we have not experienced any major disruptions or shutdowns as a result of natural or man-made disasters in the last three Fiscals which had a material impact on our business, results of operations and financial condition, we cannot assure you that any of the above factors may not adversely affect our business, results of operations and financial condition."
lohiacorp,64,Any downgrading of India’s sovereign debt rating by an international rating agency could have a negative impact on our business and results of operations. Our borrowing costs and our access to the debt capital markets depend significantly on the credit ratings of India. Any adverse revisions to credit ratings for India and other jurisdictions we operate in by international rating agencies may adversely impact our ability to raise additional financing. This could have an adverse effect on our ability to fund our growth on favourable terms and consequently adversely affect our business and financial performance and the price of the Equity Shares.
lohiacorp,65,"Changing laws, rules or regulations and legal uncertainties including taxation laws, or their interpretation, such changes may significantly affect our financial statements. The regulatory environment in which we operate is evolving and is subject to change. The GoI may implement new laws or other regulations or change existing laws or regulations such as the Jute Packaging Material (Compulsory Use in Packaging Commodities) Act, 1987 that could affect the industry in which we operate, or which could lead to new compliance requirements. Any new compliance requirements could increase our costs or otherwise adversely affect our business, financial condition and results of operations. Further, the manner in which new requirements will be enforced or interpreted can lead to uncertainty in our operations and could adversely affect our operations. For instance, the Supreme Court of India has in a decision clarified the components of basic wages which need to be considered by companies while making provident fund payments, which resulted in an increase in the provident fund payments to be made by companies. For details on the laws applicable to us, please see “Key Regulations and Policies” on page 236. The GoI has implemented a series of tax reforms through the Finance Act, 2026 (the “Finance Act”), applicable to the Fiscal 2027. In addition, the Income Tax Act, 2025 (the “IT Act”) was accorded Presidential assent on August 21, 2025 and came into force on April 1, 2026. The IT Act, inter alia, overhauls the existing income tax framework and supersedes the Income Tax Act, 1961. Further, the IT Act provides domestic companies an option to pay corporate income tax at the effective rate of approximately 25.17% (inclusive of applicable surcharge and health and education cess), as compared to effective rate of 34.94% (inclusive of applicable surcharge and health and education cess), provided such companies do not claim certain specified deductions or exemptions. Further, where a company has opted to pay the reduced corporate tax rate, the minimum alternate tax provisions would not be applicable. Any such future amendments may affect our ability to claim exemptions that we have historically benefited from, and such exemptions may no longer be available to us. Any adverse order passed by the appellate authorities/ tribunals/ courts would have an effect on our profitability. Earlier, distribution of dividends by a domestic company was subject to Dividend Distribution Tax (“DDT”), in the hands of the company at an effective rate of 20.56% (inclusive of applicable surcharge and cess). Such dividends were generally exempt from tax in the hands of the shareholders. However, the GoI has amended the IT Act to abolish the DDT regime. Accordingly, any dividend distribution by a domestic company is subject to tax in the hands of the investor at the applicable rate. Additionally, we are required to withhold tax on such dividends distributed at the applicable rate. Investors are advised to consult their own tax advisors and to carefully consider the potential tax consequences of owning, investing or trading in the Equity Shares. Uncertainty in the applicability, interpretation or implementation of any amendment to, or change in, governing law, regulation or policy, including by reason of an absence, or a limited body, of administrative or judicial precedent, may be time consuming as well as costly for us to resolve and may affect the viability of our current business or restrict our ability to grow our business in the future. Unfavourable changes in or interpretations of existing, or the promulgation of new, laws, rules and regulations including foreign investment and stamp duty laws governing our business and operations could result in us being deemed to be in contravention of such laws and may require us to apply for additional approvals. For instance, the Supreme Court of India has in a decision clarified the components of basic wages which need to be considered by companies while making provident fund payments, which resulted in an increase in the provident fund payments to be made by companies. Any such decisions in future or any further changes in interpretation of laws may have an impact on our results of operations. The GoI has passed new laws relating to social security, occupational safety, industrial relations and wages namely, the Code on Social Security, 2020 (“Social Security Code”), the Occupational Safety, Health and Working Conditions Code, 2020, the Industrial Relations Code, 2020 and the Code on Wages, 2019 (“Wages Code”, and collectively, the “Labour Codes”) which were made effective from November 21, 2025. Subsequently, the GoI has notified the Industrial Relations (Central) Rules, 2026, the Occupational Safety, Health and Working Conditions (Central) Rules, 2026, the Social Security (Central) Rules, 2026 and the Code on Wages (Central) Rules, 2026 on May 8, 2026. For instance, under the Social Security Code, a new concept of deemed remuneration has been introduced, such that where an employee receives more than half (or such other percentage as may be notified by the Central Government) of their total remuneration in the form of allowances and other amounts that are not included within the definition of wages under the Social Security Code, the excess amount received shall be deemed as remuneration and accordingly be added to wages for the purposes of the Social Security Code and the compulsory contribution to be made towards the employees’ provident fund. The Digital Personal Data Protection Act, 2023 (“DPDP Act”) which was recently enacted provides for personal data protection and privacy of individuals, regulates cross border data transfer, and provides several exemptions for personal data processing by the Government. It also provides for the establishment of a Data Protection Board of India for taking remedial actions and imposing penalties for breach of the provisions of the DPDP Act. It imposes restrictions and obligations on data fiduciaries, resulting from dealing with personal data and further, provides for levy of penalties for breach of obligations prescribed under the DPDP Act. Further, the GoI has also recently notified the Digital Personal Data Protection Rules, 2025, under the DPDP Act, vide a notification dated November 13, 2025 (“DPDP Rules”). The DPDP Rules, regulate the processing of personal data in India, ensuring individuals’ privacy rights are protected. The DPDP Rules apply to all entities that process digital personal data, both within India and abroad. It mandates the conduct of data protection impact assessments for high-risk processing activities and requires the notification of data breaches within a stipulated timeframe. In another example, the Government of India has made it mandatory for business establishments with turnover above a certain size to offer digital modes of payment from November 2019, with no charges being levied on the consumers or the merchants by banks and payment service providers. The Parliament of India has passed the Bharatiya Nyaya Sanhita, 2023, the Bharatiya Nagarik Suraksha Sanhita, 2023 and the Bharatiya Sakshya Adhiniyam, 2023, which have repealed the Indian Penal Code, 1860, the Code of Criminal Procedure, 1973 and the Indian Evidence Act, 1872, respectively, with effect from July 1, 2024. The effect of the provisions of these on us and the litigations involving us cannot be predicted with certainty at this stage. Uncertainty in the applicability, interpretation or implementation of any amendment to, or change in, governing law, regulation or policy, including by reason of an absence, or a limited body, of administrative or judicial precedent may be time consuming as well as costly for us to resolve and may impact the viability of our current businesses or restrict our ability to grow our businesses in the future."
lohiacorp,66,"Financial instability in other countries may cause increased volatility in Indian financial markets. The Indian market and the Indian economy are influenced by economic and market conditions in other countries, including conditions in the United States, Europe and certain emerging economies in Asia. Financial turmoil in Asia, United States, United Kingdom, Russia and elsewhere in the world in recent years has adversely affected the Indian economy. Any worldwide financial instability may cause increased volatility in the Indian financial markets and, directly or indirectly, adversely affect the Indian economy and financial sector and us. Although economic conditions vary across markets, loss of investor confidence in one emerging economy may cause increased volatility across other economies, including India. Financial instability in other parts of the world could have a global influence and thereby negatively affect the Indian economy. Financial disruptions could materially and adversely affect our business, prospects, financial condition, results of operations and cash flows. Further, economic developments globally can have a significant impact on our principal markets. In particular, the global economy has been negatively impacted by several geopolitical conflicts, including the ongoing hostilities between the United States, Israel and Iran, and Russia and Ukraine. These conflicts could negatively impact regional and global financial markets and economic conditions, and result in global economic uncertainty and increased costs of various commodities, raw materials, energy and transportation. In addition, China is one of India’s major trading partners and there are rising concerns of a possible slowdown in the Chinese economy as well as a strained relationship with India, which could have an adverse impact on the trade relations between the two countries. In response to such developments, legislators and financial regulators in the United States and other jurisdictions, including India, implemented a number of policy measures designed to add stability to the financial markets. Further, the imposition of tariffs by the US government under its “Fair and Reciprocal Plan” may impact Indian businesses. However, the overall long-term effect of these and other legislative and regulatory efforts on the global financial markets is uncertain, and they may not have the intended stabilising effects. These developments, or the perception that any of them could occur, have had and may continue to have a material adverse effect on global economic conditions and the stability of global financial markets, and may significantly reduce global market liquidity, restrict the ability of key market participants to operate in certain financial markets or restrict our access to capital. This could have an adverse effect on our results of operations, financial condition and cash flows and reduce the price of the Equity Shares."
lohiacorp,67,"If inflation were to rise significantly in the geographies we operate, and in particular in India, we might not be able to increase the prices of our products and services at a proportional rate thereby reducing our margins. Inflation rates in India and other geographies where we conduct operations have been volatile in recent years, and such volatility may continue in the future. In particular, India has experienced high inflation in the recent past. Increased inflation can contribute to an increase in interest rates and increased costs to our business, including increased costs of transportation, wages, raw materials and other expenses relevant to our business. High fluctuations in inflation rates may make it more difficult for us to accurately estimate or control our costs. Any increase in inflation in India can increase our expenses, which we may not be able to adequately pass on to our customers, whether entirely or in part, and may adversely affect our business and financial condition. In particular, we might not be able to reduce our costs or entirely offset any increases in costs with increases in prices for our products. In such case, our business, results of operations, financial condition and cash flows may be adversely affected. Further, the Government has previously initiated economic measures to combat high inflation rates, and it is unclear whether these measures will remain in effect. There can be no assurance that Indian inflation levels will not worsen in the future."
lohiacorp,68,"Investors may not be able to enforce a judgment of a foreign court against us, our Directors, the Book Running Lead Managers or any of their directors and executive officers in India respectively, except by way of a law suit in India. Our Company is a company incorporated under the laws of India and all of our Directors reside in India. A substantial portion of our assets, certain of our Key Managerial Personnel and officers are also residents of India. As a result, it may not be possible for investors to effect service of process upon our Company or such persons in jurisdictions outside India, or to enforce judgments obtained against such parties outside India. Furthermore, it is unlikely that an Indian court would enforce foreign judgments if that court was of the view that the amount of damages awarded was excessive or inconsistent with public policy, or if judgments are in breach or contrary to Indian law. In addition, a party seeking to enforce a foreign judgment in India is required to obtain approval from the RBI to execute such a judgment or to repatriate outside India any amounts recovered. Recognition and enforcement of foreign judgments is provided for under Section 13 and Section 44A of the Code of Civil Procedure, 1908. India is not party to any international treaty in relation to the recognition or enforcement of foreign judgments. India has reciprocal recognition and enforcement of judgments in civil and commercial matters with only a limited number of jurisdictions, such as the United Kingdom, United Arab Emirates, Singapore and Hong Kong. In order to be enforceable, a judgment from a jurisdiction with reciprocity must meet certain requirements established in the Indian Code of Civil Procedure, 1908. The CPC only permits the enforcement and execution of monetary decrees in the reciprocating jurisdiction, not being in the nature of any amounts payable in respect of taxes, other charges, fines or penalties. Judgments or decrees from jurisdictions which do not have reciprocal recognition with India, including the United States, cannot be enforced by proceedings in execution in India. Therefore, a final judgment for the payment of money rendered by any court in a non-reciprocating territory for civil liability, whether or not predicated solely upon the general laws of the non-reciprocating territory, would not be directly enforceable in India. The party in whose favour a final foreign judgment in a non-reciprocating territory is rendered may bring a fresh suit in a competent court in India based on the final judgment within three years of obtaining such final judgment. However, it is unlikely that a court in India would award damages on the same basis as a foreign court if an action were brought in India or that an Indian court would enforce foreign judgments if it viewed the amount of damages as excessive or inconsistent with the public policy in India. Further, there is no assurance that a suit brought in an Indian court in relation to a foreign judgment will be disposed of in a timely manner. In addition, any person seeking to enforce a foreign judgment in India is required to obtain the prior approval of the RBI to repatriate any amount recovered, and we cannot assure that such approval will be forthcoming within a reasonable period of time, or at all, or that conditions of such approval would be acceptable. Such amount may also be subject to income tax in accordance with applicable law. Judgments or decrees from jurisdictions which do not have reciprocal recognition with India cannot be enforced by proceedings in execution in India. The United States and India do not currently have a treaty providing for reciprocal recognition and enforcement of judgments in civil and commercial matters. A final judgment for the payment of money rendered by any court in a non-reciprocating territory for civil liability, whether or not predicated solely upon the general laws of the non-reciprocating territory, would not be enforceable in India. Even if an investor obtained a judgment in such a jurisdiction against us, our officers or directors, it may be required to institute a new proceeding in India and obtain a decree from an Indian court. Any such suit must be brought in India within three years from the date of the judgment in the same manner as any other suit filed to enforce a civil liability in India."
lohiacorp,69,"Our business may be adversely affected by competition laws in India, or their adverse application or interpretation. The Competition Act, 2002, as amended (“Competition Act”) was enacted for the purpose of preventing practices that have or are likely to have an adverse effect on competition in India and has mandated the Competition Commission of India (“CCI”) to prevent such practices. Under the Competition Act, any formal or informal arrangement, understanding or action in concert, which causes or is likely to cause an appreciable adverse effect on competition (“AAEC”) is considered void and results in the imposition of substantial monetary penalties. Furthermore, any agreement among competitors which directly or indirectly involves the determination of purchase or sale prices, limits or controls production, supply, markets, technical development, investment or provision of services, shares the market or source of production or provision of services by way of allocation of geographical area, type of goods or services or number of customers in the relevant market or directly or indirectly results in bid-rigging or collusive bidding is presumed to have an appreciable adverse effect on competition. The Competition Act also prohibits abuse of a dominant position by any enterprise. On March 4, 2011, the Government of India notified and brought into force the provisions under the Competition Act in relation to combinations (the “Combination Regulation Provisions”) with effect from June 1, 2011. The Combination Regulation Provisions require that acquisition of shares, voting rights, assets or control or mergers or amalgamations, which cross the prescribed asset and turnover based thresholds, be mandatorily notified to and pre- approved by the CCI. In addition, on May 11, 2011, the CCI issued the final Competition Commission of India (Procedure in regard to the transaction of business relating to combinations) Regulations, 2011, as amended, which sets out the mechanism for implementation of the Combination Regulation Provisions under the Competition Act. The manner in which the Competition Act and the CCI affect the business environment in India may adversely affect our business, results of operations, financial condition and cash flows. The Competition (Amendment) Act, 2023 (“Competition Amendment Act”) was notified on April 11, 2023, which amends the Competition Act and give the CCI additional powers to prevent practices that harm competition and the interests of consumers. The Competition Amendment Act, inter alia, modifies the scope of certain factors used to determine AAEC, reduces the overall time limit for the assessment of combinations by the CCI from 210 days to 150 days and empowers the CCI to impose penalties based on the global turnover of entities, for anti-competitive agreements and abuse of dominant position. The applicability or interpretation of the Competition Act to any merger, amalgamation or acquisition proposed or undertaken by us, or any enforcement proceedings initiated by CCI for alleged violation of provisions of the Competition Act may have an adverse impact on our business, results of operations, financial condition and cash flows. The Competition Act aims to, among others, prohibit all agreements and transactions which may have an AAEC in India. Consequently, all agreements entered by us could be within the purview of the Competition Act. Further, the CCI has extraterritorial powers and can investigate any agreements, abusive conduct, or combination occurring outside India if such agreement, conduct, or combination has an AAEC in India. However, the impact of the provisions of the Competition Act on the agreements entered by us cannot be predicted with certainty at this stage. If we pursue acquisitions in the future, we may be affected, directly or indirectly, by the application or interpretation of any provision of the Competition Act, any enforcement proceedings initiated by the CCI, any adverse publicity that may be generated due to scrutiny or prosecution by the CCI, or any prohibition or substantial penalties levied under the Competition Act, which would adversely affect our business, results of operations, financial condition and cash flows. Risks Relating to the Equity Shares and this Offer"
lohiacorp,70,"The determination of the Price Band is based on various factors and assumptions and the Offer Price of the Equity Shares may not be indicative of the market price of the Equity Shares after the Offer. Further, the current market price of some securities listed pursuant to certain previous issues managed by the Book Running Lead Manager is below their respective issue price. The determination of the Price Band is based on various factors and assumptions and will be determined by our Company in consultation with the BRLMs. Furthermore, the Offer Price of the Equity Shares will be determined by our Company in consultation with the BRLMs through the Book Building Process. These will be based on numerous factors, including factors as described under “Basis for Offer Price” beginning on page 129 and may not be indicative of the market price for the Equity Shares after the Offer. Prior to the Offer, there has been no public market for our Equity Shares, and an active trading market may not develop or be sustained after the Offer. Listing and quotation does not guarantee that a market for our Equity Shares will develop or, if developed, the liquidity of such market for the Equity Shares. You may not be able to re-sell your Equity Shares at or above the Offer price and may as a result lose all or part of your investment. In addition to the above, the current market price of securities listed pursuant to certain previous initial public offerings managed by the BRLMs is below their respective issue price. For further details, see “Other Regulatory and Statutory Disclosures – Price information of past issues handled by the BRLMs” beginning on page 459. The factors that could affect the market price of the Equity Shares include, among others, broad market trends, financial performance and results of our Company post-listing, and other factors beyond our control. Our Equity Shares are expected to trade on the Stock Exchanges after the Offer, but we cannot assure you that an active market will develop or sustained trading will take place in the Equity Shares or provide any assurance regarding the price at which the Equity Shares will be traded after listing. Investors may not be able to sell our Equity Shares at the quoted price if there is no active trading in our Equity Shares."
lohiacorp,71,"The trading volume and market price of the Equity Shares may be volatile following the Offer. The market price of the Equity Shares may fluctuate as a result of, among other things, the following factors, some of which are beyond our control: • quarterly variations in our results of operations; • results of operations that vary from the expectations of securities analysts and investors; • results of operations that vary from those of our competitors; • changes in expectations as to our future financial performance, including financial estimates by research analysts and investors; • a change in research analysts’ recommendations; • announcements by us or our competitors of significant acquisitions, strategic alliances, joint operations or capital commitments; • announcements by third parties or governmental entities of significant claims or proceedings against us; • new laws and governmental regulations applicable to our industry; • additions or departures of key management personnel; • changes in exchange rates; • fluctuations in stock market prices and volume; and • general economic and stock market conditions. Changes in relation to any of the factors listed above could adversely affect the price of the Equity Shares."
lohiacorp,72,"The requirements of being a publicly listed company may strain our resources. We are not a publicly listed company and have not, historically, been subjected to the increased scrutiny of our affairs by shareholders, regulators and the public at large that is associated with being a listed company. As a listed company, we will incur significant legal, accounting, corporate governance and other expenses that we did not incur as an unlisted company. We will be subject to the SEBI Listing Regulations, which will, among other things, require us to file audited annual and unaudited quarterly reports with respect to our business and financial condition. If we experience any delays, we may fail to satisfy our reporting obligations and/or we may not be able to readily determine and accordingly report any changes in our results of operations as promptly as other listed companies. Further, as a publicly listed company, we will need to maintain and improve the effectiveness of our disclosure controls and procedures and internal control over financial reporting, including keeping adequate records of daily transactions. In order to maintain and improve the effectiveness of our disclosure controls and procedures and internal control over financial reporting, significant resources and management attention will be required. As a result, our management’s attention may be diverted from our business concerns, which may adversely affect our business, results of operations, financial condition and cash flows. In addition, we may need to hire additional legal and accounting staff with appropriate experience and technical accounting knowledge, but we cannot assure you that we will be able to do so in a timely and efficient manner."
lohiacorp,73,"Fluctuation in the exchange rate between the Indian Rupee and foreign currencies may have an adverse effect on the value of our Equity Shares, independent of our operating results. On listing, our Equity Shares will be quoted in Indian Rupees on the Stock Exchanges. Any dividends in respect of our Equity Shares will also be paid in Indian Rupees and subsequently converted into the relevant foreign currency for repatriation, if required. Any adverse movement in currency exchange rates during the time taken for such conversion may reduce the net dividend to foreign investors. In addition, any adverse movement in currency exchange rates during a delay in repatriating the proceeds from a sale of Equity Shares outside India, for example, because of a delay in regulatory approvals that may be required for the sale of Equity Shares may reduce the proceeds received by Shareholders. For example, the exchange rate between the Indian Rupee and the U.S. dollar has fluctuated substantially in recent years and may continue to fluctuate substantially in the future, which may have an adverse effect on the returns on our Equity Shares, independent of our operating results."
lohiacorp,74,"Investors may be subject to Indian taxes arising out of capital gains on the sale of the Equity Shares. Under current Indian tax laws, unless specifically exempted, capital gains arising from the sale of equity shares in an Indian company is generally taxable in India. A securities transaction tax (“STT”) is levied on equity shares sold on an Indian stock exchange. Any capital gains exceeding ₹125,000, realized on the sale of listed equity shares on a recognised stock exchange, held for more than 12 months may be subject to long-term capital gains tax in India at the rate of 12.5% (plus applicable surcharge and cess). This beneficial provision is, inter alia, subject to payment of STT. Further any capital gains realised on the sale of listed equity shares of an Indian company, held for more than 12 months, which are sold using any platform other than a recognized stock exchange and on which no STT has been paid, will be subject to long term capital gains tax in India at the rate of 12.5% (plus applicable surcharge and cess), without indexation benefits. Further, any gain realized on the sale of our Equity Shares held for a period of 12 months or less immediately preceding the date of transfer, will be subject to short-term capital gains tax in India at the rate of 20% (plus applicable surcharge and cess), subject to STT being paid at the time of sale of such shares. Otherwise, such gains will be taxed at the applicable rates. Capital gains arising from the sale of the Equity Shares will not be chargeable to tax in India in cases where relief from such taxation in India is provided under a treaty between India and the country of which the seller is resident read with the Multilateral Instrument, if and to the extent applicable, and the seller is entitled to avail benefits thereunder. Generally, Indian tax treaties do not limit India’s ability to impose tax on capital gains. As a result, residents of other countries may be liable for tax in India as well as in their own jurisdiction on a gain realised upon the sale of the Equity Shares. We may or may not grant the benefit of a tax treaty (where applicable) to a non-resident shareholder for the purposes of deducting tax at source pursuant to any corporate action including dividends."
lohiacorp,75,"Investors will not be able to sell immediately on an Indian stock exchange any of the Equity Shares they purchase in the Offer. The Equity Shares will be listed on the Stock Exchanges. Pursuant to applicable Indian laws, certain actions must be completed before the Equity Shares can be listed and trading in the Equity Shares may commence. Investors’ book entry, or ‘demat’ accounts with depository participants in India, are expected to be credited within one working day of the date on which the Basis of Allotment is approved by the Stock Exchanges. The Allotment of Equity Shares in the Offer and the credit of such Equity Shares to the applicant’s demat account with depository participant could take approximately three Working Days from the Bid/ Offer Closing Date and trading in the Equity Shares upon receipt of final listing and trading approvals from the Stock Exchanges is expected to commence within three Working Days of the Bid/ Offer Closing Date. There could be a failure or delay in listing of the Equity Shares on the Stock Exchanges. Any failure or delay in obtaining the approval or otherwise commence trading in the Equity Shares would restrict investors’ ability to dispose of their Equity Shares. There can be no assurance that the Equity Shares will be credited to investors’ demat accounts, or that trading in the Equity Shares will commence, within the time periods specified in this risk factor. We could also be required to pay interest at the applicable rates if allotment is not made, refund orders are not dispatched or demat credits are not made to investors within the prescribed time periods."
lohiacorp,76,"Any future issuance of Equity Shares, or convertible securities or other equity linked instruments by us may dilute your shareholding and sale of Equity Shares by shareholders with significant shareholding may adversely affect the trading price of the Equity Shares. We may be required to finance our growth through future equity offerings. Any future equity issuances by us, including a primary offering of Equity Shares, convertible securities or securities linked to Equity Shares including through exercise of employee stock options, may lead to the dilution of investors’ shareholdings in our Company. Any future equity issuances by us or sale of our Equity Shares by our shareholders may adversely affect the trading price of the Equity Shares, which may lead to other adverse consequences including difficulty in raising capital through offering of our Equity Shares or incurring additional debt. In addition, any perception by investors that such issuances or sale might occur may also affect the market price of our Equity Shares. Additionally, the disposal, pledge or encumbrance of the Equity Shares by any of our significant shareholders, or the perception that such transactions may occur, may affect the trading price of the Equity Shares. There can be no assurance that we will not issue Equity Shares, convertible securities or securities linked to Equity Shares or that our Shareholders will not dispose of, pledge or encumber their Equity Shares in the future. Any future issuances could also dilute the value of a shareholder’s investment in the Equity Shares and adversely affect the trading price of our Equity Shares. Such securities may also be issued at prices below the Offer Price."
lohiacorp,77,"Under Indian law, foreign investors are subject to investment restrictions that limit our ability to attract foreign investors, which may adversely affect the trading price of the Equity Shares. Under foreign exchange regulations currently in force in India, transfer of shares between non-residents and residents are freely permitted (subject to compliance with sectoral norms and certain other restrictions), if they comply with the pricing guidelines and reporting requirements specified by the RBI. If the transfer of shares, which are sought to be transferred, is not in compliance with such pricing guidelines or reporting requirements or falls under any of the exceptions referred to above, then a prior regulatory approval will be required. Additionally, shareholders who seek to convert Rupee proceeds from a sale of shares in India into foreign currency and repatriate that foreign currency from India require a no-objection or a tax clearance certificate from the Indian income tax authorities. Per the foreign exchange controls currently in effect in India, the RBI has provided that the price at which the Equity Shares are transferred be calculated in accordance with internationally accepted pricing methodology for the valuation of shares at an arm’s length basis, and a higher (or lower, as applicable) price per share may not be permitted. Further, due to possible delays in obtaining requisite approvals, investors in the Equity Shares may be prevented from realizing gains during periods of price increase or limiting losses during periods of price decline. In addition, pursuant to the Press Note No. 3 (2020 Series), dated April 17, 2020, issued by the DPIIT, which has been incorporated as the proviso to Rule 6(a) of the FEMA Non-debt Rules, all investments under the foreign direct investment route by entities of a country which shares land border with India or where the beneficial owner of the Equity Shares is situated in or is a citizen of any such country, can only be made through the Government approval route, as prescribed in the Consolidated FDI Policy dated October 15, 2020 and the FEMA Rules. Further, in the event of transfer of ownership of any existing or future foreign direct investment in an entity in India, directly or indirectly, resulting in the beneficial ownership falling within the aforesaid restriction/purview, such subsequent change in the beneficial ownership will also require approval of the Government of India. Furthermore, on April 22, 2020, the Ministry of Finance, Government of India, has also made similar amendment to the FEMA Rules. While the term “beneficial owner” is defined under the Prevention of Money-Laundering (Maintenance of Records) Rules, 2005 and the General Financial Rules, 2017, neither the foreign direct investment policy nor the FEMA Rules provide a definition of the term “beneficial owner”. The interpretation of “beneficial owner” and enforcement of this regulatory change involves certain uncertainties, which may have an adverse effect on our ability to raise foreign capital. We cannot assure investors that any required approval from the RBI or any other governmental agency can be obtained on any particular terms or at all. For further information, see “Restrictions on Foreign Ownership of Indian Securities” on page 494."
lohiacorp,78,"Significant differences exist between Ind AS and other accounting principles, such as U.S. GAAP and IFRS, which investors may be more familiar with and may consider material to their assessment of our financial condition. Our Restated Financial Information have been prepared and presented in conformity with Ind AS. Ind AS differs in certain significant respects from IFRS, U.S. GAAP and other accounting principles with which prospective investors may be familiar in other countries. If our financial statements were to be prepared in accordance with such other accounting principles, our results of operations, cash flows and financial position may be substantially different. Prospective investors should review the accounting policies applied in the preparation of our financial statements and consult their own professional advisers for an understanding of the differences between these accounting principles and those with which they may be more familiar. Any reliance by persons not familiar with Indian accounting practices on the financial disclosures presented in this Red Herring Prospectus should be limited accordingly."
lohiacorp,79,"QIBs and Non-Institutional Bidders are not permitted to withdraw or lower their Bids (in terms of quantity of Equity Shares or the Bid amount) at any stage after submitting a bid, and Retail Individual Bidders are not permitted to withdraw their Bids after Bid/Offer Closing Date. Pursuant to the SEBI ICDR Regulations, QIBs and Non-Institutional Bidders are required to block the Bid amount on submission of the Bid and are not permitted to withdraw or lower their Bids (in terms of quantity of equity shares or the Bid Amount) at any stage after submitting a Bid. Similarly, Retail Individual Bidders can revise or withdraw their Bids at any time during the Bid/Offer Period and until the Bid/ Offer Closing date, but not thereafter. While we are required to complete all necessary formalities for listing and commencement of trading of the Equity Shares on all Stock Exchanges where such Equity Shares are proposed to be listed, including Allotment, within three Working Days from the Bid/ Offer Closing Date or such other period as may be prescribed by the SEBI, events affecting the investors’ decision to invest in the Equity Shares, including adverse changes in international or national monetary policy, financial, political or economic conditions, our business, results of operations, cash flows or financial condition may arise between the date of submission of the Bid and Allotment. We may complete the Allotment of the Equity Shares even if such events occur, and such events may limit the investors’ ability to sell the Equity Shares Allotted pursuant to the Offer or cause the trading price of the Equity Shares to decline on listing. Therefore, QIBs and Non-Institutional Bidders will not be able to withdraw or lower their bids following adverse developments in international or national monetary policy, financial, political or economic conditions, our business, results of operations, cash flows or otherwise between the dates of submission of their Bids and Allotment."
lohiacorp,80,"There is no guarantee that our Equity Shares will be listed on the BSE and NSE in a timely manner or at all. In accordance with Indian law and practice, permission for listing and trading of our Equity Shares will not be granted until after certain actions have been completed in relation to this Issue and until Allotment of Equity Shares pursuant to this Issue. In accordance with current regulations and circulars issued by SEBI, our Equity Shares are required to be listed on the BSE and NSE within such time as mandated under UPI Circulars, subject to any change in the prescribed timeline in this regard. However, we cannot assure you that the trading in our Equity Shares will commence in a timely manner or at all. Any failure or delay in obtaining final listing and trading approvals may restrict your ability to dispose of your Equity Shares."
lohiacorp,81,"Pursuant to listing of the Equity Shares, we may be subject to pre-emptive surveillance measures like Additional Surveillance Measure (“ASM”) and Graded Surveillance Measures (“GSM”) by the Stock Exchanges in order to enhance market integrity and safeguard the interest of investors. SEBI and the Stock Exchanges, in the past, have introduced various pre-emptive surveillance measures with respect to the shares of listed companies in India (the “Listed Securities”) in order to enhance market integrity, safeguard the interests of investors and potential market abuses. In addition to various surveillance measures already implemented, and in order to further safeguard the interest of investors, the SEBI and the Stock Exchanges have introduced ASM and GSM. ASM is conducted by the Stock Exchanges on Listed Securities with surveillance concerns based on certain objective parameters such as share price, price-to-earnings ratio, percentage of delivery, client concentration, variation in volume of shares and volatility of shares, among other things. GSM is conducted by the Stock Exchanges on Listed Securities where their price quoted on the Stock Exchanges is not commensurate with, among other things, the financial performance and financial condition measures such as earnings, book value, fixed assets, net-worth, other measures such as price-to-earnings multiple and market capitalization and overall financial position of the concerned listed company, the Listed Securities of which are subject to GSM. For further details in relation to the ASM and GSM Surveillance Measures, including criteria for shortlisting and review of Listed Securities, exemptions from shortlisting and frequently asked questions (FAQs), among other details, refer to the websites of the NSE and the BSE. Upon listing, the trading of our Equity Shares would be subject to differing market conditions as well as other factors which may result in high volatility in price, low trading volumes, and a large concentration of client accounts as a percentage of combined trading volume of our Equity Shares. The occurrence of any of the abovementioned factors or other circumstances, such as volatility in the Indian and global securities market, our profitability and performance, performance of our competitors, changes in the estimates of our performance or any other political or economic factor may trigger any of the parameters prescribed by SEBI and the Stock Exchanges for placing our securities under the GSM and/or ASM framework or any other surveillance measures, which could result in significant restrictions on trading of our Equity Shares being imposed by SEBI and the Stock Exchanges. These restrictions may include requiring higher margin requirements, requirement of settlement on a trade for trade basis without netting off, limiting trading frequency (for example, trading either allowed once in a week or a month), reduction of applicable price band, requirement of settlement on gross basis or freezing of price on upper side of trading, as well as mentioning of our Equity Shares on the surveillance dashboards of the Stock Exchanges. The imposition of these restrictions and curbs on trading may have an adverse effect on market price, trading and liquidity of our Equity Shares and on the reputation and conditions of our Company. Any such instances may result in a loss of our reputation and diversion of our management’s attention and may also decrease the market price of our Equity Shares which could cause you to lose some or all of your investment."
lohiacorp,82,"The Equity Shares have never been publicly traded and the Offer may not result in an active or liquid market for the Equity Shares. Further, the price of the Equity Shares may be volatile, and the investors may be unable to resell the Equity Shares at or above the Offer Price, or at all. Prior to the Offer, there has been no public market for the Equity Shares, and an active trading market on the stock exchanges may not develop or be sustained after the Offer. Listing and quotation does not guarantee that a market for the Equity Shares will develop, or if developed, the liquidity of such market for the Equity Shares. Our Equity Shares are expected to trade on NSE and BSE after the Offer, but there can be no assurance that active trading in our Equity Shares will develop after the Offer, or if such trading develops that it will continue. Investors may not be able to sell our Equity Shares at the quoted price if there is no active trading in our Equity Shares. There has been significant volatility in the Indian stock markets in the recent past, and the trading price of our Equity Shares after the Offer could fluctuate significantly as a result of market volatility or due to various internal or external risks, including but not limited to those described in this Red Herring Prospectus. The market price of our Equity Shares may be influenced by many factors, some of which are beyond our control, including, among others: • the failure of security analysts to cover the Equity Shares after the Offer, or changes in the estimates of our performance by analysts; • the activities of competitors and suppliers; • future sales of the Equity Shares by us or our Shareholders; • investor perception of us and the industry in which we operate; • changes in accounting standards, policies, guidance, interpretations of principles; • our quarterly or annual earnings or those of our competitors; • developments affecting fiscal, industrial or environmental regulations; and • the public’s reaction to our press releases and adverse media reports. A decrease in the market price of our Equity Shares could cause you to lose some or all of your investment."
lohiacorp,83,"There are restrictions on daily movements in the trading price of equity shares, which may adversely affect a shareholder’s ability to sell the Equity Shares or the price at which the Equity Shares can be sold at a particular point of time. Following the Offer, our listed Equity Shares will be subject to a daily “circuit breaker” imposed on listed companies by the Stock Exchanges, which does not allow transactions beyond certain volatility in the trading price of the Equity Shares. This circuit breaker operates independently of the index-based market-wide circuit breakers generally imposed by SEBI on Indian Stock Exchanges. The percentage limit on the Equity Shares’ circuit breaker will be set by the Stock Exchanges based on historical volatility in the price and trading volume of the Equity Shares. The Stock Exchanges are not required to inform our Company of the percentage limit of the circuit breaker, and they may change the limit without our knowledge. This circuit breaker would effectively limit the upward and downward movements in the trading price of the Equity Shares beyond the circuit breaker limit set by the Stock Exchanges. As a result of this circuit breaker, we cannot give you any assurance regarding the ability of shareholders to sell Equity Shares or the price at which shareholders may be able to sell their Equity Shares."
lohiacorp,84,"Holders of Equity Shares may be restricted in their ability to exercise pre-emptive rights under Indian law and thereby may suffer future dilution of their ownership position. Under the Companies Act, a company having share capital and incorporated in India must offer its holders of equity shares pre-emptive rights to subscribe and pay for a proportionate number of equity shares to maintain their existing ownership percentages before the issuance of any new equity shares, unless the pre-emptive rights have been waived by adoption of a special resolution. However, if the laws of the jurisdiction the investors are located in does not permit them to exercise their pre-emptive rights without our filing an offering document or registration statement with the applicable authority in such jurisdiction, the investors will be unable to exercise their pre-emptive rights unless we make such a filing. If we elect not to file a registration statement, the new securities may be issued to a custodian, who may sell the securities for the investor’s benefit. The value the custodian receives on the sale of such securities and the related transaction costs cannot be predicted. In addition, to the extent that the investors are unable to exercise pre- emption rights granted in respect of the Equity Shares held by them, their proportional interest in us would be reduced."
lohiacorp,85,"Certain provisions under Indian law may impact future changes in control of our Company. As a listed Indian entity, we are subject to regulations that govern acquisitions and changes in control. Under the Takeover Regulations, an acquirer is defined as any person who, directly or indirectly, acquires or agrees to acquire shares, voting rights, or control over a company, whether individually or acting in concert with others. An acquirer attempting to take control of our Company will need to make an open offer to the shareholders of the Company and provide an exit to the shareholders of our Company. These provisions are designed to safeguard the interests of investors and shareholders by ensuring transparency and fairness in such transactions. While these requirements promote orderly conduct in the market, they may also influence the manner and timing of any potential takeover or change in control of our Company following completion of the Offer. As a result, even if a transaction could offer a premium to the prevailing market price of our Equity Shares or otherwise be advantageous to shareholders, the procedural requirements under the Takeover Regulations could affect whether such a transaction is pursued or completed."
lohiacorp,86,"Rights of shareholders of companies under Indian law may be more limited than under the laws of other jurisdictions. Our Articles of Association, composition of our Board, Indian laws governing our corporate affairs, the validity of corporate procedures, directors’ fiduciary duties, responsibilities and liabilities, and shareholders’ rights may differ from those that would apply to a company in another jurisdiction. Shareholders’ rights under Indian law may not be as extensive and wide-spread as shareholders’ rights under the laws of other countries or jurisdictions. Investors may face challenges in asserting their rights as a shareholder of our Company than as a shareholder of an entity in another jurisdiction."
lohiacorp,87,"Our customers may engage in transactions in or with countries or persons that are subject to U.S. and other sanctions. U.S. law generally prohibits U.S. persons from directly or indirectly investing or otherwise doing business in or with certain countries that are the subject of comprehensive sanctions and with certain persons or businesses that have been specially designated by the OFAC or other U.S. government agencies. Other governments and international or regional organisations also administer similar economic sanctions. We may enter into transactions with customers who may be doing business with, or located in, countries to which certain OFAC-administered and other sanctions apply. There can be no assurance that we will be able to fully monitor all of our transactions for any potential violation. If it were determined that transactions in which we participate violate U.S. or other sanctions, we could be subject to U.S. or other penalties, and our reputation and future business prospects in the United States or with U.S. persons, or in other jurisdictions, could be adversely affected. We rely on our staff to be up-to-date and aware of the latest sanctions in place. Further, investors in the Equity Shares could incur reputational or other risks as the result of our customers’ dealings in or with countries or with persons that are the subject of U.S. sanctions. (The remainder of this page has been intentionally left blank)"
zomato,1,"We may not be able to sustain our historical growth rates, and our historical performance may not be indicative of our future growth or financial results. Our business has grown substantially in recent years. Since our incorporation in 2010, we have evolved from a single- service category provider to a multi-category service provider, offering various services across food delivery, dining- out, Hyperpure and Zomato Pro. Almost all aspects of our business, in particular food delivery, have experienced rapid growth in recent years. Our revenue from operations has grown from ₹4,660.23 million in Fiscal 2018 to ₹26,047.37 million in Fiscal 2020, and our revenue from operations for the nine months ended December 31, 2020 was ₹13,013.49 million. In particular, as lockdowns in response to the COVID-19 pandemic eased in India towards the end of May 2020, our food delivery business started recovering and in the third quarter of Fiscal 2021 we recorded the highest GOV achieved by us in any quarter till December 2020. The accelerated growth of our business stemming from the effects of the COVID-19 pandemic may not continue in the future. As we continue to grow our business, we will need to work with our existing and an increasingly large number of new restaurant partners, delivery partners and other participants in our network efficiently and establish and maintain mutually beneficial relationships with them. We will also need to continue to expand, train, manage and motivate our growing workforce. To support our expansion, we also expect to implement a variety of new and upgraded managerial, operating, financial and human resource systems, procedures and controls, which may lead to higher costs. We cannot assure you that our historical growth rate will be sustainable or achieved at all in the future, that our new business initiatives will be successful, or that we will be able to implement all these managerial, operating, financial and human resource systems, procedures and control measures successfully. If we are not able to manage our growth or execute our strategies effectively, our expansion may not be successful, and our business and prospects may be materially and adversely affected. We may also experience a decline in our revenue growth rate as a result of a number of factors, including slowing demand for our platform, insufficient growth in the number of restaurant partners and customers that utilize our platform, increasing competition, a decrease in the growth of our overall market, our failure to continue to capitalize on growth opportunities, and increasing regulatory costs, among others, all of which would have a material adverse impact on our cash flows, financial condition and results of operations."
zomato,2,"We have a history of net losses and we anticipate increased expenses in the future. We have incurred restated loss for the year/period of ₹1,069.16 million, ₹10,102.33 million, ₹23,856.01 million and ₹6,821.99 million in Fiscals 2018, 2019 and 2020, and in the nine months ended December 31, 2020, respectively. We expect our costs to increase over time and our losses will continue given significant investments expected towards growing our business. We have expended and expect to continue to expend substantial financial and other resources on, among others, advertising and sales promotion costs to attract customers and restaurant partners to our platform, developing our platform, including expanding our platform’s offerings, developing or acquiring new platform features and services, expanding into new markets in India, and expanding our delivery partner network. These efforts may be more costly than we expect and may not result in increased revenue or growth in our business. Any failure to increase our revenue sufficiently to keep pace with our investments and other expenses could prevent us from maintaining or increasing profitability or positive cash flow on a consistent basis. If we are unable to successfully address these risks and challenges as we encounter them, our business, cash flows, financial condition and results of operations could be adversely affected. If we are unable to generate adequate revenue growth and manage our expenses and cash flows, we may continue to incur significant losses in the future."
zomato,3,"The COVID-19 pandemic, or a similar public health threat, has had an impact and could further impact our business, cash flows, financial condition and results of operations. An outbreak of COVID-19 was recognized as a pandemic by the World Health Organization (“WHO”) on March 11, 2020. In response to the COVID-19 outbreak the governments of many countries, including India, had taken and may continue to take preventive or protective actions, such as imposing country-wide lockdowns, restrictions on travel and business operations and advising or requiring individuals to limit their time outside of their homes. Temporary closures of businesses had been ordered and numerous other businesses were temporarily closed on a voluntary basis as well. The scope, duration, and frequency of such measures and the adverse effects of COVID-19 remain uncertain and could be severe. Resurgence of the virus or a variant of the virus that causes a rapid increase in cases and deaths, if measures taken by governments fail or if vaccinations are not administered as planned, may cause significant economic disruption in India and in the rest of the world. Our food delivery business was significantly impacted during the first quarter of Fiscal 2021 as most restaurant establishments had temporarily closed operations in response to a government mandated lockdowns and customers were unwilling to order food from restaurants. Similarly, our revenues from our dining-out services were severely impacted by the COVID-19 pandemic. While our food delivery business has recovered since lockdowns eased in India, our dining-out business is still recovering as customers are still reluctant to dine-out as a precautionary measure. In addition, further government actions and lockdowns to contain the spread of COVID-19 could adversely impact us. Considering the above, we have assessed the carrying value of our assets including goodwill and intangible assets by considering internal and external information. We have also performed sensitivity analysis on the assumptions used and based on current indicators of future economic conditions and while we expect to recover the carrying amount of these assets, there is no assurance that these expectations may materialize. In response to the COVID-19 pandemic, we have taken active measures to promote health and safety, including providing contactless food delivery to customers, temporarily disabling the cash on delivery option for food delivery, arranging for and facilitating the availability of face masks and hand sanitizers for delivery partners, requiring our delivery partners to share daily self-declarations on their hygiene and health (including having a normal body temperature, sanitized masks and bags) and working closely with restaurant partners to share safety guidelines. As part of the Zomato Feeding India Initiative, a collaboration with “Hunger Heroes” which is a non-profit organization, we have extended a loan of ₹ 500 million to “Hunger Heroes” in April 2021 to fund their initiative of providing hospitals and families with oxygen related infrastructure, other medical equipment and other supplies. However, our efforts may not be successful, or we may not be able to recover the amount from Hunger Heroes and we may not have sufficient protection or recovery plans to continue to deal with the COVID-19 pandemic or similar public health threats in the future. In connection with public health threats, we may also be required to temporarily close our corporate offices and have our employees work remotely, as we have done in connection with the COVID-19 pandemic, which impacts productivity and otherwise disrupts our business operations. In addition, the current outbreak of COVID-19 has resulted in a widespread global health crisis and adversely affected global economies and financial markets, and similar public health threats could do so in the future. Such events have impacted, and could in the future impact, demand for restaurants and customers’ purchase patterns, which in turn, could adversely affect our cash flows, revenue and results of operations. Even if a virus or other disease does not spread significantly and such measures are not implemented, the perceived risk of infection or significant health risk may adversely affect our business. Restaurants may be perceived as unsafe during such public health threats, even for food delivery. If the services offered through our platform or at other businesses in our industry become a significant risk for transmitting COVID-19 or similar public health threats, or if there is a public perception that such risks exist, demand for the use of our platform would be adversely affected. Incidents such as these may result in a negative impact on customers’ willingness or ability to order delivery or complete a takeout order, or on the delivery partner’s willingness or ability to make deliveries, thereby adversely affecting our business, cash flows, financial condition and results of operations. It is not possible to accurately predict the full impact of the COVID-19 pandemic on our business, cash flows, financial condition and results of operations due to the evolving nature of the COVID-19 pandemic and the extent of its impact across industries and geographies and numerous other uncertainties, including the duration and spread of the outbreak, additional actions that may be taken by governmental authorities, further impact on delivery partners, restaurant partners, customers and business partners, other intermediaries involved by us in our operations and other factors. The extent to which COVID-19 further impacts our results will depend on future developments, which are highly uncertain and cannot be predicted, including new information which may emerge concerning the severity of the coronavirus and the actions taken globally to contain the coronavirus or treat its impact, among others. Our existing insurance coverage may not provide protection for all costs that may arise from all such possible events. The spread of any severe communicable diseases, such as COVID-19, may adversely affect our restaurant partners and delivery partners, which could adversely affect our business, cash flows, financial condition and results of operations."
zomato,4,"If we fail to retain our existing restaurant partners, customers or delivery partners or fail to add new restaurant partners, delivery partners or customers to our portfolio in a cost-effective manner, our business may be adversely affected. We believe that growth of our business and revenue is dependent upon our ability to continue to grow our network by retaining our existing and adding new restaurant partners, delivery partners and customers in order to increase our GOV, drive revenue growth and achieve profitability. An increase in the number of transacting customers on our platform drives the number of orders, as new customers bring new orders. More orders completed on our platform results in more GOV being generated which in turn attracts additional restaurant partners and delivery partners to our platform who seek to benefit from the enhanced business opportunities. An increase in the number of restaurant partners on the platform in turn attracts more customers. This network effect takes time to build and may grow slower than we expect or than it has grown in the past. If we fail to retain either our existing restaurant partners (especially our most popular restaurant partners), delivery partners (as a result of failing to provide compelling earning opportunities on our platform) or customers (including as a result of impaired relationships, decrease in popularity of a restaurant partner, delivery issues or competition) or fail to add new restaurant partners, delivery partners and consequently the customers, the value of our network may be diminished. In addition, although we believe that many of our new restaurant partners and customers originate from word-of-mouth and other non-paid referrals from existing restaurant partners and customers, and from the popularity of our brand in India, we expect to continue to spend on advertising and sales promotion to acquire additional restaurant partners and customers through advertisements and promotional offers. We cannot assure you that the revenue from the restaurant partners and customers we acquire will ultimately exceed the cost of acquisition. We have previously provided guarantees with respect to minimum volume or value of orders under our contracts with some of our restaurant partners. Such minimum order guarantees are still subsisting under a few contracts. There have been instances of such guarantees being invoked in the past and there can be no assurance that any of the guarantees that continue to subsist may not be invoked in the future. In the event there is a shortfall in the guaranteed volume or value of orders, such guarantee amounts, typically being a percentage of the deficit, may be invoked and become payable, which may adversely impact our results of operations, cash flows and financial condition. The industry in which we operate is susceptible to health concerns arising from food-borne illnesses, health epidemics, pandemics, food quality, allergic reactions and other negative food-related incidents, and public perception of healthy eating in India. If customer dining preferences change due to shifts in customer demographics, national, regional or local economic conditions, dietary habits, trends in food sourcing or food preparation and our restaurant partners are not able to adapt their food menu or customer offerings to account for these changes, our customers may begin to seek alternative restaurant options or eat at home, which would adversely affect our financial results. The occurrence of an outbreak of a food-borne illness, health epidemic or other adverse public health event in India or in the vicinity of our restaurants partners could lead to temporary or permanent closure of restaurants, impact the availability of delivery partners and impact our customers’ willingness to order restaurant food, all of which could materially disrupt our business and operations. In addition, spoilage or deficiencies in quality of any restaurant ingredients supplied by us through Hyperpure may lead to adverse health consequences on customers, thereby impair the reputation of our Hyperpure tagged restaurant partners and us. Risks to the health of the end customers can arise from any such negative food-related incident, which could expose us to litigation, including by customers, sanctions or fines by food safety regulators. We cannot make any assurances that our internal controls will be fully effective in preventing these or any other negative food-related incidents."
zomato,5,"Growth of our business will depend upon the strength of our brand, and any failure to maintain, protect and enhance our brand could limit our ability to retain or expand our customer base, which could materially and adversely affect our business, cash flows, financial condition and results of operations. We believe that brand recognition is necessary to continue to attract and retain customers and, in turn, restaurant partners in our network. We need to maintain, protect and enhance our brand in order to expand our existing base of customers and restaurant partners, and increase their engagement with our platform. This will depend largely on our ability to continue to provide differentiated services, and we may not be able to do so effectively. While we may choose to engage in a broader marketing campaign to further promote our brand, this effort may not be successful or cost effective. If we are unable to maintain or enhance restaurant and customer awareness in a cost-effective manner, our brand, business, results of operations and financial condition could be harmed. Furthermore, negative publicity about us, including delivery problems, impairment of the reputation of popular restaurant partners, issues with our technology, data privacy breaches and complaints about our personnel or customer service, could diminish confidence in, and the use of, our services, which could harm our results of operations and business. A public perception that we, restaurant partners on our platform or other participants do not provide satisfactory services to customers, even if factually incorrect or based on isolated incident or based on the aggregate effect of individually insignificant incidents, could damage our reputation, diminish the value of our brands, undermine the trust and credibility we have established and have a negative impact on our ability to attract and retain customers and restaurant partners, and onboard delivery partners. For example, there have been instances where certain individuals who were not associated with us approached our restaurant partners and promised improved ratings and reviews on our platform if they subscribed to certain services being provided by such individuals. Such instances could adversely impact our business, cash flows, financial condition and results of operations. See “- Unfavorable media coverage could harm our business, financial condition, cash flows and results of operations” below for instances of negative media publicity."
zomato,6,"Unfavorable media coverage could harm our business, financial condition, cash flows and results of operations. We are the subject of media coverage from time to time. Unfavorable publicity regarding our business model, revenue model, customer support, technology, platform changes, platform quality, actions of our delivery partners and restaurant partners, privacy or security practices, or management team could adversely affect our reputation. In order to ensure that we cater in the best possible manner to all stakeholders, we are constantly reviewing our systems and policies to reflect the dynamic nature of the market and customer needs. While we are open to roll back that policy if not well received, we may receive negative publicity or incur costs to implement and roll back the policy, which would have an adverse impact on our operations. Such negative publicity could also harm the size of our network and the engagement and loyalty of restaurant partners, customers, delivery partners and other participants that utilize our platform, which could adversely affect our business, cash flows, financial condition, and results of operations. For example, in 2019 we paused certain terms and conditions on food delivery that we put forth for all our restaurant partners. These covered penalties levied on restaurant partners for delayed and cancelled orders, among other things. We had to roll back this policy, which we did promptly, basis feedback from restaurant partners. In another instance, in 2019, we received negative media coverage related to our subscription product as some of our restaurant partners did not view the discount terms offered to customers favorably. This movement took the form of the “logout” movement by a few restaurant partners. We also face negative publicity with respect to our delivery partners due to alleged instances of assault, food tampering and their payouts. While we have addressed and continue to address the concerns raised by all our stakeholders, any such instances in the future could negatively impact our reputation and operations. As our platform continues to scale and public awareness of our brand increases, any future issues that draw media coverage could have an amplified negative effect on our reputation and brand. In addition, negative publicity related to key brands we have partnered or by any influencers may damage our reputation, even if the publicity is not directly related to us. Any negative publicity that we may receive could diminish confidence in, and the use of, our platform and may result in increased regulation and legislative scrutiny of industry practices as well as increased litigation, which may further increase our costs of doing business and adversely affect our brand. As a result, any impairment or damage to our brand, including as a result of these or other factors, could adversely affect our business, reputation, cash flows, results of operations and financial condition. In recent years, there has been a marked increase in the use of social media platforms in India, including blogs, social media websites and applications, and other forms of internet-based communications which allow individuals access to a broad audience of customers and other interested persons. Many social media platforms immediately publish the content that their subscribers and participants post, often without filters or checks on accuracy of the content posted. The dissemination of inaccurate information online could harm our business, reputation, prospects, financial condition and operating results, regardless of the information’s accuracy. The damage may be immediate without affording us an opportunity for redress or correction. Other risks associated with the use of social media include improper disclosure of proprietary information, negative comments about us, exposure of personally identifiable information, fraud, hoaxes or malicious exposure of false information. Such inappropriate, unverifiable or false information regarding us or our platform may be published online or on social media by third parties could increase our costs, lead to litigation or result in negative publicity that could damage our reputation and adversely affect our business, results of operations and financial condition."
zomato,7,"We face intense competition in food delivery and other businesses and if we are unable to compete effectively, our business, financial condition, cash flows and results of operations could be adversely affected. The markets in which we operate are intensely competitive and characterized by low costs of entry, shifting customer preferences, fragmentation and frequent introductions of new services and offerings. In particular, Indian food delivery industry is fragmented and intensely competitive. According to the RedSeer, in India, we compete with other food delivery companies, chain restaurants that have their own online ordering platforms, cloud kitchens, other restaurants that own and operate their own delivery fleets and companies that provide point of sale solutions and restaurant delivery services. In addition, we compete with traditional offline ordering channels, such as take-out offerings, telephone-based ordering, and paper menus that restaurants distribute to customers as well as advertising that restaurants place in local publications and digital media to attract customers. Further, we also face competition from mobile payment applications that facilitate food ordering. Our food delivery operations could also compete with hyperlocal logistics operators that can be availed of by restaurant partners. Changing traditional ordering habits is difficult, and if restaurants and customers do not embrace the transition to local food delivery as we expect, our business, financial condition, cash flows and results of operations could be adversely affected. New restaurants and our existing restaurant partners may choose our competitors if they charge lower commissions, marketing or other fees, if our restaurant partners do not find our marketing and promotional services effective, or if our competitors provide more types of or more effective enabling services. Our current and future competitors may enjoy competitive advantages, such as greater name recognition, longer operating histories, greater category share in certain markets, market-specific knowledge, established relationships with local restaurants or local delivery businesses and larger existing customer bases in certain markets, more successful marketing capabilities, and substantially greater financial, technical, and other resources than we have. Greater financial resources and product development capabilities may allow our competitors to respond more quickly to new or emerging technologies and changes in restaurant, customer and delivery preferences that may render our platform less attractive or obsolete. If certain restaurant partners choose to partner with our competitors in a specific geographic market, or if restaurant partners choose to engage exclusively with our competitors, we may lack a sufficient variety and supply of restaurants options, or lack access to the most popular restaurants, such that our offerings would become less appealing to customers. Our competitors may also make acquisitions or establish cooperative or other strategic relationships among themselves or with others, including restaurants. Demand for our food delivery platform is highly sensitive to a range of factors, including, delivery charges charged by delivery partners, incentives given to delivery partners and the commissions we charge our restaurant partners. Many factors, including operating costs, legal and regulatory requirements, constraints or changes, and our current and future competitors’ pricing and marketing strategies, could significantly affect our pricing strategies. Certain of our competitors offer, or may in the future offer, lower-priced or a broader range of offerings. There can be no assurance that we will not be forced, through competition, regulation, or otherwise to reduce the delivery charges charged by delivery partners, increase the fees we pay to delivery partners for providing services through our platform, or further reduce the commissions we charge our restaurants partners, or to increase our marketing and other expenses to attract restaurant partners, customers, and delivery partners in response to competitive pressures. Our competitor base may increase with new entrants in the market and our competitors could also introduce new offerings with competitive price and performance characteristics or undertake more aggressive marketing campaigns than ours. Additionally, many of our competitors may be well capitalized and offer discounted services, lower restaurants commission rates, increase incentives for delivery services and introduce aggressive customer discounts and promotions, innovative platforms and offerings and alternative pay models, which may be more attractive than those that we offer. Such competitive pressures may lead us to maintain or lower our commission rates or maintain or increase our incentives, discounts, and promotions in order to remain competitive, particularly in markets where we do not have a leading position, thereby impacting our cash flows, financial condition and results of operation. In addition, within our industry, there are low barriers to entry and the cost to switch between offerings is low. Customers have a propensity to shift to the lowest-cost provider and could use more than one platform, independent contractors who provide delivery services could use multiple platforms concurrently as they attempt to maximize earnings and restaurant partners could prefer to use the platform that offers the lowest commission rates and adopt more than one platform to maximize their volume of orders. As we and our competitors introduce new offerings and as existing offerings evolve, we expect to become subject to additional competition. In addition, our competitors may adopt certain of our platform features or may adopt innovations that restaurant partners, delivery partners or customers value more highly than ours, which would render our platform less attractive and reduce our ability to differentiate our platform. Increased competition could result in, among other things, a reduction of the revenue we generate from the use of our platform, the number of participants on our platform, the frequency of use of our platform, and our margins."
zomato,8,"If we do not continue to innovate and further develop our platform or our platform developments do not perform, or we are not able to keep pace with technological developments, we may not remain competitive and our business and results of operations could suffer. To remain competitive, we must continue to stay abreast of the constantly evolving industry trends and to enhance and improve the responsiveness, functionality and features of our mobile applications, websites and systems. In order to attract and retain customers and compete against our competitors, we must continue to invest significant resources in research and development to enhance our information technology and improve our existing services. The customer service industry and the customer service e-commerce industry are characterized by rapid technological evolution, changes in customer requirements and preferences, frequent introduction of new services and products embodying new technologies, and the emergence of new industry standards and practices, any of which could render our existing technologies and systems obsolete. In particular, wireless networks around the world have recently started to test 5G technology, the next phase of mobile telecommunications standards. Our success will depend, in part, on our ability to identify, develop, acquire or license leading technologies useful in our business, and respond to technological advances and emerging industry standards and practices in a cost-effective and timely way. The development of mobile applications, websites and other proprietary technology entails significant technical and business risks. There can be no assurance that we will be able to use new technologies effectively or adapt our mobile applications, websites, proprietary technologies and systems to meet customer requirements or emerging industry standards. If we are unable to adapt in a cost-effective and timely manner in response to changing market conditions or customer preferences, whether for technical, legal, financial or other reasons, our business may be materially and adversely affected. We have a track record of successfully expanding into new service categories. Developing and launching enhancements to our platform and new services on our platform may also involve significant technical risks and upfront capital investments that may not generate return on investment. We may use new technologies ineffectively, or we may fail to adapt to emerging industry standards. If we face material delays in introducing new or enhanced platform features and services or if our recently introduced offerings do not perform in accordance with our expectations, the restaurant partners, customers, and delivery partner that utilize our platform may forego the use of our services in favor of those of our competitors."
zomato,9,"Failure to generate and maintain sufficient high quality customer generated content could negatively impact our business. Customers use our dining-out offerings to search and discover restaurants, read and write reviews and view and upload photos, book a table and make payments while dining-out at restaurants. Our success depends on our ability to attract customers by providing customers with the information they seek, which in turn depends on the quantity and quality of the customer generated content (“CGC”) provided by our content contributors. We may be unable to provide customers with the information if our customers do not contribute content that is helpful and reliable, or if they remove content they previously submitted. If our platform, mobile applications and website do not provide current information or if customers perceive reviews on our platform as less relevant or unreliable, our brand and our business could be harmed. If we are unable to provide customers with the information they are looking for, or if they can find equivalent or better content or other services, they may stop or reduce their use of our platform and traffic to our platform may decline. If our customer traffic declines, restaurants may stop or reduce the amount of marketing activities on our platform, or switch over to our competitors’ platform completely and our business could be harmed. Additionally, any inappropriate or illegal CGC posted on our platform by our customers may be subject to regulatory take-down orders, increased customer complaints or legal proceedings which may further impair our brand and adversely affect our business."
zomato,10,"Systems failures and resulting interruptions in the availability of our platform could adversely affect our business, financial condition, cash flows and results of operations. The proper functioning of our technology infrastructure is essential to the conduct of our business. Specifically, the satisfactory performance, reliability and availability of our platform, our transaction-processing systems and our network infrastructure are critical to our success and our ability to attract and retain customers and provide adequate services. It is critical to our success that all participants on our platform are able to access our platform, at all times. Our systems, or those of third parties upon which we rely, may experience service interruptions or degradation or other performance problems because of hardware and software defects or malfunctions, unexpected high volume of transactions, distributed denial-of-service and other cyberattacks, infrastructure changes, human error, earthquakes, hurricanes, floods, fires, natural disasters, power losses, disruptions in telecommunications services, unauthorized access, fraud, military or political conflicts, terrorist attacks, legal or regulatory takedowns, computer viruses, ransomware, malware, or other events. Our systems also may be subject to break-ins, sabotage, theft and intentional acts of vandalism, including by our own employees. Some of our systems are not fully redundant and our disaster recovery planning may not be sufficient for all eventualities. Our business interruption insurance may not be sufficient to cover all of our losses that may result from interruptions in our service as a result of systems failures and similar events. We have experienced and will likely continue to experience system failures and other events or conditions from time to time that interrupt the availability or reduce or affect the speed or functionality of our platform. These system failures generally occur either as a result of software updates being deployed with unexpected errors or as a result of temporary infrastructure failures related to storage, network, or computing capacity being exhausted. Further, in some instances, we may not be able to identify the cause or causes of these performance problems within an acceptable period of time. Even a minor interruption in the availability or reduction in the availability, speed, or other functionality of our platform could adversely affect our business and reputation and could result in the loss of customers. The software underlying our platform is highly complex and may contain undetected errors or vulnerabilities, some of which may only be discovered at a subsequent stage or may not get discovered at all. Our practice is to release frequent software updates. Any third-party software that we integrate into our platform, may also be subject to errors or vulnerabilities. Any errors, vulnerabilities or infringements discovered in our code or from third-party software after release could result in negative publicity, a loss of customer or loss of revenue, legal proceedings, and access or other performance issues. Such vulnerabilities could also be exploited by malicious actors and result in exposure of data of the participants on our platform, or otherwise result in a security breach or other security incident. We may need to expend significant financial and development resources to analyze, correct, eliminate, or work around errors or defects or to address and eliminate vulnerabilities. Any failure to timely and effectively resolve any such errors, defects, or vulnerabilities could adversely affect our business, reputation, brand, financial condition, cash flows and results of operation s. See “- Unfavorable media coverage could harm our business, financial condition and results of operations” on page 39 for instances of negative media publicity."
zomato,11,"Security breaches and attacks against our platform, and any potentially resulting breach or failure to otherwise protect confidential and proprietary information, could damage our reputation and negatively impact our business, as well as materially and adversely affect our financial condition and results of operations. Our business generates, stores and processes a large quantity of personal, transaction, demographic and behavioral data. We face risks inherent in handling large volumes of data and in protecting the security of such data. In particular, we face a number of challenges relating to data from transactions and other activities on our platform, including protecting the data in and hosted on our system, including against attacks on our system by outside parties or fraudulent behavior by our employees; addressing concerns related to privacy and sharing, safety, security and other factors; and complying with applicable laws, rules and regulations relating to the collection, use, disclosure or security of personal information, including any requests from regulatory and government authorities relating to such data. Any failure, or perceived failure, by us to comply with our posted privacy policies or with any regulatory requirements or privacy protection-related laws, rules and regulations could result in proceedings or actions against us by governmental entities or others, which could have a material adverse impact on our results of operations, cash flows and business. Although we have employed significant resources to develop security measures against breaches, such measures may not detect or prevent all attempts to compromise our systems, including distributed denial-of-service attacks, viruses, malicious software, break-ins, phishing attacks, social engineering, security breaches or other attacks and similar disruptions that may jeopardize the security of information stored in and transmitted by our systems or that we otherwise maintain. Breaches of our cybersecurity measures could result in unauthorized access to our systems, misappropriation of information or data, deletion or modification of customer information, or a denial of service or other interruption to our business operations. As techniques used to obtain unauthorized access to or sabotage systems change frequently and may not be known until launched against us or our third-party service providers, we may be unable to anticipate, or implement adequate measures to protect against, these attacks. We may not have the resources or technical sophistication to anticipate or prevent rapidly evolving types of cyber- attacks. Cyber-attacks may target us, the participants on our platform, or the communication infrastructure on which we depend. We have in the past and are likely again in the future to be subject to these types of attacks. For instance, in May 2017 a hacker gained access to our database and placed certain categories of data, such as customer IDs, usernames, email addresses and password hashes of a large number of our customers for sale on the dark web. While we augmented our security systems, informed the customers and the Indian Computer Emergency Response Team, Ministry of Electronics and Information Technology regarding the breach, and were able to retrieve the data, any such instances in the future and our inability to avert these attacks and security breaches, could subject us to significant legal and financial liability, our reputation would be harmed and we could sustain substantial revenue loss from lost sales and customer dissatisfaction. Actual or anticipated attacks and risks may cause us to incur significantly higher costs, including costs to deploy additional personnel and network protection technologies, train employees, and engage third-party experts and consultants. We are subject to domestic and international laws relating to the collection, use, retention, security and transfer of personally identifiable information with respect to our customers and employees. Several jurisdictions have passed laws in this area, and other jurisdictions are considering imposing additional restrictions. These laws continue to develop and may vary from jurisdiction to jurisdiction. Complying with emerging and changing international requirements may cause us to incur substantial costs or require us to change our business practices. With the proposed enactment of the Personal Data Protection Bill, 2019 (“PDP Bill”), and the ongoing regulatory discussions along proposed Indian regulation to govern non-personal data, the privacy and data protection laws are set to be closely administered in India, and we may become subject to additional potential compliance requirements. The PDP Bill proposes a legal framework governing the processing of personal data, where such data has been collected, disclosed, shared or otherwise processed within India, as well as any processing of personal data by the GoI, Indian companies, Indian citizens or any person or body of persons incorporated or created under Indian law. The PDP Bill defines personal data and sensitive personal data, prescribes rules for collecting, storing and processing of such data and creates rights and obligations of data-subjects and processors. The Indian Government has also been mooting a legislation governing non-personal data. In September 2019, the Ministry of Electronics and Information Technology formed a committee of experts (“NPD Committee”) to recommend a regulatory regime to govern non-personal data (“NPD”). The NPD Committee has released two reports till date, which recommend, among other items, a framework to govern NPD (defined as any data other than personal data), access and sharing of NPD with government and corporations alike and a registration regime and for “data businesses”, being business that collect, process or store data, both personal and non-personal. As part of our operations, we are required to comply with the IT Act and the rules thereof, which provides for civil and criminal liability including compensation to persons affected, penalties and imprisonment for various cyber related offenses, including unauthorized disclosure of confidential information and failure to protect sensitive personal data. India has already implemented certain privacy laws, including the Information Technology (Reasonable Security Practices and Procedures and Sensitive Personal Data or Information) Rules, 2011 and the recently introduced the Information Technology (Intermediary Guidelines and Digital Media Ethics Code) Rules, 2021, which impose limitations and restrictions on the collection, use, disclosure and transfer of personal information. For further details, see “Key Regulations and Policies in India” beginning on page 147."
zomato,12,"If we are unable to make acquisitions of and invest in complementary businesses, assets and technologies, or successfully integrate them into our business, our business, results of operations, cash flows and financial condition could be adversely affected. We have acquired and invested in businesses, technologies, services and products in recent years, such as the acquisition of CTPL and Tonguestun in 2018, the acquisition of Uber Eats India Assets by our Company in 2020 and the acquisition of Jogo in 2021. We expect to continue to evaluate and consider a wide array of strategic alliances, investments and acquisitions in line with our overall business strategy. These transactions involve significant challenges and risks, including: (i) difficulties in identifying suitable acquisition targets and competition from other potential acquirers; (ii) difficulties in determining the appropriate purchase price of acquired businesses, which may result in potential impairment of goodwill; (iii) potential increases in debt, which may increase our finance costs as a result of higher interest payments; (iv) exposure to unanticipated contingent liabilities of acquired businesses; (v) receipt of requisite governmental, statutory and other regulatory approvals for any proposed acquisition; (vi) risks and cost associated with the litigations of the acquired businesses; and (vi) not realizing the benefits from certain investments, or certain investments not resulting in immediate returns. Furthermore, integration of newly acquired businesses may be costly and time-consuming, and each acquisition could present us with significant risks and difficulties in integration, including, for example, in: ● integrating the operations and personnel of the acquired businesses and implementing uniform IT systems, controls, procedures and policies; ● retaining relationships with key employees, customers and suppliers of the acquired businesses; ● achieving the anticipated synergies and strategic or financial benefits from the acquisitions; ● for investments over which we do not obtain management and operational control, we may lack influence over the controlling partner or shareholder, which may prevent us from achieving our strategic goals in such investment; ● new regulatory requirements and compliance risks that we become subject to as a result of acquisitions in new industries or otherwise; ● actual or alleged misconduct or non-compliance by any company we acquire or invest in (or by its affiliates) that occurred prior to our acquisition or investment, which may lead to negative publicity, government inquiry or investigations against such company or against us; and ● regulatory requirements including in relation to the anti-monopoly and competition laws, rules and regulations of India or outside India and other countries in connection with any proposed investments and acquisitions. In the past, basis our annual impairment testing, we had to impair goodwill on acquisitions. However there is no assurance that we will not have to account for such impairments in the future. Any such developments described above could disrupt our existing business and have a material adverse effect on our business, reputation, financial condition, cash flows and results of operations."
zomato,13,"Our sales and marketing efforts to attract customers and restaurants may turn out to be ineffective. We have invested significantly in sales and marketing activities to promote our brand and our services and to deepen our relationships with customers and restaurant partners. We incurred advertisement and sales promotion expenses of ₹811.31 million, ₹12,359.60 million, ₹13,384.28 million and ₹3,068.80 million, respectively, in Fiscals 2018, 2019 and 2020 and in the nine months ended December 31, 2020, respectively. Such advertisement and sales promotion expenses represented 16.66%, 88.43%, 48.80% and 22.44% of our total income in the corresponding periods. Our marketing efforts currently include discounts, promotions, appeasement credits, refunds, branding, digital marketing, partnerships, display advertising, television, billboards, radio, video, direct mail, social media, email, podcasts, hiring and classified advertisement websites, mobile “push” communications, search engine optimization, and keyword search campaigns. Our marketing initiatives may become increasingly expensive and generating a meaningful return on these initiatives may be difficult. Even if we successfully increase revenue as a result of our paid marketing efforts, it may not offset the additional marketing expenses we incur. If our marketing efforts to help grow our business are not effective, we expect that our business, financial condition, cash flows and results of operations would be adversely affected. In addition, our sales and marketing activities may not be well received by customers and restaurants, and may not attract additional customers and restaurants as anticipated. The evolving marketing approaches and tools may require us to experiment with new marketing methods to keep pace with industry trends and customer and restaurant preferences. Failure to refine our existing marketing approaches or to introduce new effective marketing approaches in a cost-effective manner could reduce our market share and negatively impact our results of operations. In addition, we have a limited operating history in the new service categories we offer. There is no assurance that we will be able to recover costs of our sales and marketing activities or that these activities will be effective in generating new customers and restaurants for us."
zomato,14,"The wide variety of payment methods that we accept subjects us to third-party payment processing-related risks. Our online payment options include certain non-cash options such as, e-wallets and credit and debit cards, digital wallets, UPI Payment, prepaid meal cards or transfers from an online bank account. For third-party payment methods and credit and debit cards, we pay interchange and other service fees, which may increase over time and raise our operating costs. Any disruption in the functioning of our third party payment channels, even if caused due to factors completely external to us, can adversely affect our brand and reputation. We may also be subject to fraud, chargeback, security breaches and other illegal activities in connection with the various payment methods we offer. In addition, we are subject to various rules, regulations and requirements, regulatory or otherwise, governing payment processing, which could change or be reinterpreted to make it difficult or impossible for us to comply. If we or our third party payment gateway operators fail to comply with these rules or requirements, we may be subject to fines and higher transaction fees and lose our ability to accept electronic payments from our customers, process electronic funds transfers or facilitate other types of online payments, and our business, cash flows, financial condition and results of operations could be materially and adversely affected. Some of our agreements with e-wallets and other payment gateways also require us to pay interest for our Company’s default or delay or omission in payments of amounts towards commission, refunds, chargeback or other amounts payable, that are to be reimbursed to these e-wallets or payment gateways. Certain of our e-wallet, bank/network agreements also prohibit the sale of certain items on our platform, such as, narcotics, vapes, prohibited wildlife, current notes, among others. In the event that any of our restaurant partners sell any such goods, our e-wallet partners may declare a default. In addition, payment system providers may also impose limits on the amounts that may be expended from an e-wallet to satisfy orders on our platform. We also provide the option for cash on delivery which may subject us to risks of cash pilferage and orders returned without reason. Additionally, our third-party payment processor requires us to comply with payment card network operating rules, which are set and interpreted by the payment card networks. The payment card networks could adopt new operating rules or interpret or re-interpret existing rules in ways that might prohibit us from providing certain services to some customers, be costly to implement, or difficult to follow. If we fail to comply with these rules or regulations, we may be subject to fines and higher transaction fees and lose our ability to accept credit and debit card payments from customers or facilitate other types of online payments, and our business, financial condition, cash flows and results of operations could be adversely affected. We have also agreed to reimburse our third-party payment processor for any reversals, fraudulent credit card charges, chargebacks, and fines they are assessed by payment card networks if we violate these rules. Also, there can be no assurance that private information of our customers, restaurant partners or delivery partners will be protected on third-party payment gateways. Any of the foregoing risks could adversely affect our business, financial condition, cash flows and results of operations."
zomato,15,"We rely on the skills and experience of our senior management, other key personnel and employees and the loss of our team members could have a materially adverse impact on business operations. Our success is significantly dependent upon the continued service of our Founder and key management as well as other experienced personnel generally. If we lose the services of any of the members of key management, we may not be able to locate suitable or qualified replacements, and may incur additional expenses to recruit and train new personnel, which could severely disrupt our business and growth. If any of our key managerial personnel joins a competitor or forms a competing business, we may lose customers, know-how and key professionals and staff members. Further, if any dispute arises between any of the members of our management and us, we may have to incur substantial costs and expenses in order to enforce any confidentiality, non-compete or similar provisions in our agreements with our Founder or key managerial personnel in India, or we may be unable to enforce them at all. We face intense competition for highly skilled employees especially as part of our product & technology team. As of December 31, 2020, we had 479 employees as part of our product & technology team. To attract and retain top talent, we have had to offer, and we believe we will need to continue to offer, competitive compensation and benefits packages. Competition for talent in the Indian internet industry is intense, and we may need to offer more attractive compensations and other benefits packages to attract and retain them. We may need to invest significant amounts of cash and equity to attract and retain new employees and expend significant time and resources to identify, recruit, train, and integrate such employees, and we may never realize returns on these investments. For example, in Fiscals 2019, 2020, and in the nine months ended December 31, 2020 our attrition rate in India was 42%, 33% and 13%, respectively. In Fiscal 2019, our attrition rate was comparatively high primarily because in Fiscal 2019, we employed a large team of support staff that are usually prone to high attrition. We believe our attrition rate has since then reduced with our support staff decreasing on account of increased automation and outsourcing in our operations. If we are unable to effectively manage our hiring needs or successfully integrate and retain new hires, our efficiency, ability to meet forecasts, and employee morale, productivity, and engagement could suffer, which could adversely affect our business, financial condition, cash flows and results of operations."
zomato,16,"We rely on third-party service providers to deliver our services to customers, restaurant partners and delivery partners on our platform, and any disruption of or interference with our use of that service could adversely affect our business, financial condition, cash flows and results of operations. We currently avail services from third-party service providers to operate our platform. We do not have control over the operations of the facilities of these service providers that we use. The service providers’ facilities may be vulnerable to damage or interruption from natural disasters, cybersecurity attacks, terrorist attacks, power outages, and similar events or acts of misconduct. Our platform’s continuing and uninterrupted performance is critical to our success. We have experienced, and expect that in the future we will experience, interruptions, delays, and outages in service and availability from time to time due to a variety of factors, including infrastructure changes, human or software errors, website hosting disruptions, and capacity constraints. In addition, any changes or disruption in service levels may adversely affect our ability to meet the requirements of customers, restaurant partners and delivery partners on our platform. Since our platform’s continuing and uninterrupted performance is critical to our success, sustained or repeated system failures would reduce the attractiveness of our platform. It may become increasingly difficult to maintain and improve our performance, especially during peak usage times, in the event our service levels do not increase at the same pace as we expand and the usage of our platform increases. These instances could lead to a significant short-term loss of revenue, increase our costs, and impair our ability to attract new customers, any of which could adversely affect our business, cash flows, financial condition and results of operations."
zomato,17,"We rely on restaurant partners and other participants on our platform to provide quality services to customers. Their illegal or unauthorized actions or misconduct, or any failure by them to provide satisfactory services or maintain their service levels, could materially and adversely affect our business, reputation, cash flows, financial condition and results of operations. We rely upon restaurant partners on our platform and delivery partners to provide food to customers. If these restaurant partners experience difficulty servicing customer demand, producing quality goods, or meeting our other requirements or standards, or experience problems with their point-of-sale or other technologies, our reputation and brand could be damaged. Further, an increase in restaurant operating costs could cause restaurant partners on our platform to raise prices, renegotiate commission rates, withdraw discounts or cease operations, which could in turn adversely affect our operational costs and efficiency. If restaurant partners on our platform were to cease operations, temporarily or permanently, we may not be able to provide customers with sufficient restaurant selection, which we expect would reduce the number of customers on our platform. Many of the factors affecting restaurant operating costs, including off-premise costs and prices, are beyond the control of restaurant partners and include inflation, costs associated with the goods provided, labor and employee benefit costs, rent costs, and energy costs. Additionally, if restaurant partners try to pass along increased operating costs and raise prices to customers, order volume may decline, which we expect would adversely affect our financial condition, cash flows and results of operations. In addition, our partners may operate contrary to, or in breach of the terms of their agreements with us. For instance, our restaurant partners may not confirm orders placed by customers (including for reasons beyond their control, such as network/ telecom disruptions) leading to cancelled orders; provide preferential treatment towards walk-in customers, or customers who call in directly to place orders; subject customers on our platform to unsolicited marketing or other communication; remove items from their published menus without informing us; prepare food items through methods not in compliance with applicable law or quality control standards; use non-Zomato branded packaging material; or utilize infrastructure provided by us in an unauthorized manner. While we have contractual recourse in case of such actions, any impairment of the quality and reputation by our popular restaurant partners for such reasons may lead to lesser orders from customers, thereby adversely affecting our revenues, cash flows, reputation, business and results of operation. In addition to the services provided by restaurant partners on our platform, we also rely on a large number of other participants in our network, such as delivery partners to perform the on-demand delivery services and online marketing service providers, to provide various services to restaurant partners. To the extent they are unable to provide satisfactory services to customers or restaurant partners, which may be due to events that are beyond our or their control, such as inclement weather or transportation disruptions, we may suffer reputational damage, and our business, financial condition, cash flows and results of operations may be materially and adversely affected. The delivery partners that we work with may also subject us to additional risks. For example, we may be exposed to claims for personal injury, death or property damage resulting from traffic accidents caused by delivery partners in performing their services. Such incidents may cause negative publicity in the local community and may negatively affect our brand image and reputation. In addition, as delivery partners interact directly with our customers, we may suffer substantial reputational harm from any misconduct, illegal actions or crimes committed by them. In the recent past, there have been widely publicized reports and accounts on social media on misconduct, unprofessional and on occasion, allegedly illegal behavior by our delivery partners, including physical assault, vehicular accidents, usage of abusive language, delay in delivery of, and pilferage of orders. If we are unable to effectively address these risks, our brand image, reputation, cash flows and financial performance may be materially and adversely affected."
zomato,18,"There are pending litigations against our Company, Subsidiaries, and certain of our Directors. Any adverse decision in such proceedings may render us/them liable to liabilities/penalties and may adversely affect our business, results of operations, cash flows and reputation. Certain legal proceedings involving our Company, subsidiaries of our Company, and certain of our Directors are pending at different levels of adjudication before various courts, tribunals and authorities. In the event of adverse rulings in these proceedings or consequent levy of penalties, we may need to make payments or make provisions for future payments, which may increase expenses and current or contingent liabilities and adversely affect our reputation. A summary of outstanding litigation proceedings involving our Company, Subsidiaries and Directors, as disclosed in “Outstanding Litigation and Material Developments” on page 326, in terms of the SEBI ICDR Regulations and the materiality policy approved by our Board pursuant to a resolution dated April 12, 2021, as of the date of this Draft Red Herring Prospectus is provided below: Type of Proceeding Number of cases Amount involved (in ₹ million)^ Litigation involving our Company Material civil litigation proceedings Nil Nil Criminal proceedings 72.79** Actions initiated by regulatory and statutory authorities Not quantifiable Taxation matters (Indirect taxation) 963.45* Litigation involving our Subsidiaries Material civil litigation proceedings Nil Nil Criminal proceedings Nil Nil Actions initiated by regulatory and statutory authorities Not quantifiable Taxation matters (direct and indirect taxation) 31.99*#@ Litigation against our Directors Civil proceedings 2,758.48 Criminal proceedings 72.79** Actions initiated by regulatory and statutory authorities Nil Nil Type of Proceeding Number of cases Amount involved (in ₹ million)^ Taxation matters 31.02 Litigation by our Directors Civil proceedings Nil Nil Criminal proceedings Nil Nil Actions initiated by regulatory and statutory authorities Nil Nil Taxation matters Nil Nil ^ To the extent ascertainable. * Exclusive of interest and penalty. # ₹ 5.75 million and ₹.1.47 million already paid to the relevant authority in respect of direct tax and indirect tax disputes, respectively. @ Conversion rate for tax demand in foreign currency from a subsidiary of our Company: 1 PHP = ₹ 1.5175. ** Amount quantifiable only in respect of one proceeding out of the two. Our Company has already paid an amount of approximately ₹ 61.87 million out of the ₹ 72.79 million to the complainant in accordance with the settlement agreement entered into for settling the dispute. For further details see “Outstanding Litigation and Material Developments” beginning on page 326. We cannot assure you that any of the outstanding litigation matters will be settled in our favor, or that no additional liability will arise out of these proceedings. In addition to the above, we could also be adversely affected by complaints, claims or legal actions brought by persons, including before consumer forums or sector-specific or other regulatory authorities in the ordinary course or otherwise, in relation to our services, our technology and/or intellectual property, our branding or marketing efforts or campaigns or our policies. Actions or claims may also be initiated against us for any health problems or other consequences caused by the products offered by our partners, including any ingredients in such products, or on account of any issues faced during delivery. There can be no assurance that such complaints or claims will not result in investigations, enquiries or legal actions by any regulatory authority against us."
zomato,19,"Our Directors and Key Managerial Personnel have interests in our Company in addition to their remuneration and reimbursement of expenses. Our Directors and Key Managerial Personnel are interested in our Company to the extent of their respective shareholding in our Company as well as to the extent of any employee stock options, dividends, bonus or other distributions on such Equity Shares. Certain of our Directors are also nominees of some of our shareholders, and we have had related party transactions with such shareholders. Accordingly, these Directors may also said to be interested to the extent of such transactions. See “Capital Structure – Shareholding Pattern of our Company” on page 95. For details on the interests of our Directors and Key Managerial Personnel, other than reimbursement of expenses incurred or normal remuneration or benefits, see “Our Management – Interests of Directors” on page 190 and “Our Management – Interests of Key Managerial Personnel” on page 197."
zomato,20,"The price at which our Company has issued Equity Shares during the last one year from the date of this Draft Red Herring Prospectus may not be indicative of the future price. Details of issuances of Equity Shares by our Company during the last one year are set out below: Date of Allotment Number of Equity Shares Allotted Face Value (₹) Issue price per Equity Share (₹) Nature of consideration Nature of allotment Allotees August 22, 2020 12,015 153,272.90 Cash Private placement Allotment of 12,015 Equity Shares to Foodiebay Employees ESOP Trust (ESOP 2014) February 4, 2021 300,235 Cash Private placement Allotment of Equity Shares to Manoj Kumar Kohli and 25 Equity Shares to Anshoo Sharma March 1, 2021 1,576 155,690.27 NA Private Placement Allotment of Equity Shares to SRI Capital Fund I L.P., 468 Equity Shares to Secure Smart Trust, Equity Shares to Sprout Venture Partners Fund I and 91 Equity Shares to Appyhigh Technology LLP in the ratio of 0.11 Equity Shares allotted for Date of Allotment Number of Equity Shares Allotted Face Value (₹) Issue price per Equity Share (₹) Nature of consideration Nature of allotment Allotees equity share of Jogo Technologies Private Limited April 6, 2021 2,354,544,423 - NA Bonus issue in the ratio of 6,699 bonus Equity Shares for every one Equity Share held in the Company All shareholders holding Equity Shares in the Company April 6, 2021 4,306,073,250 NA NA Conversion of all classes of convertible preference shares of the Company Allotment of Equity Shares to the respective holders of convertible preference shares of the Company pursuant to conversion of each such convertible preference shares, in accordance with the conversion formula specified for such class of preference shares. For further details, see “Capital Structure – Preference Share Capital” on page 85. The price at which Equity Shares have been issued by our Company in the immediately preceding year is not indicative of the price at which they will be issued or traded after the Offer. For further information refer to the section “Capital Structure” beginning on page 82."
zomato,21,"Failure to obtain or maintain or renew licenses, registrations, permits and approvals in a timely manner or at all may adversely affect our business, cash flows and results of operations. As part of our business and operations in India and abroad, we are required to obtain various licenses and permits to run our business some of which may expire in the ordinary course and for which we would be required to apply to obtain the approval or its renewal. For further details of material consents, licenses, permissions, registrations and approvals from the Government of India, various governmental agencies and other statutory and/ or regulatory authorities, of our Company and our Material Subsidiary, see “Government and Other Approvals” beginning on page 331. While we have obtained a significant number of approvals, licenses, registrations and permits from the relevant authorities including the Food Safety and Standards Authority of India (“FSSAI”), we have yet to receive or apply for certain approvals, licenses, registrations, permits or renewals, including in relation to certain of our facilities. For example, we are yet to apply for shops and establishment registrations for certain of our newly opened offices and we have made and are in the process of making applications to relevant authorities for updating the name of our Company in current registrations and approvals, pursuant to the conversion of our Company into a public company. Such applications include, employee state insurance registrations, employee provident fund registrations, shops and establishment registrations, professional tax registration and labour welfare fund registrations. Any delay in receipt or the non-receipt of approvals, licenses, registrations, permits or their renewals could affect our related operations. Any changes in rules and regulations issued by the FSSAI or other government or regulatory authority in relation to the food industry, including delivery and distribution of food products, may adversely affect our business. Further, certain notices have been issued against our Company and our Material Subsidiary by Food and Drugs Administration departments for, inter alia, listing restaurants that had not obtained requisite licenses under the Food Safety and Standards Act, 2006. For further details, see “Outstanding Litigation and Material Developments – Litigation against our Company - Outstanding actions initiated by regulatory and statutory authorities” on page 327. While we have entered into arrangements with third parties with respect to employee related statutory compliances to be made on behalf of our Company, any failure to retain or renew our licenses and permits or to pay related statutory dues in a timely manner by us or such third parties could subject us to fines or sanctions which would require us to incur additional cost and would adversely affect our business and results of operations. Further, our government approvals and licenses are subject to certain conditions and ongoing compliance; if we fail to comply or a regulator alleges that we have not complied with such conditions, our business, prospects, cash flows, financial condition, results of operations and cash flows may be adversely affected. Additionally, unfavorable changes in or interpretations of existing, or the promulgation of new laws governing our business and operations, including in the telecom and e- commerce sectors in India could require us to obtain additional licenses and approvals. For instance, in respect of our customer and vendor communications through telephone calls and messages, we are required to register as a sender in respect of commercial communications and comply with extensive obligations under the relevant regulations. In addition, regulatory authorities could also impose notices and other orders on us in case of non-possession of licenses."
zomato,22,"We may be unable to renew our existing leases or secure new leases for our existing offices. The Registered Office, Corporate Office and our other offices and certain of our facilities across the country are located on leased properties. Certain of the lease deeds for the properties in which our offices and facilities are located and may have expired or may not be adequately stamped or registered. While we renew these lease agreements and deeds periodically in the ordinary course of business, in the event that these existing leases are terminated or they are not renewed on commercially acceptable terms, we may suffer a disruption in our operations. If alternative premises are not available at the same or similar costs, sizes or locations, our business, financial condition, cash flows and results of operations may be adversely affected. In addition, any regulatory non-compliance by the landlords or adverse development relating to the landlords’ title or ownership rights to such properties, including as a result of any non- compliance by the landlords, may entail significant disruptions to our operations, especially if we are forced to vacate leased spaces following any such developments, and expose us to reputational risks. If our sales do not increase in line with our rent and costs, including setup and interior design costs, our profitability, cash flows and results of operations could be adversely affected."
zomato,23,"We may require additional capital through financing in the future and our operations could be curtailed if we are unable to obtain required capital and financing on favorable terms when needed. Some of the subsidiaries of our Company have availed unsecured loans in the form of external commercial borrowings and term loans in the ordinary course of business. For details of our outstanding debt and inter-corporate loans sanctioned by the Company to its subsidiaries as on the date of this Draft Red Herring Prospectus, see “Financial Indebtedness” beginning on page 310. We may need to raise additional capital from time to time, depending on our business requirements. Some of the factors that may require us to raise additional capital include (i) business growth beyond what the current balance sheet can sustain; (ii) unforeseen events beyond our control such as the global lockdown due to the COVID-19 pandemic and (iii) significant depletion in our existing capital base due to unusual operating losses. Any additional equity financing may result in dilution to the holders of the Equity Shares. Further, any financing would also result in the incurrence of interest expense and may impose affirmative and negative covenants that restrict our freedom to operate our business. We cannot guarantee that we will be able to obtain additional capital, including through financing on terms that are acceptable to us, or any financing at all, and the failure to obtain sufficient financing could adversely affect our business operations."
zomato,24,"Our insurance policies may be insufficient to cover all future costs and losses the incurrence or magnitude of which are unforeseen or unpredictable and could result in an adverse effect on our business operations and results of operations. We maintain insurance coverage under various insurance policies for, among other things, our properties, employees, events organized by us, directors’ and officers’ liability and our delivery partners. For details, see “Our Business – Insurance” on page 141. While we believe that the level of insurance we maintain is appropriate for the risks of our business, notwithstanding the insurance coverage that we carry, we may not be fully insured against certain business risks. There are many events that could significantly impact our operations, or expose us to third-party liabilities, for which we may not be adequately insured. Our insurance policies contain exclusions and limitations on coverage, as a result of which, we may not be able to successfully assert our claims for any liability or loss under the said insurance policies. Additionally, there may be various other risks and losses for which we are not insured because such risks are either uninsurable or not insurable on commercially acceptable terms. Furthermore, there can be no assurance that we will be able to maintain insurance of the types or at levels which we deem necessary or adequate or at premiums which we deem to be commercially acceptable in the future. The occurrence of an event for which we are not insured, where the loss is in excess of insured limits occurs or where we are unable to successfully assert insurance claims from losses, could result in uninsured liabilities. Further, despite such uninsured losses we may remain obligated for any financial indebtedness or other obligations related to our business. Additionally, some of our insurance claims have been rejected by the insurance agencies in the past and there can be no assurance that any claim under the insurance policies maintained by us will be honored fully, in part, or on time. To the extent that we suffer any loss or damage that is not covered by insurance or exceeds our insurance coverage, our business, financial condition, cash flows and results of operations could be adversely affected."
zomato,25,"Failure to detect and deal effectively with any fraud perpetrated and fictitious transactions conducted on our platform could harm our business. We face risks with respect to fraudulent activities engaged by restaurant partners on our platform. Restaurant partners may engage in fictitious transactions with themselves or collude with third parties in order to artificially inflate their sales records, popularity and search results rankings. Such activity may frustrate other restaurant partners by enabling the perpetrating restaurant partners to be favored over legitimate restaurant partners, and may harm customers by misleading them to believe that a restaurant is more reliable or trustworthy than the restaurant actually is. Although we have implemented strict measures to detect and penalize restaurant partners who engaged in fraudulent activities on our platform, there can be no assurance that such measures will be effective in preventing fraudulent transactions and that we will be able to detect fraudulent activities in general. We are subject to risks arising from various types of fraud, including use of stolen or fraudulent credit card data, referral fraud by both customers and delivery partners, fraud with respect to background checks, attempted payments by customers with insufficient funds, fraud committed by customers in concert with delivery partners, and account takeovers of delivery partners by bad actors. Bad actors use increasingly sophisticated methods to engage in illegal activities involving personal information, such as unauthorized use of another person’s identity, account information, or payment information and unauthorized acquisition or use of credit or debit card details, bank account information, and mobile phone numbers. Under current credit card practices, we may be liable for orders facilitated on our platform with fraudulent credit card data, even if the associated financial institution approved the credit card transaction. Despite measures we have taken to detect and reduce the occurrence of fraudulent or other malicious activity on our platform, we cannot guarantee that any of our measures will be effective or will scale efficiently with our business. Our failure to adequately detect or prevent fraudulent transactions could harm our reputation or brand, result in litigation or regulatory action, and lead to expenses that could adversely affect our business, cash flows, financial condition and results of operations. Moreover, illegal, fraudulent or collusive activities by our employees could also subject us to liability or negative publicity. We have discovered cases in which certain of our employees accepted payments from restaurants or other service providers in order to receive preferential treatment on our platform. Although the employees who have been found to be responsible for these incidents are no longer employed with us and we have implemented internal controls and policies with regard to the review and approval of restaurant accounts, sales activities and other relevant matters, we cannot assure you that our controls and policies will prevent fraud or illegal activity by our employees or that similar incidents will not occur in the future. Any illegal, fraudulent or collusive activity could severely damage our brand and reputation, which could drive customers away from our platform, and materially and adversely affect our business, cash flows, financial condition and results of operations."
zomato,26,"Any failure to offer high-quality support may harm our relationships with restaurant partners, customers, and delivery partners and could adversely affect our business, financial condition, cash flows and results of operations. Our ability to attract restaurant partners and customers and onboard delivery partners is dependent in part on our ability to provide high-quality support. Restaurant partners, customers and delivery partners depend on our support organization to resolve any issues relating to our platform. We rely on third parties to provide some support services such as support through call centers to our customers, restaurant partners and delivery partners and our ability to provide effective support is partially dependent on our ability to attract and retain third-party service providers who are not only qualified to support our customer, restaurant partner and delivery partners but are also well versed with our offerings, platform. Further, if any of the personnel deployed by call centers engaged by us indulge in unprofessional or illegal behavior while interacting with restaurant partners, delivery partners or customers, our brand and reputation will be adversely affected. As we continue to grow our business and improve our offerings, we will face challenges related to providing high-quality support services at scale. Any failure to maintain high-quality support, or a market perception that we do not maintain high-quality support, could harm our reputation and adversely affect our ability to scale our platform and business, our financial condition, cash flows and results of operations."
zomato,27,"We outsource a portion of our back-end operations and if our outsourcing service providers fail to meet our requirements or face operational or system disruptions, our business may be adversely affected. We outsource a portion of our services, such as menu digitization, onboarding of delivery partners and accounts payables. We also outsource our call center service for customer service support. If our outsourcing service providers experience difficulty meeting our requirements for quality and customer service standards, our reputation could suffer and our business and prospects could be adversely affected. Our operations and business could also be materially and adversely affected if our outsourcing service providers face any operational or system interruptions. Further, many of our contracts with outsourcing service providers are short-term or have short notice periods. For example, our agreement with a service provider, which provides call center services for our operations, is for a renewable term of five years but may be terminated by either party on 45 days’ notice. In the event one or more of our contracts with our outsourcing service providers is terminated on short notice, we may be unable to find alternative outsourcing service providers on commercially reasonable terms, or at all. Further, the quality of the service provided by a new or replacement outsourcing service providers may not meet our requirements, including during the transition and training phase. Hence, termination of any of our contracts with our outsourcing service providers could cause a decline in the quality of our services and disrupt and adversely affect our business, results of operations, cash flows and financial condition."
zomato,28,"Certain sections of this Draft Red Herring Prospectus contain information from RedSeer which has been commissioned by us and any reliance on such information for making an investment decision in the Offer is subject to inherent risks. Pursuant to being engaged by us, RedSeer, prepared a report on the Indian food services industry, “Report on India Food Services Market” (“RedSeer Report”). Certain sections of this Draft Red Herring Prospectus include information based on, or derived from, the RedSeer Report or extracts of the RedSeer Report. We commissioned this report for the purpose of confirming our understanding of the industry in connection with the Offer. None of our Company (including our Directors), the Selling Shareholder, the legal counsels and the Managers, nor any other person connected with the Offer has verified the information covered in the RedSeer Report and cannot provide any assurance regarding the information in this Draft Red Herring Prospectus derived from, or based on, the RedSeer Report. All such information in this Draft Red Herring Prospectus indicates the RedSeer Report as its source. Accordingly, any information in this Draft Red Herring Prospectus derived from, or based on, the RedSeer Report should be read taking into consideration the foregoing. Industry sources and publications are also prepared based on information as of specific dates and may no longer be current or reflect current trends. Industry sources and publications may also base their information on estimates, projections, forecasts and assumptions that may prove to be incorrect. Industry sources do not guarantee the accuracy, adequacy or completeness of the data. Further, the RedSeer Report is not a recommendation to invest / disinvest in any company covered in the RedSeer Report. Accordingly, prospective investors should not place undue reliance on, or base their investment decision solely on this information. In view of the foregoing, you may not be able to seek legal recourse for any losses resulting from undertaking any investment in the Offer pursuant to reliance on the information in this Draft Red Herring Prospectus based on, or derived from, the RedSeer Report. You should consult your own advisors and undertake an independent assessment of information in this Draft Red Herring Prospectus based on, or derived from, the RedSeer Report before making any investment decision regarding the Offer. See “Industry Overview – Our Market Opportunity” beginning on page 143. For the disclaimers associated with the RedSeer Report, see “Certain Conventions, Presentation of Financial, Industry and Market Data and Currency of Presentation – Disclaimer of RedSeer” on page 21."
zomato,29,"The markets for food delivery services are still in relatively early stages of growth, and if these markets do not continue to grow, grow slower than we expect, or fail to grow as large as we expect, our business, financial condition, cash flows and results of operations could be adversely affected. Food delivery in India has grown rapidly in recent years, but it is still relatively new, and it is uncertain to what extent market acceptance will continue to grow, if at all. In addition, the market for the other delivery services we facilitate, such as through Hyperpure, is relatively nascent, and it is uncertain whether demand for such services or other delivery services we may facilitate in the future will continue to grow and achieve wide market acceptance, if at all. If the public does not perceive these services as beneficial, or chooses not to adopt them as a result of concerns regarding safety, affordability, or for other reasons, whether as a result of incidents on our platform or on our competitors’ platforms or otherwise, or instead adopts alternative solutions that may arise, then the market for our platform may not further develop, may develop slower than we expect, or may not achieve the growth potential we expect, any of which could adversely affect our business, financial condition, cash flows and results of operations."
zomato,30,"Internet search engines drive traffic to our platform and our customer growth could decline and our business, financial condition, cash flows and results of operations would be adversely affected if we fail to appear prominently in search results. Our success depends in part on our ability to attract customers through unpaid internet search results on search engines. The number of customers we attract to our platform from search engines is due in large part to how and where our website ranks in unpaid search results. These rankings can be affected by a number of factors, many of which are not under our direct control and may change frequently. For example, a search engine may change its ranking algorithms, methodologies, or design layouts. As a result, links to our website may not be prominent enough to drive traffic to our website, and we may not know how or otherwise be in a position to influence the results. Search engines may also adopt a more aggressive auction-pricing system for keywords that would cause us to incur higher advertising costs or reduce our market visibility to prospective customers. Our website has experienced fluctuations in search result rankings in the past, and we anticipate similar fluctuations in the future. Any reduction in the number of customers directed to our platform could adversely affect our business, financial condition, cash flows and results of operations."
zomato,31,"Our online marketing services/listings or reviews may constitute internet advertisement, which subjects us to laws, rules and regulations applicable to advertising. Indian and international advertising laws, rules and regulations require advertisers, advertising operators and advertising distributors to ensure that the content of the advertisements they prepare or distribute is fair and accurate and is in full compliance with applicable law. Violation of these laws, rules or regulations may result in penalties, including fines, confiscation of advertising costs, orders to cease dissemination of the advertisements and orders to publish corrective information. Complying with these requirements and any penalties or fines for any failure to comply may significantly reduce the attractiveness of our platform and increase our costs and could have a material adverse effect on our business, financial condition, cash flows and results of operations. In addition, for advertising content related to specific types of products and services, advertisers, advertising operators and advertising distributors must confirm that the advertisers have obtained the requisite government approvals, including the advertiser’s operating qualifications, proof of quality inspection of the advertised products and services, and, with respect to certain industries, government approval of the content of the advertisement and filing with the local authorities. Pursuant to the internet laws in India, we are required to take steps to moderate the content displayed on our platform, such as reviews and pictures posted by customers. This requires considerable resources and time, and could significantly affect the operation of our business, while at the same time also exposing us to increased liability under the relevant laws, rules and regulations. The costs associated with complying with these laws, rules and regulations, including any penalties or fines for our failure to comply if required, could have a material adverse effect on our business, financial condition, cash flows and results of operations. Any further change in the classification of our online marketing services by the Indian government may also significantly disrupt our operations and materially and adversely affect our business and prospects."
zomato,32,"We are, and also in the future may be, subject to intellectual property infringement claims, which may be expensive to defend and may disrupt our business. The protection of our intellectual property is crucial to the success of our business. We rely on a combination of trademark, trade secret, and copyright law and contractual restrictions to protect our intellectual property. While our agreements with our employees and consultants who develop intellectual property on our behalf include confidentiality provisions and provisions on ownership of intellectual property developed during employment or specific assignments, as applicable, these agreements may not effectively prevent unauthorized use or disclosure of our confidential information, intellectual property, or technology and may not provide an adequate remedy in the event of unauthorized use or disclosure of our confidential information or technology, or infringement of our intellectual property. Despite our efforts to protect our proprietary rights, unauthorized parties may copy aspects of our platform or other software, technology, and functionality or obtain and use information that we consider proprietary. In addition, unauthorized parties may also attempt, or successfully endeavor, to obtain our intellectual property, domain names, confidential information, and trade secrets through various methods, including through cybersecurity attacks, and legal or other methods of protecting this data may be inadequate. We have registered, among other trademarks, the term “Zomato” in India and other jurisdictions. However, we have applied for, and are yet to receive registration for our logo under certain classes in India. For further details, see “Our Business – Intellectual Property” on page 141. Competitors have and may continue to adopt service names similar to ours, thereby harming our ability to build brand identity and possibly leading to customer confusion. In addition, there could be potential trade name or trademark infringement claims brought by owners of other trademarks that are similar to our trademarks. Further, we may not timely or successfully apply for a patent or register our trademarks or copyrights or otherwise secure our intellectual property. Our efforts to protect, maintain, or enforce our proprietary rights may be ineffective and could result in substantial costs and diversion of resources, which could adversely affect our business, financial condition, cash flows and results of operations. In addition, we allow our customers to upload content to our platform, mobile applications and websites. In particular, our mobile application features a vast amount of detailed and engaging content on our restaurant partners and services. However, content posted on our mobile applications and websites may expose us to allegations by third parties of infringement of intellectual property rights, unfair competition, invasion of privacy, defamation and other violations of third-party rights. We have, on numerous occasions in the past, received notices and have had to take-down trademarks, logos and other content provided to us by our restaurant partners in a manner that breached the intellectual property rights of other individuals and entities. We are and may from time to time be involved in litigation based on allegations of infringement of third-parties’ trademarks and copyrights due to the content available on our platform, our marketing and branding efforts as well as our technology and software. Our failure to identify unauthorized content posted on our mobile applications and websites may subject us to claims of infringement of third-party intellectual property rights or other rights, defending of which may impose a significant burden on our management and employees, and there can be no assurance that we will obtain final outcomes that are favorable to us. We use open source software in connection with our products and services. Companies that incorporate open source software into their products and services have, from time to time, faced claims challenging the ownership of open source software and compliance with open source license terms. As a result, we could be subject to suits by parties claiming ownership of what we believe to be open source software or noncompliance with open source licensing terms. Some open source software licenses require customers who distribute open source software as part of their software to publicly disclose all or part of the source code to such software and make available any derivative works of the open source code on unfavorable terms or at no cost. Any requirement to disclose our source code or pay damages for breach of contract could be harmful to our business, financial condition, cash flows and results of operations."
zomato,33,"We rely on mobile operating systems and application marketplaces to make our applications available to participants that utilize our platform, and if we do not effectively operate with or receive favorable placements within such application marketplaces and maintain high customers’ reviews, our usage or brand recognition could decline and our business, financial results, cash flows and results of operations could be adversely affected. We depend on mobile operating systems, such as Android and iOS, and their respective application marketplaces to make our applications available to all participants that utilize our platform. Any changes in such systems and policies of the app stores could adversely affect distribution, accessibility and availability of our mobile applications. If such mobile operating systems or application marketplaces limit or prohibit us from making our platform available to participants that utilize our platform, make changes that degrade the functionality of our applications, increase the cost of using our platform, mobile applications or website, impose terms of use unsatisfactory to us, or modify their search or ratings algorithms in ways that are detrimental to us, or if our competitors’ placement in such mobile operating systems’ application marketplace is more prominent than the placement of our applications, our customer growth could slow down. Our mobile applications have experienced fluctuations in the past, and we anticipate similar fluctuations in the future. Any of the foregoing risks could adversely affect our business, financial condition, cash flows and results of operations. As new mobile devices and mobile platforms are released, there is no guarantee that certain mobile devices will continue to support our platform or effectively roll out updates to our applications. Additionally, in order to deliver high-quality applications, we need to ensure that our platform are designed to work effectively with a range of mobile technologies, systems, networks, and standards. We may not be successful in developing or maintaining relationships with key participants in the mobile industry that enhance customer ’ experience. If restaurant partners, customers, or delivery partner that utilize our platform encounter any difficulty accessing or using our applications on their mobile devices or if we are unable to adapt to changes in popular mobile operating systems, we expect that our customer growth and customer engagement would be adversely affected."
zomato,34,"We rely on telecommunications and information technology systems, networks and infrastructure to operate our business and any interruption or breakdown in such systems, networks or infrastructure or our technical systems could impair our ability to effectively operate our platform or provide our services. Our business could be impacted by the failure of telecommunications network operators to provide us with the requisite bandwidth which could also interfere with the speed and availability of our platform, as well as by breakdowns at the level of our Internet service providers. Additionally, systems, app components and software that are developed internally may contain undetected errors, defects or bugs, which we may not be able to detect and repair in time, in a cost-effective manner or at all. In such circumstances, we may be liable for all costs and damages, as we would not be entitled to any indemnification or warranty that may have been available if we had obtained such systems or software from third-party providers. Disruptions or instabilities in telecommunications networks, our website, mobile application, mobile website, servers and databases as well as the functioning of internet service providers could lead to dissatisfaction and damage our reputation. In addition, to perform reliably, the fixed telecommunications networks and internet infrastructure of internet service providers in India, and in any other locations that we may operate in, require maintenance and periodic upgrading of the appropriate networks and infrastructure which are beyond our control. We cannot assure you that our back-up and disaster recovery measures and business continuity planning would effectively eliminate or alleviate the risks arising from the above contingencies. In addition, we cannot assure you that a more technologically sophisticated and reliable fixed telecommunications network or internet infrastructure will be developed in India or any other region that we may operate in, that will ensure our ability to deliver smooth and reliable provision of our services to restaurant partners and customers on our platform. Our success will depend upon third parties maintaining and improving internet infrastructure to provide a reliable network with adequate speed and data capacity and telecommunication networks with good quality of services and lower congestion."
zomato,35,"We have experienced negative cash flows in prior years. We have experienced negative cash flows from operations in the recent past. Our consolidated cash flow for Fiscals 2018, 2019 and 2020 and the nine months ended December 31, 2020 are set forth in the table below. Nine months ended December 31, 2020 Fiscal 2020 2019 2018 (₹ in millions) Net cash used in operating activities (2,693.83) (21,436.17) (17,426.55) (693.41) Net cash flows (used in)/from investing activities (42,222.12) 17,352.18 (12,734.50) (8,206.21) Net cash flow from financing activities 45,742.70 3,588.96 31,294.54 9,413.11 Cash and cash equivalents at the end of the period/year 2,482.48 1,672.00 2,124.15 1,003.95 Any negative cash flows in the future could adversely affect our results of operations and financial condition."
zomato,36,"We have entered into, and will continue to enter into, related party transactions which may potentially involve conflicts of interest. In the ordinary course of our business, we enter into and will continue to enter into transactions with related parties. For details regarding our related party transactions, see “Other Financial Information - Related Party Transactions” on page 308.While we believe that all such related party transactions that we have entered into are legitimate business transactions conducted on an arms’ length basis, we cannot assure you these arrangements in the future, or any future related party transactions that we may enter into, individually or in the aggregate, will not have an adverse effect on our business, financial condition, results of operations, cash flows and prospects. Further, any future transactions with our related parties could potentially involve conflicts of interest which may be detrimental to our Company. There can be no assurance that our Directors and executive officers will be able to address such conflicts of interests or others in the future."
zomato,37,"We track certain operational metrics with internal systems and tools. Certain of our operational metrics are subject to inherent challenges in measurement which may adversely affect our business and reputation. We track certain operational metrics, including order counts and key business and non-GAAP metrics, such as MAU, MTU, Active Food Delivery Restaurants, Active Restaurant Listings, GOV, CAGR and Adjusted EBITDA, among others, with internal systems and tools and which may differ from estimates or similar metrics published by third parties due to differences in sources, methodologies, or the assumptions on which we rely. Our internal systems and tools have a number of limitations, and our methodologies for tracking these metrics may change over time, which could result in unexpected changes to our metrics, including the metrics we publicly disclose. If the internal systems and tools we use to track these metrics undercount or over count performance or contain algorithmic or other technical errors, the data we report may not be accurate. While these numbers are based on what we believe to be reasonable estimates of our metrics for the applicable period of measurement, there are inherent challenges in measuring how our platform are used across large populations. For example, the accuracy of our operating metrics could be impacted by fraudulent customers of our platform, and further, we believe that there are customers who have multiple accounts, even though this is prohibited in our Terms of Service and we implement measures to detect and prevent this behavior. Customer usage of multiple accounts may cause us to overstate the number of customers on our platform. In addition, limitations or errors with respect to how we measure data or with respect to the data that we measure may affect our understanding of certain details of our business, which could affect our long-term strategies. If our operating metrics are not accurate representations of our business, if investors do not perceive our operating metrics to be accurate, or if we discover material inaccuracies with respect to these figures, we expect that our business, reputation, financial condition, cash flows and results of operations would be adversely affected. See “Our Business” beginning on page 123 for more details."
zomato,38,"Certain of our corporate records and filings are not traceable or have discrepancies. We cannot assure you that regulatory proceedings or actions will not be initiated against us in the future and we will not be subject to any penalty imposed by the competent regulatory authority in this regard. Certain of our Company’s corporate records/ regulatory filings are not traceable or have discrepancies such as copies of the offer letters and acceptance letters in relation to the rights issue of Class B CCCPS, Class C and Class D CCCPS to certain allottees. For further details, see “Capital Structure – Share Capital History of our Company” on page 83. Certain disclosures in this Draft Red Herring Prospectus in relation to such untraceable records/ discrepancies in filings have been made in reliance on other supporting documents available in our records, including the resolutions passed/noting made by the Board or Shareholders in their meetings, or documents annexed to the filings/ clarifications sent to the relevant regulatory authorities highlighting the true and accurate position with regard to the corporate actions undertaken. We cannot assure you that the relevant corporate records will become available in the future, that the discrepancies in filings will be rectified, that regulatory proceedings or actions will not be initiated against us in the future, or that we will not be subject to any penalty imposed by the competent regulatory authority in this respect. External Risks"
zomato,39,"Natural disasters, fires, epidemics, pandemics, acts of war, terrorist attacks, civil unrest and other events could materially and adversely affect our business. Natural disasters (such as typhoons, flooding and earthquakes), epidemics, pandemics such as COVID-19, acts of war, terrorist attacks and other events, many of which are beyond our control, may lead to economic instability, including in India or globally, which may in turn materially and adversely affect our business, financial condition, cash flows and results of operations. Our operations may be adversely affected by fires, natural disasters and/or severe weather, which can result in damage to our property or inventory and generally reduce our productivity and may require us to evacuate personnel and suspend operations. Any terrorist attacks or civil unrest as well as other adverse social, economic and political events in India could have a negative effect on us. Such incidents could also create a greater perception that investment in Indian companies involves a higher degree of risk and could have an adverse effect on our business and the price of the Equity Shares. A number of countries in Asia, including India, as well as countries in other parts of the world, are susceptible to contagious diseases and, for example, have had confirmed cases of diseases such as the highly pathogenic H7N9, H5N1 and H1N1 strains of influenza in birds and swine and more recently, the COVID-19 virus. Certain countries in Southeast Asia have reported cases of bird-to-human transmission of avian and swine influenza, resulting in numerous human deaths. A worsening of the current outbreak of COVID-19 virus or future outbreaks of COVID-19 virus, avian or swine influenza or a similar contagious disease could adversely affect the Indian economy and economic activity in the region and in turn have a material adverse effect on our business and the trading price of the Equity Shares."
zomato,40,"Changing regulations in India could lead to new compliance requirements that are uncertain. The regulatory and policy environment in which we operate is evolving and is subject to change. The government of India (“GoI”) may implement new laws or other regulations and policies that could affect the food and hospitality industry and e-commerce in general, which could lead to new compliance requirements, including requiring us to obtain approvals and licenses from the Government and other regulatory bodies, or impose onerous requirements. New compliance requirements could increase our costs or otherwise adversely affect our business, financial condition, cash flows and results of operations. Further, the manner in which new requirements will be enforced or interpreted can lead to uncertainty in our operations and could adversely affect our operations. Any changes to such laws, including the instances mentioned below, may adversely affect our business, financial condition, results of operations, cash flows and prospects. For example, the introduction of national goods and service tax (“GST”) in India replaced taxes levied by central and state governments with a unified tax regime in respect of the supply of goods and services for all of India, which resulted in changes to India’s food service industry. Similarly, supplies on an e-commerce platform are subject to deduction of TCS at the rate of 1% under applicable GST laws, where consideration for such supply is received by the e-commerce company. Any changes to the GST rate or rules and regulations surrounding GST and the related uncertainties with respect to the implementation of GST may have a material adverse effect on our business, financial condition and results of operations. Further, in order for us to utilize input credit under GST, the entire value chain has to be GST-compliant, including us. While we are and will continue to adhere to the GST rules and regulations, there can be no assurance that our relevant counterparties will do so. Any such failure may result in increased cost on account of non-compliance with the GST and may adversely affect our business, cash flows and results of operations. Further, the Finance Act, 2020, has, amongst others things, notified changes and provided a number of amendments to the direct and indirect tax regime, including, without limitation, a simplified alternate direct tax regime and that dividend distribution tax (“DDT”), will not be payable in respect of dividends declared, distributed or paid by a domestic company after March 31, 2020, and accordingly, such dividends would not be exempt in the hands of the shareholders, both resident as well as non-resident and are subject to tax deduction at source. The Company may or may not grant the benefit of a tax treaty (where applicable) to a non-resident shareholder for the purposes of deducting tax at source from such dividend. Investors should consult their own tax advisors about the consequences of investing or trading in the Equity Shares. In the same Finance Act, 2020, a new provision was introduced to put an obligation on every e-commerce company to deduct tax at source on all supplies through the platform, irrespective of consideration received or otherwise, based on the tax rate determined based on the validation of PAN details of the platform suppliers. These provisions were made effective from October 1, 2020 and create an additional compliance burden on the Company. Any failure in such deduction could lead to costs being incurred to correct the tax defect or non-compliance. With several proposals to introduce further regulatory compliances, additional conditions to be met to receive benefits under existing regimes being introduced, upon any such proposals being notified, we may also become subject to inter alia additional compliances and increased associated costs. For instance, under the Finance Act, 2021, with effect from July 1, 2021, higher TDS rates may become applicable in the event of failure of certain compliances, including of linking Aadhar with permanent account numbers, or onerous conditions being proposed including to display QR codes on B2C transactions which could pose operational and implementation challenges given the large number of orders in invoices. Additionally, the GoI has recently introduced (a) the Code on Wages, 2019 (“Wages Code”); (b) the Code on Social Security, 2020 (“Social Security Code”); (c) the Occupational Safety, Health and Working Conditions Code, 2020; and (d) the Industrial Relations Code, 2020 which consolidate, subsume and replace numerous existing central labour legislations. While the rules for implementation under these codes have not been notified, we are yet to determine the impact of all or some such laws on our business and operations which may restrict our ability to grow our business in the future. For example, the Social Security Code aims to provide uniformity in providing social security benefits to the employees which was earlier segregated under different acts and had different applicability and coverage. The Social Security Code has introduced the concept of workers outside traditional employer-employee work- arrangements (including in online and digital platform such as ours), such as ‘gig workers’ and ‘platform workers’ and provides for the mandatory registration of such workers in order to enable these workers to avail benefits of, among others, life and disability cover, health and maternity benefits, old age protection, under schemes framed under the Social Security Code from time to time. Further, the Social Security Code provides that such schemes may inter alia, be partly funded by contributions from platform such as ours. Further, the Wages Code limits the amounts that may be excluded from being accounted toward employment benefits (such as gratuity and maternity benefits) to a maximum of 50% of the wages payable to employees. The implementation of such laws have the ability to increase our employee and labour costs, thereby adversely impacting our results of operations, cash flows, business and financial performance. Uncertainty in the applicability, interpretation or implementation of any amendment to, or change in, governing law, regulation or policy in the jurisdictions in which we operate, including by reason of an absence, or a limited body, of administrative or judicial precedent may be time consuming as well as costly for us to resolve and may impact the viability of our current business or restrict our ability to grow our business in the future. For instance, in January 2020, we received a notice from the Employees Provident Fund Organization (“EPFO”) alleging, among other items, that our Company had neglected and evaded payment of provident fund contributions towards our delivery partners. For further details, please see “Outstanding Litigation and Material Developments – Litigation against our Company - Outstanding actions initiated by regulatory and statutory authorities” on page 327. Our Company has responded to this notice and appeared in hearings in this matter stating, among other items, that our delivery partners are not employees in terms of the Employees Provident Fund and Miscellaneous Provisions Act, 1952. We cannot assure you that the EPFO will accede to our contentions. Any unfavorable orders or findings in this matter, including any interpretation that renders us a deemed employer of our delivery partners, may result in increased costs and adversely impact our business and operating models, our results of operation, cash flows and financial condition. Additionally, if we are affected, directly or indirectly, by the application or interpretation of any provision of such laws and regulations or any related proceedings, or are required to bear any costs in order to comply with such provisions or to defend such proceedings, our business and financial performance may be adversely affected."
zomato,41,"A downgrade in ratings of India, may affect the trading price of the Equity Shares. Our borrowing costs and our access to the debt capital markets depend significantly on the credit ratings of India. India’s sovereign rating decreased from Baa2 with a “negative” outlook to Baa3 with a “negative” outlook by Moody’s and from BBB with a “stable” outlook to BBB with a “negative” outlook (Fitch) in June 2020; and from BBB “stable” to BBB “negative” by DBRS in May 2020. India’s sovereign ratings from S&P is BBB- with a “stable” outlook. Any further adverse revisions to India’s credit ratings for domestic and international debt by international rating agencies may adversely impact our ability to raise additional financing and the interest rates and other commercial terms at which such financing is available, including raising any overseas additional financing. A downgrading of India’s credit ratings may occur, for example, upon a change of government tax or fiscal policy, which are outside our control. This could have an adverse effect on our ability to fund our growth on favorable terms or at all, and consequently adversely affect our business, cash flows and financial performance and the price of the Equity Shares."
zomato,42,"Political changes could adversely affect economic conditions in India. Our Company is incorporated in India and derives the majority of its revenue from operations in India and the majority of its assets are located in India. Consequently, our performance and the market price of the Equity Shares may be affected by interest rates, government policies, taxation, social and ethnic instability and other political and economic developments affecting India. Our business results depend on a number of general macroeconomic and demographic factors in India which are beyond our control. In particular, our revenue and profitability are strongly correlated to customer discretionary spending, which is influenced by general economic conditions, unemployment levels, the availability of discretionary income and customer confidence. Recessionary economic cycles, a protracted economic slowdown, a worsening economy, increased unemployment, increased food prices, increased energy prices, rising interest rates or other industry-wide cost pressures could also affect customer behavior and spending for restaurant dining occasions and lead to a decline in our sales and earnings. Factors that may adversely affect the Indian economy, and hence our results of operations and cash flows, may include: ● the macroeconomic climate, including any increase in Indian interest rates or inflation; ● any exchange rate fluctuations, the imposition of currency controls and restrictions on the right to convert or repatriate currency or export assets; ● any scarcity of credit or other financing in India, resulting in an adverse effect on economic conditions in India and scarcity of financing for our expansions; ● prevailing income conditions among Indian customers and Indian corporations; ● epidemic, pandemic or any other public health in India or in countries in the region or globally, including in India’s various neighboring countries; ● volatility in, and actual or perceived trends in trading activity on, India’s principal stock exchanges; ● changes in India’s tax, trade, fiscal or monetary policies; ● political instability, terrorism or military conflict in India or in countries in the region or globally, including in India’s various neighboring countries; ● occurrence of natural or man-made disasters; ● prevailing regional or global economic conditions, including in India’s principal export markets; ● other significant regulatory or economic developments in or affecting India or its consumption sector; ● international business practices that may conflict with other customs or legal requirements to which we are subject, including anti-bribery and anti-corruption laws; ● protectionist and other adverse public policies, including local content requirements, import/export tariffs, increased regulations or capital investment requirements; ● logistical and communications challenges; ● downgrading of India’s sovereign debt rating by rating agencies; ● difficulty in developing any necessary partnerships with local businesses on commercially acceptable terms or on a timely basis; and ● being subject to the jurisdiction of foreign courts, including uncertainty of judicial processes and difficulty enforcing contractual agreements or judgments in foreign legal systems or incurring additional costs to do so. Any slowdown or perceived slowdown in the Indian economy, or in specific sectors of the Indian economy, could adversely affect our business, results of operations, cash flows and financial condition and the price of the Equity Shares."
zomato,43,"Financial instability in other countries may cause increased volatility in Indian financial markets. The Indian market and the Indian economy are influenced by economic and market conditions in other countries, including conditions in the United States, Europe and certain emerging economies in Asia. Financial turmoil in Asia, Russia and elsewhere in the world in recent years has adversely affected the Indian economy. Any worldwide financial instability may cause increased volatility in the Indian financial markets and, directly or indirectly, adversely affect the Indian economy and financial sector and us. Although economic conditions vary across markets, loss of investor confidence in one emerging economy may cause increased volatility across other economies, including India. Financial instability in other parts of the world could have a global influence and thereby negatively affect the Indian economy. Financial disruptions could materially and adversely affect our business, prospects, financial condition, results of operations and cash flows. Furthermore, economic developments globally can have a significant impact on India. Concerns related to a trade war between large economies may lead to increased risk aversion and volatility in global capital markets and consequently have an impact on the Indian economy. Following the United Kingdom’s exit from the European Union (“Brexit”), there remains significant uncertainty around the terms of their future relationship with the European Union and, more generally, as to the impact of Brexit on the general economic conditions in the United Kingdom and the European Union and any consequential impact on global financial markets. For example, Brexit could give rise to increased volatility in foreign exchange rate movements and the value of equity and debt investments. In addition, China is one of India’s major trading partners and there are rising concerns of a possible slowdown in the Chinese economy as well as a strained relationship with India, which could have an adverse impact on the trade relations between the two countries. The sovereign rating downgrades for Brazil and Russia (and the imposition of sanctions on Russia) have also added to the growth risks for these markets. These factors may also result in a slowdown in India’s export growth. In response to such developments, legislators and financial regulators in the United States and other jurisdictions, including India, implemented a number of policy measures designed to add stability to the financial markets. However, the overall long-term effect of these and other legislative and regulatory efforts on the global financial markets is uncertain, and they may not have the intended stabilizing effects. Any significant financial disruption could have a material adverse effect on our business, financial condition, cash flows and results of operation. These developments, or the perception that any of them could occur, have had and may continue to have a material adverse effect on global economic conditions and the stability of global financial markets, and may significantly reduce global market liquidity, restrict the ability of key market participants to operate in certain financial markets or restrict our access to capital. This could have a material adverse effect on our business, financial condition, cash flows and results of operations and reduce the price of the Equity Shares."
zomato,44,"If inflation rises in India, increased costs may result in a decline in profits. Inflation rates in India have been volatile in recent years, and such volatility may continue. Increasing inflation in India could cause a rise in the costs of rent, wages, raw materials and other expenses. If we are unable to increase our revenues sufficiently to offset our increased costs due to inflation, it could have an adverse effect on our business, prospects, financial condition, results of operations and cash flows."
zomato,45,"Significant differences exist between Ind AS and other accounting principles, such as Indian GAAP, IFRS and U.S. GAAP, which may be material to investors’ assessments of our financial condition, result of operations and cash flows. Our restated financial information for Fiscals 2018, 2019 and 2020 and for the nine months ended December 31, 2020 included in this Draft Red Herring Prospectus are derived from the Audited Financial Statements prepared under the Ind AS, in each case restated in accordance with the requirements of Section 26 of part I of the Companies Act, 2013, the SEBI ICDR Regulations and the Guidance Note on “Reports in Company Prospectus (Revised 2019)” issued by the ICAI. Ind AS differs from accounting principles with which prospective investors may be familiar, such as Indian GAAP, IFRS and U.S. GAAP. Accordingly, the degree to which the Restated Financial Information included in this Draft Red Herring Prospectus will provide meaningful information is entirely dependent on the reader’s level of familiarity with Ind AS. Persons not familiar with Ind AS should limit their reliance on the financial disclosures presented in this Draft Red Herring Prospectus."
zomato,46,"Our business and activities may be regulated by the Competition Act, 2002 and proceedings may be enforced against us. The Competition Act seeks to prevent business practices that have an appreciable adverse effect on competition in the relevant market in India. Under the Competition Act, any arrangement, understanding or action in concert between enterprises, whether formal or informal, which causes or is likely to cause an appreciable adverse effect on competition in India is void and attracts substantial monetary penalties. Further, any agreement among competitors which directly or indirectly involves the determination of purchase or sale prices, limits or controls production, supply, markets, technical development, investment or provision of services, shares the market or source of production or provision of services in any manner by way of allocation of geographical area, type of goods or services or number of customers in the relevant market or in any other similar way or directly or indirectly results in bid-rigging or collusive bidding is presumed to have an appreciable adverse effect on competition. The Competition Act also prohibits abuse of a dominant position by any enterprise. If it is proved that the contravention committed by a company took place with the consent or connivance or is attributable to any neglect on the part of, any director, manager, secretary or other officer of such company, that person shall be also guilty of the contravention and may be punished. On March 4, 2011, the GoI notified and brought into force the combination regulation (merger control) provisions under the Competition Act with effect from June 1, 2011. These provisions require acquisitions of shares, voting rights, assets or control or mergers or amalgamations that cross the prescribed asset and turnover based thresholds to be mandatorily notified to, and pre-approved by, the Competition Commission of India, or CCI. Additionally, on May 11, 2011, the CCI issued the Competition Commission of India (Procedure in regard to the transaction of business relating to combinations) Regulations, 2011, as amended, which sets out the mechanism for implementation of the merger control regime in India. The Competition Act aims to, among other things, prohibit all agreements and transactions, including agreements between vertical trading partners i.e. entities at different stages or levels of the production chain in different markets, which may have an appreciable adverse effect on competition in India. Consequently, all agreements entered into by us could be within the purview of the Competition Act. Further, the CCI has extra-territorial powers and can investigate any agreements, abusive conduct or combination occurring outside of India if such agreement, conduct or combination has an appreciable adverse effect on competition in India. However, the effect of the provisions of the Competition Act on the agreements entered into by us cannot be predicted with certainty at this stage. We may also be subject to queries from the CCI pursuant to complaints by customers or any third persons, which could be made without any or adequate basis given our market presence. For instance, we have recently received a request for information from the CCI including details of an information dated December 22, 2020 filed by an individual, pursuant to concerns raised by the individual primarily on account of certain orders not fulfilled to his satisfaction, in relation our policies, charges etc. on account of our alleged dominance. For further details, see “Outstanding Litigation and Material Developments – Litigation involving our Company - Others” on page 328. Further, our Company has received a show cause notice from the CCI on December 21, 2020 in relation to the Uber Eats India Assets Acquisition. In the notice, the CCI has called upon our Company to explain why the Uber Eats India Assets Acquisition was not notified to the CCI for its review and approval under Section 6(2) and other approval provisions of the Competition Act and merger regulations framed thereunder. For further details, please see “Outstanding Litigation and Material Developments – Litigation against our Company - Outstanding actions initiated by regulatory and statutory authorities” on page 327. While our Company has responded to the show cause notice on February 5, 2021, there can be no assurance that the CCI will accede to our submissions or will not pass any adverse order against our Company, including imposition of a penalty of up to the maximum prescribed amount under Section 43A of the Competition Act, being up to 1% of the assets or turnover, of the combined entity, whichever is higher, and / or require requisite filings to be made with the CCI in relation to the Uber Eats India Assets Acquisition, which may adversely affect our Company’s business and reputation."
zomato,47,"Our ability to raise foreign capital may be constrained by Indian law. Under foreign exchange regulations currently in force in India, transfer of shares between non-residents and residents are freely permitted (subject to certain exceptions), if they comply with the valuation and reporting requirements specified by the RBI. If a transfer of shares is not in compliance with such requirements and fall under any of the exceptions specified by the RBI, then the RBI’s prior approval is required. Additionally, shareholders who seek to convert Rupee proceeds from a sale of shares in India into foreign currency and repatriate that foreign currency from India require a no-objection or a tax clearance certificate from the Indian income tax authorities. We cannot assure you that any required approval from the RBI or any other governmental agency can be obtained on any particular terms, or at all. In terms of Press Note 3 of 2020, dated April 17, 2020, issued by the Department for Promotion of Industry and Internal Trade (“DPIIT”), the foreign direct investment policy has been recently amended to state that all investments under the foreign direct investment route by entities of a country which shares land border with India or where the beneficial owner of an investment into India is situated in or is a citizen of any such country will require prior approval of the GoI. Further, in the event of transfer of ownership of any existing or future foreign direct investment in an entity in India, directly or indirectly, resulting in the beneficial ownership falling within the aforesaid restriction/ purview, such subsequent change in the beneficial ownership will also require approval of the GoI. Furthermore, on April 22, 2020, the Ministry of Finance, GoI has also made similar amendment to the FEMA Rules. While the term “beneficial owner” is defined under the Prevention of Money-Laundering (Maintenance of Records) Rules, 2005 and the General Financial Rules, 2017, neither the foreign direct investment policy nor the FEMA Rules provide a definition of the term “beneficial owner”. The interpretation of “beneficial owner” and enforcement of this regulatory change involves certain uncertainties, which may have an adverse effect on our ability to raise foreign capital. Further, there is uncertainty regarding the timeline within which the said approval from the GoI may be obtained, if at all."
zomato,48,"We are, and after the Offer will remain, a “foreign owned and controlled” company in accordance with the Consolidated FDI Policy and FEMA Rules and accordingly, we shall be subject to Indian foreign investment laws In accordance with the provisions of the Consolidated FDI Policy and FEMA Rules, our Company is a foreign owned and controlled company. As a foreign owned and controlled company, our Company is subject to various requirements under the Consolidated FDI Policy and other Indian foreign investment laws. Such requirements include restriction on undertaking certain business activities without prior Government approval or at all, and pricing guidelines applicable to issue or transfer of our Equity Shares. While we believe that our business activities have been, and continue to remain, compliant with the requirements under the Consolidated FDI Policy and other Indian foreign investment laws, we cannot assure you that the Government, or a regulatory or judicial authority, will not take a different interpretation. A determination by the Government, or a regulatory or judicial authority, that any of our business activities are being, or have been, conducted in violation of the Consolidated FDI Policy and other applicable Indian foreign investment laws, would attract regulatory sanctions, including monetary penalties. In such an event, we may also have to cease undertaking the relevant business activities. Further, till the time we continue to be a foreign owned and controlled company, we may not be able to undertake certain commercially attractive business activities or investments without prior approval of the Government or at all. Risks Related to the Offer"
zomato,49,"Our Company is a professionally managed company and does not have an identifiable promoter in terms of the SEBI ICDR Regulations and the Companies Act, 2013. Our Company is a professionally managed company and does not have an identifiable promoter in terms of the SEBI ICDR Regulations and the Companies Act 2013. Accordingly, in terms of Regulation 14(1) of the SEBI ICDR Regulations, there is no requirement of minimum promoter’s contribution in this Offer and accordingly, none of the Equity Shares will be locked in for a period of three years pursuant to the Offer. In terms of Regulations 17 of the SEBI ICDR Regulations, the entire pre-Offer equity share capital will be locked-in for a period of one year from the date of Allotment, other than (a) Equity Shares which are successfully transferred as part of the Offer for Sale; and (b) any Equity Shares allotted to employees, whether currently an employee or not, pursuant to the ESOP 2014, ESOP 2018 and ESOP 2021 prior to the Offer. Following the lock-in period of one year, the pre-Offer shareholders, may sell their shareholding in our Company, depending on market conditions and their investment horizon. Further, any perception by investors that such sales might occur could additionally affect the trading price of the Equity Shares."
zomato,50,"Our funding requirements and the proposed deployment of Net Proceeds have not been appraised by any bank or financial institution or any other independent agency and our management will have broad discretion over the use of the Net Proceeds. We intend to utilise the Net Proceeds of the Offer as set forth in “Objects of the Offer” beginning on page 107. The funding requirements mentioned as a part of the objects of the Offer are based on internal management estimates in view of past expenditures, and have not been appraised by any bank or financial institution. This is based on current conditions and is subject to change in light of changes in external circumstances, costs, other financial conditions or business strategies. Various risks and uncertainties, including those set forth in this section, may limit or delay our efforts to use the Net Proceeds to achieve profitable growth in our business. For example, our organic growth and expansion plans could be delayed due to failure to receive regulatory approvals, technical difficulties, human resource, technological or other resource constraints, or for other unforeseen reasons, events or circumstances. We may also use funds for future businesses which may have risks significantly different from what we currently face or may expect. Further, we may not be able to attract personnel with sufficient skills or sufficiently train our personnel to manage our expansion plans. Accordingly, use of the Net Proceeds for other purposes identified by our management may not result in actual growth of our business, increased profitability or an increase in the value of our business and your investment."
zomato,51,"In the event that our Net Proceeds to be utilised towards inorganic growth initiatives are insufficient for the cost of our proposed inorganic acquisition, we may have to seek alternative forms of funding. We propose to utilize the Net Proceeds towards inorganic growth initiatives, as set forth in the “Objects of the Offer” beginning on page 107.We will from time to time continue to seek attractive inorganic opportunities that will fit well with our strategic business objectives and growth strategies, and the amount of Net Proceeds to be used for acquisitions will be based on our management’s decision. The amounts deployed towards such initiatives may not be the total value or cost of such acquisitions or investments, resulting in a shortfall in raising requisite capital from the Net Proceeds towards such acquisitions or investments. Consequently, we may be required to explore a range of options to raise requisite capital, including utilising our internal accruals and/or seeking debt, including from third party lenders or institutions."
zomato,52,"We cannot assure payment of dividends on the Equity Shares in the future. Our Company does not have a formal dividend policy as on the date of this Draft Red Herring Prospectus. Further, our Company has not declared dividends on the Equity Shares during the current Fiscal and the last three Fiscals. Our ability to pay dividends in the future will depend upon our future results of operations, financial condition, cash flows, sufficient profitability, working capital requirements and capital expenditure requirements and other factors considered relevant by our directors and shareholders. Our ability to pay dividends may also be restricted under certain financing arrangements that we may enter into. We cannot assure you that we will be able to pay dividends on the Equity Shares at any point in the future. For details pertaining to dividend declared by us in the past, see “Dividend Policy” beginning on page 200."
zomato,53,"Our Equity Shares have never been publicly traded, and after the Offer, the Equity Shares may experience price and volume fluctuations, and an active trading market for the Equity Shares may not develop. Further, the Offer Price may not be indicative of the market price of the Equity Shares after the Offer. Prior to the Offer, there has been no public market for the Equity Shares, and an active trading market on the Stock Exchanges may not develop or be sustained after the Offer. Listing and quotation does not guarantee that a market for the Equity Shares will develop, or if developed, the liquidity of such market for the Equity Shares. The Offer Price of the Equity Shares is proposed to be determined through a book-building process and may not be indicative of the market price of the Equity Shares at the time of commencement of trading of the Equity Shares or at any time thereafter. The market price of the Equity Shares may be subject to significant fluctuations in response to, among other factors, variations in our operating results of our Company, market conditions specific to the industry we operate in, developments relating to India, volatility in securities markets in jurisdictions other than India, variations in the growth rate of financial indicators, variations in revenue or earnings estimates by research publications, and changes in economic, legal and other regulatory factors. Consequently, the price of our Equity Shares may be volatile, and you may be unable to resell your Equity Shares at or above the Offer Price, or at all. There has been significant volatility in the Indian stock markets in the recent past, and our Equity Share price could fluctuate significantly because of market volatility. A decrease in the market price of our Equity Shares could cause investors to lose some or all of their investment."
zomato,54,"The determination of the Price Band is based on various factors and assumptions and the Offer Price of the Equity Shares may not be indicative of the market price of the Equity Shares after the Offer. Further, the current market price of some securities listed pursuant to certain previous issues managed by the Managers is below their respective issue prices. The determination of the Price Band is based on various factors and assumptions, and will be determined by our Company in consultation with the Selling Shareholder and the Managers. Furthermore, the Offer Price of the Equity Shares will be determined by our Company in consultation with the Selling Shareholder and the Managers through the Book Building Process. These will be based on numerous factors, including factors as described under “Basis for Offer Price” beginning on page 113 and may not be indicative of the market price for the Equity Shares after the Offer. In addition to the above, the current market price of securities listed pursuant to certain previous initial public offerings managed by the Managers is below their respective issue price. For further details, see “Other Regulatory and Statutory Disclosures – Price information of past issues handled by the Managers” on pages 352 to 357. The factors that could affect the market price of the Equity Shares include, among others, broad market trends, financial performance and results of our Company post-listing, and other factors beyond our control. We cannot assure you that an active market will develop or sustained trading will take place in the Equity Shares or provide any assurance regarding the price at which the Equity Shares will be traded after listing."
zomato,55,"Investors may be subject to Indian taxes arising out of income arising on the sale of and dividend on the Equity Shares. Under current Indian tax laws, unless specifically exempted, capital gains arising from the sale of equity shares held as investments in an Indian company are generally taxable in India. Any capital gain realized on the sale of listed equity shares on a Stock Exchange held for more than 12 months immediately preceding the date of transfer will be subject to long term capital gains in India at the specified rates depending on certain factors, such as whether the sale is undertaken on or off the Stock Exchanges, the quantum of gains and any available treaty relief. Accordingly, you may be subject to payment of long term capital gains tax in India, in addition to payment of Securities Transaction Tax (“STT”), on the sale of any Equity Shares held for more than 12 months immediately preceding the date of transfer. STT will be levied on and collected by a domestic stock exchange on which the Equity Shares are sold. Further, any capital gains realized on the sale of listed equity shares held for a period of 12 months or less immediately preceding the date of transfer will be subject to short term capital gains tax in India. Capital gains arising from the sale of the Equity Shares will not be chargeable to tax in India in cases where relief from such taxation in India is provided under a treaty between India and the country of which the seller is resident and the seller is entitled to avail benefits thereunder, subject to certain conditions. Generally, Indian tax treaties do not limit India’s ability to impose tax on capital gains. As a result, residents of other countries may be liable for tax in India as well as in their own jurisdiction on a gain upon the sale of the Equity Shares. Similarly, any business income realized from the transfer of Equity Shares held as trading assets is taxable at the applicable tax rates subject to any treaty relief, if applicable, to a non-resident seller. Additionally, in terms of the Finance Act, 2018, which has been notified on March 29, 2018 with effect from April 1, 2018, the tax payable by an assessee on the capital gains arising from transfer of long term capital asset (introduced as section 112A of the Income- Tax Act, 1961) shall be calculated on such long-term capital gains at the rate of 10%, where the long-term capital gains exceed ₹100,000, subject to certain exceptions in case of a resident individuals and HUF. Further, the Finance Act, 2019 has made various amendments in the taxation laws and has also clarified that, in the absence of a specific provision under an agreement, the liability to pay stamp duty in case of sale of securities through stock exchanges will be on the buyer, while in other cases of transfer for consideration through a depository, the onus will be on the transferor. The stamp duty for transfer of securities other than debentures, on a delivery basis is specified at 0.015% and on a non -delivery basis is specified at 0.003% of the consideration amount. These amendments have come into effect from July 1, 2020. Additionally, the Finance Act does not require DDT to be payable in respect of dividends declared, distributed or paid by a domestic company after March 31, 2020, and accordingly, such dividends would not be exempt in the hands of the shareholders, both resident as well as non-resident. The Company may or may not grant the benefit of a tax treaty (where applicable) to a non-resident shareholder for the purposes of deducting tax at source pursuant to any corporate action including dividends."
zomato,56,"QIBs and Non-Institutional Investors are not permitted to withdraw or lower their Bids (in terms of quantity of Equity Shares or the Bid Amount) at any stage after submitting a Bid, and Retail Individual Investors are not permitted to withdraw their Bids after Bid/Offer Closing Date. Pursuant to the SEBI ICDR Regulations, QIBs and Non-Institutional Investors are required to pay the Bid Amount on submission of the Bid and are not permitted to withdraw or lower their Bids (in terms of quantity of Equity Shares or the Bid Amount) at any stage after submitting a Bid. Retail Individual Investors can revise their Bids during the Bid/Offer Period and withdraw their Bids until Bid/Offer Closing Date. While our Company is required to complete all necessary formalities for listing and commencement of trading of the Equity Shares on all Stock Exchanges where such Equity Shares are proposed to be listed including Allotment pursuant to the Offer within six Working Days from the Bid/Offer Closing Date, events affecting the Bidders’ decision to invest in the Equity Shares, including material adverse changes in international or national monetary policy, financial, political or economic conditions, our business, results of operation or financial condition may arise between the date of submission of the Bid and Allotment. Our Company may complete the Allotment of the Equity Shares even if such events occur, and such events limit the Bidders’ ability to sell the Equity Shares Allotted pursuant to the Offer or cause the trading price of the Equity Shares to decline on listing."
zomato,57,"There is no guarantee that our Equity Shares will be listed on the BSE and NSE in a timely manner or at all. In accordance with Indian law and practice, permission for listing and trading of our Equity Shares will not be granted until after certain actions have been completed in relation to this Offer and until Allotment of Equity Shares pursuant to this Offer. In accordance with current regulations and circulars issued by SEBI, our Equity Shares are required to be listed on the BSE and NSE within such time as mandated under UPI Circulars, subject to any change in the prescribed timeline in this regard. However, we cannot assure you that the trading in our Equity Shares will commence in a timely manner or at all. Any failure or delay in obtaining final listing and trading approvals may restrict your ability to dispose of your Equity Shares."
zomato,58,"The Offer Price of the Equity Shares may not be indicative of the market price of the Equity Shares after the Offer. The initial public offering price will be determined by the Book Building Process and may not be indicative of prices that will prevail in the open market following the Offer. The market price of the Equity Shares may be influenced by many factors, some of which are beyond our control, including: ● the failure of security analysts to cover the Equity Shares after this Offer, or changes in the estimates of our performance by analysts; ● the activities of competitors and suppliers; ● future sales of the Equity Shares by our Company or our shareholders; ● investor perception of us and the industry in which we operate; ● our quarterly or annual earnings or those of our competitors; ● developments affecting fiscal, industrial or environmental regulations; ● the public’s reaction to our press releases and adverse media reports; and ● general economic conditions. As a result of these factors, investors may not be able to resell their Equity Shares at or above the initial public offering price. In addition, the stock market often experiences price and volume fluctuations that are unrelated or disproportionate to the operating performance of a particular company. These broad market fluctuations and industry factors may materially reduce the market price of the Equity Shares, regardless of our Company’s performance. There can be no assurance that the investor will be able to resell their Equity Shares at or above the Offer Price."
zomato,59,"Investors may have difficulty enforcing foreign judgments against our Company or our management. Our Company is a limited liability company incorporated under the laws of India. The majority of our directors and executive officers are residents of India. A substantial portion of our Company’s assets and the assets of our Directors and executive officers resident in India are located in India. As a result, it may be difficult for investors to effect service of process upon us or such persons outside India or to enforce judgments obtained against our Company or such parties outside India. Recognition and enforcement of foreign judgments is provided for under Section 13 of the Code of Civil Procedure, 1908 (“CPC”), on a statutory basis. Section 13 of the CPC provides that foreign judgments shall be conclusive regarding any matter directly adjudicated upon, except: (i) where the judgment has not been pronounced by a court of competent jurisdiction; (ii) where the judgment has not been given on the merits of the case; (iii) where it appears on the face of the proceedings that the judgment is founded on an incorrect view of international law or a refusal to recognize the law of India in cases to which such law is applicable; (iv) where the proceedings in which the judgment was obtained were opposed to natural justice; (v) where the judgment has been obtained by fraud; and (vi) where the judgment sustains a claim founded on a breach of any law then in force in India. Under the CPC, a court in India shall, upon the production of any document purporting to be a certified copy of a foreign judgment, presume that the judgment was pronounced by a court of competent jurisdiction, unless the contrary appears on record. However, under the CPC, such presumption may be displaced by proving that the court did not have jurisdiction. India is not a party to any international treaty in relation to the recognition or enforcement of foreign judgments. Section 44A of the CPC provides that where a foreign judgment has been rendered by a superior court, within the meaning of that Section, in any country or territory outside of India which the GoI has by notification declared to be in a reciprocating territory, it may be enforced in India by proceedings in execution as if the judgment had been rendered by the relevant court in India. However, Section 44A of the CPC is applicable only to monetary decrees not being of the same nature as amounts payable in respect of taxes, other charges of a like nature or of a fine or other penalties. Some jurisdictions including the United Kingdom, United Arab Emirates, Singapore and Hong Kong have been declared by the GoI to be reciprocating countries for the purposes of Section 44A of the CPC. The United States and India do not currently have a treaty providing for reciprocal recognition and enforcement of judgments, other than arbitration awards, in civil and commercial matters. Therefore, a final judgment for the payment of money rendered by any federal or state court in the United States on civil liability, whether or not predicated solely upon the federal securities laws of the United States, would not be enforceable in India. However, the party in whose favor such final judgment is rendered may bring a new suit in a competent court in India based on a final judgment that has been obtained in the United States. The suit must be brought in India within three years from the date of the judgment in the same manner as any other suit filed to enforce a civil liability in India. Further, there may be considerable delays in the disposal of suits by Indian courts. It is unlikely that a court in India would award damages on the same basis as a foreign court if an action were brought in India. Furthermore, it is unlikely that an Indian court would enforce a foreign judgment if that court were of the view that the amount of damages awarded was excessive or inconsistent with public policy or Indian law. It is uncertain as to whether an Indian court would enforce foreign judgments that would contravene or violate Indian law. However, a party seeking to enforce a foreign judgment in India is required to obtain approval from the RBI under the FEMA to execute such a judgment or to repatriate any amount recovered."
zomato,60,"The requirements of being a listed company may strain our resources. We are not a listed company and have historically not been subjected to the compliance requirements and increased scrutiny of our affairs by shareholders, regulators and the public at large associated with being a listed company. As a listed company, we will incur significant legal, accounting, corporate governance and other expenses that we did not incur as an unlisted company. We will be subject to the SEBI Listing Regulations which will require us to file audited annual and unaudited quarterly reports with respect to our business and financial condition. If we experience any delays, we may fail to satisfy our reporting obligations and/or we may not be able to readily determine and accordingly report any changes in our results of operations or cash flows as promptly as other listed companies. Further, as a listed company, we will be required to maintain and improve the effectiveness of our disclosure controls and procedures and internal control over financial reporting, including keeping adequate records of daily transactions. In order to maintain and improve the effectiveness of our disclosure controls and procedures and internal control over financial reporting, significant resources and management attention will be required. As a result, our management’s attention may be diverted from our business concerns, which may adversely affect our business, prospects, financial condition, results of operations and cash flows. In addition, we may need to hire additional legal and accounting staff with appropriate experience and technical accounting knowledge, but we cannot assure you that we will be able to do so in a timely and efficient manner."
zomato,61,"Holders of Equity Shares could be restricted in their ability to exercise pre-emptive rights under Indian law and could thereby suffer future dilution of their ownership position. Under the Companies Act, a company having share capital and incorporated in India must offer holders of its Equity Shares pre-emptive rights to subscribe and pay for a proportionate number of Equity Shares to maintain their existing ownership percentages prior to the issuance of any new equity shares, unless the pre-emptive rights have been waived by the adoption of a special resolution by holders of three-fourths of the Equity Shares who have voted on such resolution. However, if the laws of the jurisdiction that you are in does not permit the exercise of such pre-emptive rights without us filing an offering document or registration statement with the applicable authority in such jurisdiction, you will be unable to exercise such pre-emptive rights unless we make such a filing. We may elect not to file a registration statement in relation to pre-emptive rights otherwise available by Indian law to you. To the extent that you are unable to exercise pre-emptive rights granted in respect of the Equity Shares, you may suffer future dilution of your ownership position and your proportional interests in us would be reduced."
zomato,62,"Any future issuance of Equity Shares or convertible securities or other equity linked securities by our Company may dilute your shareholding and sales of the Equity Shares by our major shareholders may adversely affect the trading price of the Equity Shares. Any future equity issuances by us, including a primary offering, may lead to the dilution of investors’ shareholdings in us. Any disposal of Equity Shares by our major shareholders or the perception that such issuance or sales may occur, including to comply with the minimum public shareholding norms applicable to listed companies in India may adversely affect the trading price of the Equity Shares, which may lead to other adverse consequences including difficulty in raising capital through offering of the Equity Shares or incurring additional debt. There can be no assurance that we will not issue further Equity Shares or that the shareholders will not dispose of the Equity Shares. Any future issuances could also dilute the value of your investment in the Equity Shares. In addition, any perception by investors that such issuances or sales might occur may also affect the market price of the Equity Shares."
zomato,63,"A third party could be prevented from acquiring control of our Company because of anti-takeover provisions under Indian law. There are provisions in Indian law that may delay, deter or prevent a future takeover or change in control of our Company, even if a change in control would result in the purchase of your Equity Shares at a premium to the market price or would otherwise be beneficial to you. Such provisions may discourage or prevent certain types of transactions involving actual or threatened change in control of our Company. Under the Takeover Regulations, an acquirer has been defined as any person who, directly or indirectly, acquires or agrees to acquire shares or voting rights or control over a company, whether individually or acting in concert with others. Although these provisions have been formulated to ensure that interests of investors/shareholders are protected, these provisions may also discourage a third party from attempting to take control of our Company. Consequently, even if a potential takeover of our Company would result in the purchase of the Equity Shares at a premium to their market price or would otherwise be beneficial to its stakeholders, it is possible that such a takeover would not be attempted or consummated because of the SEBI Takeover Regulations."
zomato,64,"Rights of shareholders of companies under Indian law may be more limited than under the laws of other jurisdictions. Our Articles of Association, composition of our Board, Indian laws governing our corporate affairs, the validity of corporate procedures, directors’ fiduciary duties, responsibilities and liabilities, and shareholders’ rights may differ from those that would apply to a company in another jurisdiction. Shareholders’ rights under Indian law may not be as extensive and widespread as shareholders’ rights under the laws of other countries or jurisdictions. Investors may face challenges in asserting their rights as shareholder in an Indian company than as shareholders of an entity in another jurisdiction."
